place_id,name,slug,address,neighborhood,city,state,postal_code,country,lat,lng,phone,website,google_maps_url,rating,review_count,price_level,price_min,price_max,business_status,hours,types,photos,has_accessibility,has_parking,accepts_credit_cards,data_quality_score,scraped_at
ChIJQ3hDkjr_0YURlrjVG1S686A,MindBody Pilates Studio CORDOBA,mindbody-pilates-studio-cordoba,"Córdoba 97A, Roma Nte., Cuauhtémoc, 06700 Ciudad de México, CDMX, México",,Ciudad de México,Ciudad de México,,México,19.418872999999998,-99.15873069999999,55 7321 6082,https://www.mindbody.mx/,https://maps.google.com/?cid=11597818335816169622&g_mp=Cidnb29nbGUubWFwcy5wbGFjZXMudjEuUGxhY2VzLlNlYXJjaFRleHQQAhgEIAA,4.7,216,,,,OPERATIONAL,domingo: 9:00 a.m. – 1:00 p.m. | lunes: 6:00 a.m. – 9:00 p.m. | martes: 6:00 a.m. – 9:00 p.m. | miércoles: 6:00 a.m. – 9:00 p.m. | jueves: 6:00 a.m. – 9:00 p.m. | viernes: 6:00 a.m. – 9:00 p.m. | sábado: 9:00 a.m. – 2:00 p.m.,"gym, health, sports_complex, sports_activity_location, point_of_interest, establishment","[""https://places.googleapis.com/v1/places/places/ChIJQ3hDkjr_0YURlrjVG1S686A/photos/AciIO2czvvooU8ftud0HOjGGdg70VHj1zfWbOb3VCZjct5OOLapX3QVNjPqZHLZ_9xRHt_6x5htV0EBlyPUxoUx2Z8lDlfiHjNr9LwxzRZRc-Pt29URubxpaqGA9tUt_TAs-d_ikm0KyaS7rSYF4KvcDCw190LPkuOjmGzhMjIOQy2sgxU6W9VU63iVpD-ywOs-1jN016ZqdN2DU4RcShJCCAVMjAhqxGqVI0nWuLBeRQMz5LHm3-tn93G0qGk2b4oTFMGN5RPnmoBOCoOWv6z29MAPK05PwwPnGh87xm9hUJK3dXA/media?maxWidthPx=400&maxHeightPx=400&key=AIzaSyCz0w_6ziQlJVYzINlEK2bj_7YAIKLtE0c"",""https://places.googleapis.com/v1/places/places/ChIJQ3hDkjr_0YURlrjVG1S686A/photos/AciIO2fMFj_QasHgyF1YbazWiXycXuqf7dR0Y5y-Lzy_Ij-3_PFs1RWCfOxUvlGxVCvNZCt03W38Ud18FBvSfMcDqM7eIfGhlpxMMHCS9iTBmr2OcURqMab1mnubXevzQQcEIFAIPdIMx-D_ATw72DdSpghpYScIQrvPEJBu-qGDV5B_A95xhBUDOXoCD0tuBk0RqQAqBoi57Qqhsfg98CRJYP6aOOnpV5bh9m3sjAiW2RxwImAUWg0L7UcugSfLTcoZs9WvSZ-ZM7DrADiwnvYCgYcW_d_ndqZLL8-JBRvlKXtmPw/media?maxWidthPx=400&maxHeightPx=400&key=AIzaSyCz0w_6ziQlJVYzINlEK2bj_7YAIKLtE0c"",""https://places.googleapis.com/v1/places/places/ChIJQ3hDkjr_0YURlrjVG1S686A/photos/AciIO2dMudfpA4_mkQXYZz1yc77R9ilKwSZlPFV4bKlaO_d90hKsKktgHcCPFZT49Wz3peN_LGTdctr1MLy63yCzcXp7VVU1xiyVVYu1lhgQQVhNfJK9oCmeQPitapM-ba0fxRdZvX7-Z_TmiODurs0OmspRf5w3eEOtk0RIAIDxTQwR2FyzhxwLuiYzTzJc2NAgOvKFqCpEIe6Tbk1rtIAqocl7_QSA9jCQpAJcVlUrCZuL12o1lGhBTNtyJ0zqPS0evHd7clagZcgIH_0p8tFu3UYaR74fn91v4Mk_6GIAfx42RQ/media?maxWidthPx=400&maxHeightPx=400&key=AIzaSyCz0w_6ziQlJVYzINlEK2bj_7YAIKLtE0c"",""https://places.googleapis.com/v1/places/places/ChIJQ3hDkjr_0YURlrjVG1S686A/photos/AciIO2c3dQ1cndMuMiEX5NbwkNU5Xvqs8pEww72lBkh-60Orb__hgTzRRwEU9yBnX3emerhV8KAO_j2uM2zVAJkOwlXYfymuZBnL5OVQG0PMyBlTQIKj75HIbAqBI-9WDxumBfuHwyA76nk24ETTuUe9L4sV7FkSEbUOeTSIi8AALhu7BuqGMDJHt-S0wTGaZW7xl1XSJBwcn6EQDs0Ihi68e0uDzyuifRcv513pjhWzAnMekB3V9lFxfgdReToMpFHVdk3T_BODgKGmMnwwMPix5iDvz7HDvdCvI8zBoGwv7BRnNw/media?maxWidthPx=400&maxHeightPx=400&key=AIzaSyCz0w_6ziQlJVYzINlEK2bj_7YAIKLtE0c"",""https://places.googleapis.com/v1/places/places/ChIJQ3hDkjr_0YURlrjVG1S686A/photos/AciIO2fTofPgauyt5BofV-m13wswU-95WM0lyuKuBcyEPxP5oKocYH0gV54CkRbZCKMt3nstlqn6Np7LiaEIPn60Ags2e0EjLjtHBZaZ5WSqg8NQqHN5mew-vFBMFXZlG8T5eTWzr6oMljdqNIS2aYvKKfl89QCiWLKw_CJiBpnpobYymHFgfVyJCF0nRgn1n1D2hLb1KK-3guPTHMhYm6jGsNvjaDSRFhDqafHwKKKsVKg7KOs3jUmyV0379_tK3zdTHNGMJG-L9X0sTBa1tcIW04NZa5tPynPeunCQwf3YJhaXmQ/media?maxWidthPx=400&maxHeightPx=400&key=AIzaSyCz0w_6ziQlJVYzINlEK2bj_7YAIKLtE0c""]",,,,85,2025-09-30T19:53:03.835Z
ChIJDwQaFgD50YURJQ7sqSd-zpM,Pilates Reformer Xedra,pilates-reformer-xedra,"C. Dr. Enrique González Martínez 5, Sta María la Ribera, Cuauhtémoc, 06400 Ciudad de México, CDMX, México",,Ciudad de México,Ciudad de México,,México,19.440688599999998,-99.15665919999999,55 3696 3551,,https://maps.google.com/?cid=10650588877597445669&g_mp=Cidnb29nbGUubWFwcy5wbGFjZXMudjEuUGxhY2VzLlNlYXJjaFRleHQQAhgEIAA,4.9,15,,,,OPERATIONAL,domingo: Cerrado | lunes: 7:00 a.m. – 9:00 p.m. | martes: 7:00 a.m. – 9:00 p.m. | miércoles: 7:00 a.m. – 9:00 p.m. | jueves: 7:00 a.m. – 9:00 p.m. | viernes: 7:00 a.m. – 9:00 p.m. | sábado: 10:00 a.m. – 1:00 p.m.,"gym, health, sports_activity_location, point_of_interest, establishment","[""https://places.googleapis.com/v1/places/places/ChIJDwQaFgD50YURJQ7sqSd-zpM/photos/AciIO2d1Plmv6zyQkbeeWY9yOOfttbi64JDhRZG1iqKPn0K--7NrnKd3dvwXYBBYS6cdntHqf5Usudx9ucM3zu_gUUSBg0WZ7q7RPqTd9wOps0EIz3t23ioMrzvaIuqh_zXuBf0uydfCulTLimWMeXNX46LWCR0Se9r4sndjx-rVvHSlgWgkKhnOeTBXSC5rdEAlZA4ta-eMKPYgxw1MsB9oaeTrajWV5joxSQgpFZUFrJcu2_AhvM9VjkO8Z7_98_rjr6xyTHvZXngUqoF-T-Pcd4uuApwwsvXryL0-F4t3EdIo5tltSNSgYi8YUeMgEAJhU0n2YAu72sBSB7nqVsRQ-H84mHOEiDeiUDPCMYGLbqA9Gw-DnF8Clwre24SbAQirZLLEK065C-cD9D38RaccSA-9tDXgTHOmDTr5Cw0Yn-g406CKJ9sIqtVSlfNxiw98/media?maxWidthPx=400&maxHeightPx=400&key=AIzaSyCz0w_6ziQlJVYzINlEK2bj_7YAIKLtE0c"",""https://places.googleapis.com/v1/places/places/ChIJDwQaFgD50YURJQ7sqSd-zpM/photos/AciIO2fKjwWr6ytyWdJlsBHPnHhUUg7IgJkvN3w1BHQqUaSAKra6a2AiicAvr83JofzHtnZWU6CWA7qpGesv6MJ4m1QZ9OVbq57G0L4K6Z-Iao4tzJHw9ej4gCh35V6OteHPqe1qfhYlEhKsDFgfFO2s0x7rl7f81p9eug8CDqZlVnEzsYPcfOVA7p6qaY47wt0u4M718ymK1gCR4xrHtfGqQp590-AXdyR4ynBqVbbKgjK3kn0Seiyl39CyCRVCzoQy3rXuzFDE3wmEdLrCpSviWlPh7Rc_APCBJEF5c9IPTApNTzJQDguxpWuSMjxdraVLXDRthc0dYs65kGNljW_cGJAO994b6vLZmEZwiUCTrXzUkNsk4AXcEjm_aVnrQOlp2qET9igpAnja_AiIT-CjyKhKM2sLoTEkmrIKroUgKr1BcNBNbNzR_Pmtkid1U9MF/media?maxWidthPx=400&maxHeightPx=400&key=AIzaSyCz0w_6ziQlJVYzINlEK2bj_7YAIKLtE0c"",""https://places.googleapis.com/v1/places/places/ChIJDwQaFgD50YURJQ7sqSd-zpM/photos/AciIO2eC83tvAD_p--iWNGG0Iq8I3HHDtfaiDzyU9DadMFYpPnkB90q9i7vy2ltWM3e9o_fBgJiCynNsuk_ScYZ--LEfINpAh_U5TSfClli7IdQMOt4fzK_M5i5bDm8puvVSaujc3j5e2cUq3nugx5ToalxX1S88bQwYlU0lpBpIWroeH2vwOLtmJopDbwzkVwWNjhzHJcHjOIU2PcR-ntpN5et1Rm9LUNXp1v7ricnK4CJOAu4VHj2wHHsyWBMHZTKhknVlRsiQuM1Qy1kMa4NLeD4MNMvsFytvk9U0mK2Z_zJBJDFgoWmhhDyOgbujQpmPhlbZMcCUNSIbczBE442fKVvayTmsOybhYgqDDrD387Tof0etFqtXT5ZwnuoRmzs6eNy5YMkiCOPQGSjjR800msLRg1gEDRt1oFeztHCXKZDjaDMfE0QC4pJgdYhQxg/media?maxWidthPx=400&maxHeightPx=400&key=AIzaSyCz0w_6ziQlJVYzINlEK2bj_7YAIKLtE0c"",""https://places.googleapis.com/v1/places/places/ChIJDwQaFgD50YURJQ7sqSd-zpM/photos/AciIO2eq24DdnmWyZaqMHYRGrXJCw5wIP6FcNpQWUuU7l-kUh0GDUA8CW_SzegXJc52w2OjKp_ZjEvQ5QCiQn8qaO6ZVyJC92hBy2_PVRWYca5_sDt9L06jXPDhIcOwaSOIOt-RKef2T1ItQR9c51cE5bt7IxYVbVuk7Hm5IW_vNRE8fqjA-3JrXB7JUZKG1EVaH60Dpmfr919OSsJY6_-pZzXe3vl8VYsCM89vx1uCPUBVOFejSE6k7cAusAt5t7jlLCtstQN5_J-E7awHAJg5UymCIuK28RhW8fmv7eceX1IiuwzDfIElacM-GQV5wZAOEPA1LbZex6NlVw8wRVLRsoJS0KG1c43G67SnlZwn6_X-Mr-leGe0tow9W7wjxFQgrAySvoPdJmjQ78LfZbOpZoiOmw17oaezcKACa8UaAFdY_5Qq2JBmpZZNluGoLT_Fk/media?maxWidthPx=400&maxHeightPx=400&key=AIzaSyCz0w_6ziQlJVYzINlEK2bj_7YAIKLtE0c"",""https://places.googleapis.com/v1/places/places/ChIJDwQaFgD50YURJQ7sqSd-zpM/photos/AciIO2fqfNU30-peCj58eLfr0p17MwLuAdVwFGz9KBVFwjLXXJrX7oCPBtmnUjJGogzXAf2UT9V7pcvnYI0E929xeygSpkeyjr1XKSXxB1Msl-f6R5LnNIIFo_CZDdJAGhkmsvfx5uIFGGW4mRtk6SxmS9eJLcY6Uvsg6JDPNRu6Kc8Ejmiywr8L5jNHhq0RxcJ-XNZBFVoyNw0sJDD9gu7XcJlJfx4XmPfCtOur8NxT0rZrj2ignrXLhncAEMaBb2bEIafDq74oXmgspldVlMhGjO-MGkVz9VhS3F0aZAqBCaqdkHMWI7HEOEU6YNhm9G53h4sovrAk1kqw5WE5uRSuMaalycXmZzbxL0SV6uzZ-rKv3PNRQ2ppBMJOe5xaD9hRg6U5dKK5Mq6NFhZ-2pTOXr8_bnX9qSvyxupzCx0HMBcwNxbfqtz1jmDp2ZEm8Q/media?maxWidthPx=400&maxHeightPx=400&key=AIzaSyCz0w_6ziQlJVYzINlEK2bj_7YAIKLtE0c""]",,,,75,2025-09-30T19:53:03.835Z
ChIJBwfy9kH_0YUR39cpHK7gS60,Casa Pilates CDMX,casa-pilates-cdmx,"Colima 76, Roma Nte., Cuauhtémoc, 06700 Ciudad de México, CDMX, México",,Ciudad de México,Ciudad de México,,México,19.420563599999998,-99.15668989999999,55 2245 7093,https://casapilates.mx/,https://maps.google.com/?cid=12487321430216267743&g_mp=Cidnb29nbGUubWFwcy5wbGFjZXMudjEuUGxhY2VzLlNlYXJjaFRleHQQAhgEIAA,4.9,27,,,,OPERATIONAL,"domingo: 8:00 a.m. – 12:30 p.m. | lunes: 7:00–10:00 a.m., 5:00–7:00 p.m. | martes: 7:00–10:00 a.m., 5:00–7:00 p.m. | miércoles: 7:00–10:00 a.m., 5:00–7:00 p.m. | jueves: 7:00–10:00 a.m., 5:00–7:00 p.m. | viernes: 7:00–11:00 a.m. | sábado: 8:00 a.m. – 12:30 p.m.","gym, health, sports_complex, sports_activity_location, point_of_interest, establishment","[""https://places.googleapis.com/v1/places/places/ChIJBwfy9kH_0YUR39cpHK7gS60/photos/AciIO2eXy471HNW1ttMxghGhQJ03XZVyplqXoGsaokYksrVAW4rtoEr2Gc86EUxweRExR3yg2rM9HjEqVBAWTkuz9pvRlSjt_v3gZeJUN28ClLO63P6R3nEBrtU-u2k-YmVYZLQ9dEmHwrKGlOb0pUT417HXuvEuUdn_SD-h0fUQgoXIIWjXppFXAKpgXZHlCS9KV4o61nmcVnC5e_zyNIWdRl0P3P4aevhiugnRMYNutTHUJrEVSKZFzY-vxRKECtSpYriEPtsuIxpEBkcenVaPsZd3ZxuQBVlasYq7MLrSa06LGw/media?maxWidthPx=400&maxHeightPx=400&key=AIzaSyCz0w_6ziQlJVYzINlEK2bj_7YAIKLtE0c"",""https://places.googleapis.com/v1/places/places/ChIJBwfy9kH_0YUR39cpHK7gS60/photos/AciIO2eOBwbXUsbXNNMDomXgmwjd6qtXNYg5_3kqxc7BWLd8GYQjnhFvsySM5HCU8KQDWck49qnTjWkpY_QHicHaiEP6xXa_b6okGpElyoaDg_fKfFvy2GrR0J1fYmKF5OUQMk-M14Izbt-pKM76mLLiJ-pgG-T-FYxNbrn3Db0yMHK-RmxXF1N-eRyMRSsLM131v7J4k6EfvKKWqFrgOzfjsimP_wEaskKqOXNmiED90yLoRFLNisT6zFGZCTqPeWH6vyWDn9MDBw9f0oCjWJ7mf0OOREt47PffQkT5hDrIbhBIUg/media?maxWidthPx=400&maxHeightPx=400&key=AIzaSyCz0w_6ziQlJVYzINlEK2bj_7YAIKLtE0c"",""https://places.googleapis.com/v1/places/places/ChIJBwfy9kH_0YUR39cpHK7gS60/photos/AciIO2ex5b7rWgr9zo3cHoKS6YmueaA-OhY3TNrFSWrmOgdLkMRjLywSq7TcnYFxgoesjnWBH_Ulq5neZw6yxcuvOYsFHt-9V-ZDWXPSZpBwbESHPaZDpblRRV_LPl_e2ocM7OlQFPOquc3tXa1sJ6z9f5rxvN4k32GA8LFt9Zcv0hbAy9NpPJDDok27uw9ATQA5SmnOV3vDEy2AiyNPZFaa2qyo9LbzHXKm0Dhys4rrDOHTcQAJg3ad0lvGxo-6zaS24ZOfEzkwnADgCGDG6VdrVMPYTbtIh6B7S0vs6RsQvxGfqO2ThJLKIBGAH11_x5f2bilV5NJCbZ6mxuSfuKWoWmTLS5TjgSE4wVRPNiH3FpbXDJ0kmEXj6KCmCYBA8FqhjWK8-64S1pqX-OEzDf9TGdPLsQO9mLFAWswPttl5ex4/media?maxWidthPx=400&maxHeightPx=400&key=AIzaSyCz0w_6ziQlJVYzINlEK2bj_7YAIKLtE0c"",""https://places.googleapis.com/v1/places/places/ChIJBwfy9kH_0YUR39cpHK7gS60/photos/AciIO2cRJ-DHSMLMRP2Z4Arim32AQPgl4WZUqP-KaigaFkCEdNpVmT4SlSfIPnauJ3lsbnay42NZF0JzMt8PjMaX-pvG6uJAM3AxaIYIca0QvGlb7hgo8PN_uvfNnKLAe42yGeVlh7SijigIqT7sw5IX6VeJiIqWlsEe8razl_bKoCKb6nejs_yxw-srLszoq_rDuWI8_iAT72QUbPMkROgFV4k59K0HQPYzdxpzHkuCE-DlcwGGw_WSPZKLPuEXichWD1E0NsJEcPStUPaK8ClEJ_dRtiDbkRZqTV4jigHNSBmKqgWbjCjVm4ZSkdfT0V81tPikddwA-17J824MD9MxJ3DJHold9ZuJAFKxJpbb7Zhuff2nEzD5Ej_5K24APDR5ybxFtScZuhq0gyu2kcMnf4xn8Cf_qRmF-cJOuW70cTY/media?maxWidthPx=400&maxHeightPx=400&key=AIzaSyCz0w_6ziQlJVYzINlEK2bj_7YAIKLtE0c"",""https://places.googleapis.com/v1/places/places/ChIJBwfy9kH_0YUR39cpHK7gS60/photos/AciIO2cVdIYe37ZnV41z8dYHw9uQIDQp90jdVa_l3dKcvWN6wCUe98sbRJDx7nYszWnJgdLHowuRhFljgf6EsDtqlqR-aTzUsXL-tTKxfF_Dc9P2rc2Adblv87Xr67N2QeVIZdNgze0Wq87UaylwdYbnOIfW5QXHfGtvoQVbu1169LraNqf38K1LguxHDCkmIjs2szZegukR_hQuY45cSJzB4aW9hCoB4ixXsDGWZcbOlYqP-ju8XYFClTxkMmCQER3vCiQOU86A41RF62cMwSC0ZzZhOzzemp1uROMFSkqdPElf708JByKmvFAAXNZAmbGOMGttdNyRDMTevbgjBPLKRcFzYAkgsykiFhK_J1l4d_7VsTg2lvbm6IUU2n_SpU3sDPBTO7rDYehcaaIalxLk83YhjsK0LvltgjDhGV-v4ZTewg/media?maxWidthPx=400&maxHeightPx=400&key=AIzaSyCz0w_6ziQlJVYzINlEK2bj_7YAIKLtE0c""]",,,,85,2025-09-30T19:53:03.835Z
ChIJ7_k7HPP_0YURfxtzIRhypA4,Pilates by KiNN,pilates-by-kinn,"Guadalajara 93, Roma Nte., Cuauhtémoc, 06700 Ciudad de México, CDMX, México",,Ciudad de México,Ciudad de México,,México,19.416756799999998,-99.1721366,56 3006 3031,http://www.pilatesbykinn.com/,https://maps.google.com/?cid=1055093660677512063&g_mp=Cidnb29nbGUubWFwcy5wbGFjZXMudjEuUGxhY2VzLlNlYXJjaFRleHQQAhgEIAA,4.9,81,,,,OPERATIONAL,domingo: Cerrado | lunes: 7:00 a.m. – 9:00 p.m. | martes: 7:00 a.m. – 9:00 p.m. | miércoles: 7:00 a.m. – 9:00 p.m. | jueves: 7:00 a.m. – 9:00 p.m. | viernes: 7:00 a.m. – 1:00 p.m. | sábado: 8:00 a.m. – 12:00 p.m.,"gym, health, sports_complex, sports_activity_location, point_of_interest, establishment","[""https://places.googleapis.com/v1/places/places/ChIJ7_k7HPP_0YURfxtzIRhypA4/photos/AciIO2d1iY33B3R01h_VumbuQU4TjkspOAFjlgLAucCwgI18EmVNhGbKhdopwyZpRmUW15xlY0Q5cGlOXboMYr3vPdLp-SBjy6ZyJKFWiIjW0rZWLTxGNSVBpMQ_wKar7BK5BsxhbOjTXVsdCu3L5NrHhQ5SOwWCZHQYqixlLXXskcOeRpmzcUW3zt0KQII6zMws6xOPFuZmY20UwxE_b6Yxz8mcLT8FH3W32TwXNwrfIW7UeBYtKS6B_mXFRGO1yN2LeGKazVn2ujzFgpXm6z0__nHkfWu_5YeYi_hnWFpQqKJMF-YrDfo6Ez1O5gs1wFak9ksiUtMAPe4XPPC_JvoEIZQF0Pir60y3HlE4xTD-B36FKbHHDEkqafUDiFPI6hiSDktWHN9cNPbDdNXBjTgm65nNLYFbz-2qLxqfeG-UdfMhVQ/media?maxWidthPx=400&maxHeightPx=400&key=AIzaSyCz0w_6ziQlJVYzINlEK2bj_7YAIKLtE0c"",""https://places.googleapis.com/v1/places/places/ChIJ7_k7HPP_0YURfxtzIRhypA4/photos/AciIO2dlZdxZdbICGhmzSZ1wApXM6efnbqly4P-_PCJ_ep9GjrM3ARlbOP9XNZBiNuzN813oYGJHROLq5x0u5r8hNBuu1DiZiA9wZg2pLTtmPlg8CyDWNIMCmk39OZ9zJU2nkU_Z3qDHa6YFQslG8UajnJsT8S3oyN8Ps3mDw3MxiOZ_WOEJi3QHLSUexrRu5BiIv8LXBIJ0FBhNd3F7wU0CwfCRiooJ5nsA0B5mTar0cZa-ZWfFHEaQwlLKU6nx_ZIcmSzdzrNYi_QWDR4C6ubfgigoL7stF9SBY-8DMKfeNdcBp5bjIJP5wNz6CfhSjKGcHPqVOqyg-cHbGyDcbcNzi_G7S0vmeV9G-ywcIMfdePNtSGyInpkdEusPKTsf5FetrGObCKV_20Glu8wqDSguRLFy0m671Fpd0MfwiWj8Pa4TRw/media?maxWidthPx=400&maxHeightPx=400&key=AIzaSyCz0w_6ziQlJVYzINlEK2bj_7YAIKLtE0c"",""https://places.googleapis.com/v1/places/places/ChIJ7_k7HPP_0YURfxtzIRhypA4/photos/AciIO2cueKF_HCrS7aswVc2dQdKYt9Ps3k2qJoUKzL1bB8VDb8kGTVqYWE5aBaoEm6TOjYG3sbNx0PR_ipgdblUCtkcUqh4V3Z_a1CeD_vp2KB4TLtWR0IR5FrBcUcfDxp_1VzlRibRlo65EK9J3DDGLu0Q02vXHtXVwZrCp7z_Z8BPDqlv1w87rLB3TnVwvygzGIRT1YUFNJZGtSyFVp5IgkJSECtoB8HYqSqwqGztlVHq_Z0EmsSbSThoD4g9zKUBIck0YSq9gFFSAvrda8e7lfQR0jK_Y1vk_k5OUkhrb66T0HGeEHqPafKNlHEotGiWLU7RobPUeMJqgcei2Eo5aEjaTq08sEr81SwuTvsZDuVAqZ8N6zrIalMmCeMcPPZGDlnoLDdKAqpRfOmKvtUp0epTlUqJ41bCkj6nCYQhw9x_3bt4X/media?maxWidthPx=400&maxHeightPx=400&key=AIzaSyCz0w_6ziQlJVYzINlEK2bj_7YAIKLtE0c"",""https://places.googleapis.com/v1/places/places/ChIJ7_k7HPP_0YURfxtzIRhypA4/photos/AciIO2f3n6QyPo0W6Z9A4mYcT1LvVg_QKeHtQ6lYqiGl7oaqrD3w50LNeC4YQugkSFmKte0PCxGtMts7TZY_2xh13xleAYJUFv5D0t-2g7BfznWS-qli_2LALVhc1gWhXRUSOctdJ_8GeVBokiPIAf62aPRwMFQVeywLunc3YjTpOuzbwvpvq_VOWQOduWNQwb_prN_Q4tehsBJSiqtvN8stEI5z7Zy1C3KaGQ055f3sfHpbVaBimcTC5_nNqpdvxLNS6U_18wQPeZMQo8SO8whduWWQBEI904C55uaUJRoZchZwiIvkfPGRt_zcapLbcmEyrgKwUxqbo2KUPTzqEBReksKjT0KEmvssiDrtDt5qv3uIdZrs8Od82jOUx0UtYwo_YUFj8uuay0kT0Oh1io391wqoix3l6ZAIyQEfpAtGDeZyo6o/media?maxWidthPx=400&maxHeightPx=400&key=AIzaSyCz0w_6ziQlJVYzINlEK2bj_7YAIKLtE0c"",""https://places.googleapis.com/v1/places/places/ChIJ7_k7HPP_0YURfxtzIRhypA4/photos/AciIO2dlFPOYeH-c6CTvMwnCENSBVcqZi3wcFa2dOPud6jI_MAwTx2NcHKOd3UdfL4a9Gr46DNvWF4HkFxcSoqLl77hXHNp3h9t34s1JqB3nVfM0L0-8UL3OBDfh5YAPUe3kJWuwls0RMNADUCUvF1YnePf5pgyU2jIRQyBxVRvDDvp8HNBgwd01C1HjBDXIY69eau7oZ3H8ItXMavwVZjeMpU2WfrL4Qd6j4SCH8V5yRZCSEH9mLbf-C-VwnWFG8G4NyCduExPhbboNOBLFMwYOHPdmZPtytQCbCbSFuBN_9ApPnn8BF-lIMPJK-K4umUWshl1oCOU0H7p4kLAP1He11jiH6YX92IGMXlqb9Nug8xQwmj88dvvGJjywMXo2xKhpyqkI9vrFIB5rGcRavIccaYPLZdDYO7WU_t4E1PE_xchAp50/media?maxWidthPx=400&maxHeightPx=400&key=AIzaSyCz0w_6ziQlJVYzINlEK2bj_7YAIKLtE0c""]",,,,85,2025-09-30T19:53:03.835Z
ChIJRfJMoTb_0YUR0PHL43tR5ec,Zona Pilates México,zona-pilates-mexico,"Londres 161, Juárez, Cuauhtémoc, 06600 Ciudad de México, CDMX, México",,Ciudad de México,Ciudad de México,,México,19.424882,-99.1654993,55 4905 9746,http://www.facebook.com/zonapilatesmexico/,https://maps.google.com/?cid=16709851584972714448&g_mp=Cidnb29nbGUubWFwcy5wbGFjZXMudjEuUGxhY2VzLlNlYXJjaFRleHQQAhgEIAA,4.6,11,,,,OPERATIONAL,domingo: Cerrado | lunes: 8:00 a.m. – 9:00 p.m. | martes: 8:00 a.m. – 9:00 p.m. | miércoles: 8:00 a.m. – 9:00 p.m. | jueves: 8:00 a.m. – 9:00 p.m. | viernes: 8:00 a.m. – 7:00 p.m. | sábado: 9:00 a.m. – 1:00 p.m.,"gym, health, sports_complex, sports_activity_location, point_of_interest, establishment","[""https://places.googleapis.com/v1/places/places/ChIJRfJMoTb_0YUR0PHL43tR5ec/photos/AciIO2cl6NWoxVfVy8aSuh3_5DTO1rVCGjX40-EtkbNH0-_4TDBvV6sYv2WykxatPmgctzY3qGryWPzlAwQpjt_f3TNRI3lYNe86pj-q0OX6EHy9ZFs9VVhsq24CBKZQTvFzVbJs7r88g0EwjKH3TQas-_3F7lwSQtTcGucz8H4zwtqMG-kUYqfrfWRcFcaPH-f_UK4sREWaqyPmt5QBI4XPc6msv1_Up6Y4ErFFLolH-kRN6UDm0dHSpW9MrGhVckuHPtEbzKbkYiNSvX4D3MlEyLu9VL60ZabxkJLo88c8kURl4w/media?maxWidthPx=400&maxHeightPx=400&key=AIzaSyCz0w_6ziQlJVYzINlEK2bj_7YAIKLtE0c"",""https://places.googleapis.com/v1/places/places/ChIJRfJMoTb_0YUR0PHL43tR5ec/photos/AciIO2d7jnN5lfPeJlZNcXU_iNaqMjXorgTJH7sZD_LMsRB6ID6PjGgNZeeWRpNmPOWmOS2PUGGubPJyp4SMxnd_HdxcEA7QsJ54P4hC72W_1pMlOGFmaLF2BtxpKYP7uI1jyIk4sesdUfjjbODsyw7Rn3FZaqHkguXak2Fjuw8imO7-r5y07610Nfa8MBeQ9JF3c_fgNZe10Pu4mFh1QThV6qkZKgMiOZr7M-3jwwDJdoj9VImaqFePmtdEzLGDPwC8Rv98RakMz9gdYl7lbZi9sI0KBPGwmJQ5eNA04cATdeVg2Q/media?maxWidthPx=400&maxHeightPx=400&key=AIzaSyCz0w_6ziQlJVYzINlEK2bj_7YAIKLtE0c"",""https://places.googleapis.com/v1/places/places/ChIJRfJMoTb_0YUR0PHL43tR5ec/photos/AciIO2c9swlVyHX5nJx4xtvelMgQsjPlXCnmnBMLcXXJqHAQeA8z1dHyWIjSRkQBMuuYCKQEPEwlu_3PKz16JbbCqLkRE7fyvaxdlrVB17Lo4iXzSskpxDTy3Jh84lRfV87OpBh5GzNmdSX83NrrqpI16lPfbb2EOOEwiY64TbNjOpT4rK8OwiQ8Awok6psv9GG6ZBuKMsY3jAtagPDSc1DrEa4QHViZsUHq3Dw20GX9g23_rZX6_VuFGF76_EKdko4seFaXxqKxfmX6-c05nZs35VrfGJSS9ETBdGD-Hyp6eyE_yHl6xHBqXk-yYNqdDKxMHnZ8EmU6i9piNTs1GH6ldw2JxD0LHt15k0q4AKEPtBnSVsqGeTtGDxYm2169gbwpHJgRxNygH1Ygi41lMrNhvf0ofYUX1egjFhfLKgEjRQQln-SE/media?maxWidthPx=400&maxHeightPx=400&key=AIzaSyCz0w_6ziQlJVYzINlEK2bj_7YAIKLtE0c"",""https://places.googleapis.com/v1/places/places/ChIJRfJMoTb_0YUR0PHL43tR5ec/photos/AciIO2dmdjllfeqOCW3p4ceygkIcP5ZrAWAUyrBzCHH8ldq9Qlrz3ZXG11gD2rypDgXoRZs4NogvHGWFhXKWeC7MJlA53saTgz8vSaU1u5fkTqCeBgmG7KfHqy9g-3A9Vm9ECJFbfyJ9HG3ogke_Qh8dXuz0KXLU7TiTG1iyCDlKvpJojZ-oNHw8eQhHi0jht8qPnbiPRupqTfs6aCU_wS-GGeAdBlIdwtW0kLF0D-WNwyZ29vpMukvjEhk005m3fIVpug48dz2l-l-yOOvxnGOOurkfw79zn7BdkmUUXmnZNJlmVzBJOcqNT_iVNTXBlj-EbkPyQ7iJrSiZB4dOtfQCU4RgaLhJMbLR1a-a_9i3PXL2qCu0IcQXhZOBJQ-XFtP2WMwe2QitozLz6BWozvZkV1njjIJ1NF5i2dMAFlJReMIOdVPp/media?maxWidthPx=400&maxHeightPx=400&key=AIzaSyCz0w_6ziQlJVYzINlEK2bj_7YAIKLtE0c"",""https://places.googleapis.com/v1/places/places/ChIJRfJMoTb_0YUR0PHL43tR5ec/photos/AciIO2dgin4NoG3YmE-P2ot9jGUyuJkv8Iojr2kj7dMDYiGKlH2hfwi4HgQEioFPK6ESHIRvyd1nCDfrQymxzw-eF_eY3qf6tpXLsRz7yVnkDYfgrprvioTbgWV0wP5jVGRheD2es4Om8DcAvNQz1flvrQaqjKUEF62bbvI8JG_jbDulwr9vaC4RzsnRLHndY5rr-ifFAjVd-ft8aaLivTxtTBDUZmpngM29PcSVi0k5pJFFE6vcgJ1IbgtRiOBLX2QYwLPmM8ex-CZ4krrbYQKm701k-woD1x_uJhzbqcdyNu9W7ien0V2nBHl5ayyljndFItQCwbHezQuorVMlFUU6jDoQ7jA_y0a_n3xD8jw6-LfWJ9SSG4W3m-nvQNhVYqojRdo5WkHVTsIUEo2U2Bw5UjHQiIRvfux7WolTJdsz_s2mR9pU/media?maxWidthPx=400&maxHeightPx=400&key=AIzaSyCz0w_6ziQlJVYzINlEK2bj_7YAIKLtE0c""]",,,,85,2025-09-30T19:53:03.835Z
ChIJS3XM79D_0YUR6oi4zWSLvQo,Hava Reformer Pilates,hava-reformer-pilates,"Agricultura 106, Escandón I Secc, Miguel Hidalgo, 11800 Ciudad de México, CDMX, México",,Ciudad de México,Ciudad de México,,México,19.4003224,-99.1780924,55 6174 8714,http://www.hava.com.mx/,https://maps.google.com/?cid=773927976042006762&g_mp=Cidnb29nbGUubWFwcy5wbGFjZXMudjEuUGxhY2VzLlNlYXJjaFRleHQQAhgEIAA,5,27,,,,OPERATIONAL,domingo: 8:00 a.m. – 1:00 a.m. | lunes: 6:00 a.m. – 9:00 p.m. | martes: 6:00 a.m. – 9:00 p.m. | miércoles: 6:00 a.m. – 9:00 p.m. | jueves: 6:00 a.m. – 9:00 p.m. | viernes: 6:00 a.m. – 9:00 p.m. | sábado: 8:00 a.m. – 1:00 p.m.,"gym, health, sports_complex, sports_activity_location, point_of_interest, establishment","[""https://places.googleapis.com/v1/places/places/ChIJS3XM79D_0YUR6oi4zWSLvQo/photos/AciIO2chKJq4lAzLf0y5J6SsfJGEu6tDEJjbe-QWm2ooQhjJ0rmEo0r71Pe0L0WsACjqOv6ENFJnOX6LaIoX-IsmU0WVFzS7VQ6-5VfvguPOu94KA70bkhvnmGVUpWiMGZ9_7NGgyaPJzi_xrMGFDjlayqE7F6QRPuCCjwygnJja6h9jMbx1VDSj8f8b09A2yEpZpwt3q-ACTDDKq_7n7Rxbd7LAfDatLvL9bWInhZvmFApw6OxtzKd9KTzMpvCGTKoFrlluGN3vcmRVOaYbmnbtYEcJlefxOpTfTCCE97tQjfvk6w/media?maxWidthPx=400&maxHeightPx=400&key=AIzaSyCz0w_6ziQlJVYzINlEK2bj_7YAIKLtE0c"",""https://places.googleapis.com/v1/places/places/ChIJS3XM79D_0YUR6oi4zWSLvQo/photos/AciIO2c3Llo9KPCCevgmyrykcolBfIa_WOU2p22U-loherD2JOSHKTbULqko005aLULiaaSr0O4_IwQ23osK582FyNp5HPYycfBt67vwiHmD3GeG9gb-ivDozAZrUmnYlOsHnPB7QSycn5B6CLRQ7xtLcxbMtjfytBAoDUTRDjQtyBP98ysfg8f0160skM9ZQbKvRugWJ4ARfK09AT4e-fpjpHyymbuPRjGmM6N60qLb19pp-fMn1d2404zhPvNK8KY4rBPHrilyeOsjnvLP73-FSL7tGm0sOikuKjOym48AZvDnt8TGaucAIBqP36_am_mFMxdIIIpuHc3927NmZ-CrYdPxi7_UJ-GHKjfaW6N5aea3oN2G4YgZMz4kH6qQqsll31CypiJSevAPi5iVIeQ3WjW0-voQmAS0sDdOubHaMCEaZxMnZT7oQNbMXClJN9Yp/media?maxWidthPx=400&maxHeightPx=400&key=AIzaSyCz0w_6ziQlJVYzINlEK2bj_7YAIKLtE0c"",""https://places.googleapis.com/v1/places/places/ChIJS3XM79D_0YUR6oi4zWSLvQo/photos/AciIO2fIsRAT6A4E7pu_FY49wmv0ONAJDWsu-z8mRCmKowX2p7kJlljxGNfUkE-i82jcZ7xa1fLcRI8_B1IeSQ55QmZa9Ktg38Zq_hsnpAH7Kz0RhyTOjrqfh9OCfOOj_GcmrtpxWw8Thg4yvdwWwhTzi6OWlojh7uu8988Nn_LOpdcS4IuXKmsS9vb81mWViscDc8qTHsuqrG_6UIOtMBpvcdjQkMBmtlkHtQexkbCNqLOTXJCVhHwDMWp4HaoQdbWWvcZye_arySnYq0EX1p1VOB2D6v1j__lX_lRDi4ykw5MgTQ/media?maxWidthPx=400&maxHeightPx=400&key=AIzaSyCz0w_6ziQlJVYzINlEK2bj_7YAIKLtE0c"",""https://places.googleapis.com/v1/places/places/ChIJS3XM79D_0YUR6oi4zWSLvQo/photos/AciIO2ehyic9ggUXa7QJc0PbKlaMAaIswJjisCfa9yW86j432kU3ZjTUqdEmlwjgV4ItLXQlj8bfx95DdZFU1pQqccZ1xB3HTWR47AWPALyni1tmefuxYD0vv133YXgG3pqsEfYj9woQ2nquMLgKqMqEU_Vm-T4z5iR6BR5Ca9qdRIF6iUxZVjRqOGdfK1Q87kSakNxg7MQXSjuTmWG8ZeiomFo1GTBJuzaFzAOTeplFwQkB_9walWgSX9xeClaBTZuPVDmiQsIJpe1S2oxlO3fjt9pEpSvCtWEQbExFeUdASJ3X_Q/media?maxWidthPx=400&maxHeightPx=400&key=AIzaSyCz0w_6ziQlJVYzINlEK2bj_7YAIKLtE0c"",""https://places.googleapis.com/v1/places/places/ChIJS3XM79D_0YUR6oi4zWSLvQo/photos/AciIO2dSx2GwlOrTwGZPHvoMv6xx_NkdwiXpEJ04jmlp10KT7Ui8r_-dIO0Iy3HSSSQG32OC22nM6fi_RDMIcRS_Uc09sw9pMn__z4mc73mjmcM5B8LuMIszd393WIYiCmN1dv4YoEs3JGDya1_s0KHJAnm-qv7DtGIbLFAIqmhmJLLXa4mWT7flKktmRWsksTm2iw0dUgkaNyUI3vfnNVOge7fWo7I7QQPlXsnqYTMMaW4f84XQFx4qreR7Mn5AIKeoTdIQGPqteVfDhLfCGPC7EE97IrJ0xiuN4ju6fZ9csr4AIQ/media?maxWidthPx=400&maxHeightPx=400&key=AIzaSyCz0w_6ziQlJVYzINlEK2bj_7YAIKLtE0c""]",,,,85,2025-09-30T19:53:03.835Z
ChIJAQCZ6y3_0YURxXKqR51820w,Índigo Studio MX - Pilates Reformer,indigo-studio-mx-pilates-reformer,"C. Versalles 88, Juárez, Cuauhtémoc, 06600 Ciudad de México, CDMX, México",,Ciudad de México,Ciudad de México,,México,19.4276537,-99.1555719,56 3708 4412,,https://maps.google.com/?cid=5538157181736219333&g_mp=Cidnb29nbGUubWFwcy5wbGFjZXMudjEuUGxhY2VzLlNlYXJjaFRleHQQAhgEIAA,4.4,18,,,,OPERATIONAL,,"gym, health, sports_complex, sports_activity_location, point_of_interest, establishment","[""https://places.googleapis.com/v1/places/places/ChIJAQCZ6y3_0YURxXKqR51820w/photos/AciIO2cAgN6RL7PBERsyJ9ynkveeEYca6dSCdLmqU_YzZzHB_P0l0LTOT0vryf9ZwZsbBXf2Hk8v-T1xvfF179ZU6Zah_L-DZHiKbzbfloZdxPgH23EydfAYe3VCV03jVtzzDHwra-EkAmqD4wMC4m6ssH0N4durGGIBM_Yl6SZ4jJVAeNo1HrnYGOJzPXAnD-XAwrRBJmW9kvk6QXTO956pYyQpwSp-8cE4stgtqXaP_HoaZhHuoQTlkeJBN4QFHxiE7iHhK4cOQ7achhQeOjS1EgY6rJMN4L-gD8-F6b64R3_AEyl-cdMOrvM_fRYUns2M5QxlSEQ1nJSGTYfaFtCV1CeIJerWYKSvx2zuazOtsrMQ0qKxEUYig8fOeq7jv4fpHfYM4dDutWmIitfXvczA-kHkQMl7zsQhHVHFe8haabk9FOx1/media?maxWidthPx=400&maxHeightPx=400&key=AIzaSyCz0w_6ziQlJVYzINlEK2bj_7YAIKLtE0c"",""https://places.googleapis.com/v1/places/places/ChIJAQCZ6y3_0YURxXKqR51820w/photos/AciIO2ce96P49V2qmhir15I0S4PI1hh8ocdEYBryo0Rvmkasv569-g7mjoIsXSDcO0BgSezzZ0nFvgwdv2Vphxb01mJJUHEuiMS_YUR_ZDaZ_QkJ4I05HVbyUtencvX-46GkXPOYbRNy52vjG4UkRh9P0ZJHn1OZRQRipLlNmqxcEwyijxpdpBplqNNjBBIlirgurRQl5WjoQXBC7549DIvdhlxxzD9jCQIXKC12Un4_9Gtu6aCOMI7eVo6rjWk06ZnHcbx4IUTH3EzhuUewtr8t34JcvprcmZRZGT1zb5ilfq4lrbNLPrB5c5DqE9Mssagmeg-JQDqJ5MrFxy2AXiA5i-c5PScr-tE8krOzrzZ_iBXS-7vQvikZ6IcfMTm8XrNSqlyO-ptDE8IJBbWauNRfNDlK1urBQ70JVzYXj5RnmIkKbw/media?maxWidthPx=400&maxHeightPx=400&key=AIzaSyCz0w_6ziQlJVYzINlEK2bj_7YAIKLtE0c"",""https://places.googleapis.com/v1/places/places/ChIJAQCZ6y3_0YURxXKqR51820w/photos/AciIO2esIEhgJEV49isgJAAeFbgLG7-EA-VrZtdnCIHSEh0yy_wypKhaCeQWtIrLovOUU2DeAeKqWo9bTrrSky7JvqF9C59PUr70FzK-hkS_7VufDWeVICyx8WtpBU_VPe8gEyTV8tF9gQKLBSDYFXGclvVaPwRw2LgvM8EK6bIxiZ9f0k4gGNLOEWZyOnYnCWZNcOf2do219cYz_X4-o7vQnMVYsrxgj_1M6xJaNXBNo3u49A67Bi0Wz6GMkcGJR0rNVBz3YVH0cyNCL9bZZ_7xYLgEOstl8y3ioK86Y8wTBnhuR8JMA6drV2mUFBVZjpzVGeZnipEOHgQbqYSkB72cjvgU5bELxOHrpdcJG8vmEv7gt6ainAUMBJINxIpkZfcDgQiYNL6Hnc_tloob_9toPXKRc0kjiRKkp-NS86oqT29eo0c/media?maxWidthPx=400&maxHeightPx=400&key=AIzaSyCz0w_6ziQlJVYzINlEK2bj_7YAIKLtE0c"",""https://places.googleapis.com/v1/places/places/ChIJAQCZ6y3_0YURxXKqR51820w/photos/AciIO2dhGvjUOdeK2w_xawO1aZlEgp02Yv2zEE--2n1HZXnQiKnJanCAgyk5jIhfxuiKGZ227WoYIBUEhVVdQdO2_eBNNfAfNj_Tzk0-9iA0Zpcw48coNr20oesdiGwIIpKAEPxjYpv5tjz0_nlAAaJIlXQM7QqVZ1LRk7Q7HqmJOecFD-LRr5N7-bdSUlAoc0Ono8TgRdFkSpvWBKFGlhS4r9SN-bOfuXZBhtNt4ZEttb9EC5tHDWBnzaRvsMrC7XBxwc2FvVxBJGULjBUC7wLvFJ3Dml4qPTXeACqV3bQ2gF2-_A/media?maxWidthPx=400&maxHeightPx=400&key=AIzaSyCz0w_6ziQlJVYzINlEK2bj_7YAIKLtE0c"",""https://places.googleapis.com/v1/places/places/ChIJAQCZ6y3_0YURxXKqR51820w/photos/AciIO2cTGrwf2jRS9J4oGNODxxf12o0Wf6Gv-ARGSfZyIJL4pmVlWBMz3KLJrMW-EZWLfGcgR9jxE1LDiJnk5XXujbeJ8ETjWG_IYbYslPyqz_XPo44TAf2PeuSdaTIO_wX0x0b-erxFugZsWEgScs-kMXszIdilmOnKwFbXP-rwUVZ-Mz9TZO6GKDjvLziDImRK2PP0CuTfmKe-0GAIFKRyIwtp1dhUhu0gkLtcbH6VsK_9_rsdMku4PRGHG9OmXSmwkNqBXSNhP1ruHOCKvYcwtangyvdpYYParACd56l8P422fTlmxlI47h1tRxuYHrt_1XDTrmcZEAq6rgsuD95-17st0cBSKAwMEcEfWY_lJcEhhITfRr42DSMhaG4K1m3mWGvdtPq8dbyVn4B4xunEFSeglr97iVrZTYZJoOnSU4N2ISI/media?maxWidthPx=400&maxHeightPx=400&key=AIzaSyCz0w_6ziQlJVYzINlEK2bj_7YAIKLtE0c""]",,,,65,2025-09-30T19:53:03.835Z
ChIJK4E1Izr_0YURpIxm1X7OXl0,Osom Pilates Studio,osom-pilates-studio,"Colima 159-Tercer piso, Roma Nte., Cuauhtémoc, 06700 Ciudad de México, CDMX, México",,Ciudad de México,Ciudad de México,,México,19.420350499999998,-99.1597472,55 2440 4923,https://osompilates.studio/,https://maps.google.com/?cid=6728041937479568548&g_mp=Cidnb29nbGUubWFwcy5wbGFjZXMudjEuUGxhY2VzLlNlYXJjaFRleHQQAhgEIAA,5,24,,,,OPERATIONAL,"domingo: 8:00 a.m. – 1:00 p.m. | lunes: 7:00 a.m. – 12:00 p.m., 5:00–9:00 p.m. | martes: 7:00 a.m. – 12:00 p.m., 5:00–9:00 p.m. | miércoles: 7:00 a.m. – 12:00 p.m., 5:00–9:00 p.m. | jueves: 7:00 a.m. – 12:00 p.m., 5:00–9:00 p.m. | viernes: 7:00 a.m. – 12:00 p.m. | sábado: 8:00 a.m. – 1:00 p.m.","gym, health, sports_complex, sports_activity_location, point_of_interest, establishment","[""https://places.googleapis.com/v1/places/places/ChIJK4E1Izr_0YURpIxm1X7OXl0/photos/AciIO2dHgIOxgOtUueXYeOXiSTbKIBxLpCSYycpQuT6d_Tf5gtb_peAZwCkuPY_66IIHlHC-WjVgVd3IfYT4sET4vW0nS-9rdwHq1xGVevIImA-Us2gC3M95CY_TWEexdyZpLH0ndp3IPzaEAu-Agi2sjCxTEzRJNJovqppCiufLAvWSM6fD2S0BAcroot8Cxg5Fv_ecP_pi0mvORRh5bvbe7U7ZWncnrReSCWhGxvP5vOI8kN0-wtBP7lyZyZyp7w0mVphGZuFen4Wlq81QMNBuEVm_X-z29aZg4CmddBpnS7S-bA/media?maxWidthPx=400&maxHeightPx=400&key=AIzaSyCz0w_6ziQlJVYzINlEK2bj_7YAIKLtE0c"",""https://places.googleapis.com/v1/places/places/ChIJK4E1Izr_0YURpIxm1X7OXl0/photos/AciIO2cefgGNk5rGR87ZNlyUuEp4tlNp1V0sW81SaMwV1U8rkbrTRYqQuqkheBoZjhJ9exLdAv51gbrj78RHLGDM1El19iP8GqFthXBUkRVl0hVuD4VQQo9-IcVXo8irR-IjKozYtlgl5-8ScvPOqtiUD2-EAuLc4yl5MBKZCAkTngA74Xu_cqftbkUw-Lv6lngE5VSpJCPDxuBLlG2S0DYlW8CU8E2kv97iP2P4C-YP9lgQMv_EvLonAB3DZvoQkpyntFQbSwqvG15c8xX3Rx8ITI8eDCrjR4upPNo6ch1qgR_B1X76GzoY7MjUXBGdmephyKpV1wBxnoTqa3e9NgZ8UdxIkIJSYRCRS8IYFPBW-dU-YvmVzRrGVaxAf61RNgvaBWwdewh8XVg77d4a6SzOIkYzt1g8vQ5nmbFX08w9BgDdmbxTwNbcQLP_gn_pQNjr/media?maxWidthPx=400&maxHeightPx=400&key=AIzaSyCz0w_6ziQlJVYzINlEK2bj_7YAIKLtE0c"",""https://places.googleapis.com/v1/places/places/ChIJK4E1Izr_0YURpIxm1X7OXl0/photos/AciIO2d_2CBzo4tVW6crlkzgvOFDDt2lIXLP5xEYuWFUOGFBRQOlrIbT2rj4ZY10zoE7W_j3mnnJdVN20SnwbRaqQkTPGbniPc2ibqRDrE--ewv30enq7R_aYVTHFly9ixOpbzx7GRrRuuLSGTex7Zzdi65IzDjuwf_iJUKGatRJu-hw-CvRLuslW8st8Wj3q6Vh0YbNgqjxigcjJyrAh3wuGvQDCYWVjkMYBcRF7RSHfVdVXTUqvn-GrvW_sLrwZufGrs79cx2f3BHnxNICwqgdSrXqu_KzONjCArSEz7GJAtT6BA/media?maxWidthPx=400&maxHeightPx=400&key=AIzaSyCz0w_6ziQlJVYzINlEK2bj_7YAIKLtE0c"",""https://places.googleapis.com/v1/places/places/ChIJK4E1Izr_0YURpIxm1X7OXl0/photos/AciIO2dhdtrx9DJQOqy6E2b75IZ-vN3koYgvp-1C2okRWLtMdDaFXRiIKzkLXq8Dxc8oGdydhxioLOtXWj8nML5V4T-mbxbTFW0B13erxLojmzHyI5OKSdiq-JRL3MhtFzIPxOo8D0XNQZji6OD-6LMaARvV07x8w0ykpSUVen9Zy63etxPpHKqF5KiLOGccOGWJRuNMUPCrKptUFVQi_MUKFloGMit_1dsgp4UkChgMPHKztd-8k9mSR5m2nUcuHMTAuWGsp_iG16UFcBAVSoNiP0Dp4xyU_W8qW2mZK8v5PlaeBB_k3AXCrnSCpJJ7Jb8O1OjRU87ndrx_T8u94VpyeTvrkpu_d7m79xm_xWHDq7gQDPQdF3dPpX8w-aD3Vpx_GMPkHk49D6muIEKmCb7kx05xRAYOOmbKRnmOPaZ7Fwc3z69krWtdG_oNTXMrSg/media?maxWidthPx=400&maxHeightPx=400&key=AIzaSyCz0w_6ziQlJVYzINlEK2bj_7YAIKLtE0c"",""https://places.googleapis.com/v1/places/places/ChIJK4E1Izr_0YURpIxm1X7OXl0/photos/AciIO2ecbA5SG-KvaMpLQ_0WNvW0GZXbceqUO7r-7zuTMNvLozJrIqqkgXV_V_rNiwC_D4zHS9xaCjg-SIfv8kamPXhed37_6kEpfET747SxpspuIP-dWCNGWemYRaqKbcpXCDgokNK2Lcx9piDTFyeVwigcBW-lx9NbMXx7IODx7G1DYlYgXgcjT1AGbuOEZoOrLHzg3kn1SFlqUIK6EI4CSwj9KovZHR_mcuqG1pONhDRy3P3wMFFbREluKISuvCjjUVzud_3-vjteoPImZwsphRBgsrgLbk8kxxwZdP6w4TQaWg/media?maxWidthPx=400&maxHeightPx=400&key=AIzaSyCz0w_6ziQlJVYzINlEK2bj_7YAIKLtE0c""]",,,,85,2025-09-30T19:53:03.835Z
ChIJn5UYY9z_0YURNYY9Wx4FjtQ,Possible Pilates Reformer Studio,possible-pilates-reformer-studio,"C. Dr. José María Vértiz 1328-Planta Baja Planta Baja, Letran Valle, Benito Juárez, 03650 Ciudad de México, CDMX, México",,Ciudad de México,Ciudad de México,,México,19.3737858,-99.1541124,55 4506 6512,https://www.possible-pilates.com/,https://maps.google.com/?cid=15316185010671552053&g_mp=Cidnb29nbGUubWFwcy5wbGFjZXMudjEuUGxhY2VzLlNlYXJjaFRleHQQAhgEIAA,4.9,50,,,,OPERATIONAL,domingo: 7:00 a.m. – 12:00 p.m. | lunes: 6:00 a.m. – 10:00 p.m. | martes: 6:00 a.m. – 10:00 p.m. | miércoles: 6:00 a.m. – 10:00 p.m. | jueves: 6:00 a.m. – 10:00 p.m. | viernes: 6:00 a.m. – 10:00 p.m. | sábado: 7:00 a.m. – 12:00 p.m.,"gym, health, sports_complex, sports_activity_location, point_of_interest, establishment","[""https://places.googleapis.com/v1/places/places/ChIJn5UYY9z_0YURNYY9Wx4FjtQ/photos/AciIO2cKediU3Xjr2ZNaj8zYebRETHlMZErAN0QbJL7DL0LNZeRsxDUV_dBGPNdBb5Rez-tJyDKp2oe_Q_B8m5e1Wj8w3y5O09JxskG5T_X2xvBo55sv4lZ1S7Xc16jfjw0GCPRbe5owAA0MgN44IttAhVMQzr0B95iDnObOyHIVQeu7SBwylSg0kwtCMIPNzi7rjb-yfa4vdzWoB4cCs5kb9LB2wBySj_UAUtlEWtd9jE_dMQCFSQjQSNgMgjwECjQcVmCxSsZ3uvdiEWHsjx06sp2V3GAoSXSPFfpn3H4Tt_0oiw/media?maxWidthPx=400&maxHeightPx=400&key=AIzaSyCz0w_6ziQlJVYzINlEK2bj_7YAIKLtE0c"",""https://places.googleapis.com/v1/places/places/ChIJn5UYY9z_0YURNYY9Wx4FjtQ/photos/AciIO2elqDWx_2v42t7wcuahvDFL9YjcR-_nutqNsRwVtdD9Y7C8xBkVmJ4KNRh8ftf246vI74-YBGIDOTpyPGoX9XDmZV2DJnCKNaSE4c4Hj86nWqzO5W2qvNvjx1eWyDCjGs8AuOEdu0XjJmdN6upd_FWU_m7fS-vFId-BeSnV3lO29oWjIDpAog2Fa55sqoRFz1pFEIbSGwoj4gPsjW59SLAAzHbg9mPIf1r0e9M5VkVHXOlYatMxN8RR0gcNhAz8wKsujsTKgd9LYkcbHW8cc72oXFTWlBulHlHaZNiQitO3Xg/media?maxWidthPx=400&maxHeightPx=400&key=AIzaSyCz0w_6ziQlJVYzINlEK2bj_7YAIKLtE0c"",""https://places.googleapis.com/v1/places/places/ChIJn5UYY9z_0YURNYY9Wx4FjtQ/photos/AciIO2e6Vz00LYSV-yBEuhY4Z4FNrR9nQsjzLqOob0ZgeEvtQnCkIRfJvKlLFm4qLvFR2Gp3sbF6xfJZAFDjkKQ_PJwaG27ZY2m9gcUDPFTwNoYFkA1Pft7EcaTyB8Lb1OmFHusJjBt-C6fxLs5VK7sn5yjUMm6WLVB4YzPxozsdb-xszwMYg7k4PdOq2QVjaXNWILFlVN_gRM6W6WGbqox613ZoFzDT2Z2HpSFJF7Y3M3U50cWEJnk0HY28dsRapKL10-vfQj5TaVfKnsBLDs-kyKj_pHdm-A7yFjL72SlV-dpeqPSZAo5pUtHN5KFITQh4OscEPti0EMUwr4p3CQk991O2FMv1q_osv0sgYz20dyYx0KZYyJG1UaQrmE_IlUIiQC5nGkM5uiBfxxm247fwoggWltmzOAvnEGjT7TgvZdw48U0x/media?maxWidthPx=400&maxHeightPx=400&key=AIzaSyCz0w_6ziQlJVYzINlEK2bj_7YAIKLtE0c"",""https://places.googleapis.com/v1/places/places/ChIJn5UYY9z_0YURNYY9Wx4FjtQ/photos/AciIO2cCf5T191Tp7XZ5VPSvZk9-9Q_A4Pia8-Xc9IxVnB30sg6fiAe4pN6i7IszgG6SWMRD8V7j_GLJ0v7FfysLWoiTzS0JOiMyWzKP45ZxonNf9AizWJqXo4Nj0srkpzG1r2CFYuYvIdOVBGwY6nczxWM5Y5T5gXGBamynHW412_3EqGbhGgxLkWmwKAdjlLTJZU8MnAF9-EP9YcmH8hYn6a6SaXwIkiqAWT8stXt6bujN71KcVjsJs8PjhoZGzSaJhp_5sSSqC-BzbSH26D4JNUGgBg63v1j-T7rXsuyXIwNGAmYei57ICY4ptUS3GEtydFuiYNee8PnpjQC5mu7P4-sfUKX8QEG4AmlEugSD61nNS3shxpikntRUZspvNq3zt7zLfYSnm19I-zCnJu2AaQjldfuSZddroTUm3MicFaQ/media?maxWidthPx=400&maxHeightPx=400&key=AIzaSyCz0w_6ziQlJVYzINlEK2bj_7YAIKLtE0c"",""https://places.googleapis.com/v1/places/places/ChIJn5UYY9z_0YURNYY9Wx4FjtQ/photos/AciIO2dbHET0BusgKcMD86uOzCrpgIz2R5FOPDIcHoaCQXWOx6n6NvtBVUo7Rz0CFaHLmkoz9ED3FT1ZlnNF5QxQeWg1CmS0CPr15E6Wkd-GvG-_YbQz13Ccj_zL1IXGAfevnsm2aIz0pezhoEW4xd0WINY9Gi-b5Wz5IAPay6bJS21IWXDm81eIJuG2aEHTXcm02cAzbiPVJz-DphBNltFkFqt6GFvp_qpr1Y1ngId2uX_CXN06vhJ32tv1U6-ZlJkh38vCuXx_1-e6yAmctl_9mW8rXe39Qc8oQIKXitr1xbqEql9bJfOEdHSOQYZS80NzkDiLCsyEECM4iwRN8vRWPEA4yoo7T2ivoGyzNvIPFd7UiQ2wIqYY_-WXHX0BiMzNXYzCFZV7XHflTt6bFi4uB7qmobj11QZcrdl8D9jKWjLXuA/media?maxWidthPx=400&maxHeightPx=400&key=AIzaSyCz0w_6ziQlJVYzINlEK2bj_7YAIKLtE0c""]",,,,85,2025-09-30T19:53:03.835Z
ChIJX3jnIK3_0YURKkYujmWa_uk,Estudio once pilates reformer,estudio-once-pilates-reformer,"Calle Marsella 53, Juárez, Cuauhtémoc, 06600 Ciudad de México, CDMX, México",,Ciudad de México,Ciudad de México,,México,19.4256902,-99.1591893,55 6801 5816,https://www.instagram.com/estudio11.mx?igsh=MXhhYm4xaXpyeGt0MA==&utm_source=qr,https://maps.google.com/?cid=16861083815889487402&g_mp=Cidnb29nbGUubWFwcy5wbGFjZXMudjEuUGxhY2VzLlNlYXJjaFRleHQQAhgEIAA,5,2,,,,OPERATIONAL,"domingo: Cerrado | lunes: 7:00–9:00 a.m., 7:00–9:00 p.m. | martes: 7:00–9:00 a.m., 7:00–9:00 p.m. | miércoles: 7:00–9:00 a.m., 7:00–9:00 p.m. | jueves: 7:00–9:00 a.m., 7:00–9:00 p.m. | viernes: 7:00–9:00 a.m. | sábado: 9:00–11:00 a.m.","gym, health, sports_complex, sports_activity_location, point_of_interest, establishment","[""https://places.googleapis.com/v1/places/places/ChIJX3jnIK3_0YURKkYujmWa_uk/photos/AciIO2e4HoQo81F_KHJ3SXnBmcM2NLrE0sdSuUpwx9CEG1PdU3ELO81dntYNkPDjk62tnIMxeNdjXWqAv5sTwBzaI_wkQsEIINFzceBjmUQjC3YDRc8eJa9QZzXSn7VoxUlvCB24SBFuDd_wNhr_oMTMAC8hnTw4dTmMcpgdzoSM9oKUu2IMSDCsFGpyiTibS4Fz7GaBilDJ-e3x1bB0AQby3sGuEvlaCr3w7X0zYGnmxuX5Q8cfE_vnDo-MIt7DJ6hAemnST2s2cate496G0goN0YfPVBl_jBvcpB8OIlyS1xiYzw/media?maxWidthPx=400&maxHeightPx=400&key=AIzaSyCz0w_6ziQlJVYzINlEK2bj_7YAIKLtE0c"",""https://places.googleapis.com/v1/places/places/ChIJX3jnIK3_0YURKkYujmWa_uk/photos/AciIO2ego-_xnbARTwXN-CfuUS5JTJ2RjK4wTBQ4iYrH6GvvVvrG3vs0iaEgyraSEXGoi_oiY9DiyThiBUz2CkdgrPg-UxihRoaZkx1ED00Kn_tbuJCZ6z5uT__L9EPTVlSFRbMMcyntFlJReCfsIGtcPJFZk2T4hjOPCuZO7-QL0v86OuND8R6qecLMLAYJYS0KPk7ZBei0c8q4HB3HvNiY3EK5dgI7yf3VqL7nMqi0I5YPiCpyVvbq6vH8trmCC4BZ88EJ5bpYZzELwAV4IlJljEVGkzxDER5ji4RMB8D4EN8MMQ/media?maxWidthPx=400&maxHeightPx=400&key=AIzaSyCz0w_6ziQlJVYzINlEK2bj_7YAIKLtE0c"",""https://places.googleapis.com/v1/places/places/ChIJX3jnIK3_0YURKkYujmWa_uk/photos/AciIO2euBcHftGxfL_KFu3fF3-e94gZ33-OZHTCecEstaGesUCcpZB6Svodz4idvkIPisMIRZ2nJ9EpB1Sa2cGDe78n-pFeIQi4PC4M2oVjQz5ZczhfCF0ogbhUdT3yg2OEaU2gz7EX3bk8czGV1RfJaZKZvsys18IC9lIyw3Zau2wP2tXCQNfYPDDxBQa1rAxlAfa4TyIHAL9Q9qnM4jWhxMMrSNt545n8QwKjX_M3UH4BQDc5ZyeaOlFTlo85I1ywORqAclOO4k1BkEjIhDxtPMV8q2OuSdDmlfesMUFPZs8n0-g/media?maxWidthPx=400&maxHeightPx=400&key=AIzaSyCz0w_6ziQlJVYzINlEK2bj_7YAIKLtE0c"",""https://places.googleapis.com/v1/places/places/ChIJX3jnIK3_0YURKkYujmWa_uk/photos/AciIO2exoKB-4jhw2G8i0clVSQLeYc7HFTrA_TSkxy2zMmAkult-XzVjSuOTII1FBpbTTzs97SNNQrI4ialYgGc8KYdvIaZSfFSHWv2-vG4Z0WNTa8f8EBclGQ1nA2k34SFJMy7fqZNQrp44QUC5TSBdMb-3cFbZLUhMYcLcsg7YCXCpNC7IepUh-mKGDhDUqG5LGPTlNl21OLKnShW0EZiAHaeiD5htGf2FlSmeMEUOtN8GfFAjC6OhZzT_w5_QM6Zdp7nKy9H9ZJPlHPWv8tECQrQ3egNWCb2e7bmLeAvCLqN03A/media?maxWidthPx=400&maxHeightPx=400&key=AIzaSyCz0w_6ziQlJVYzINlEK2bj_7YAIKLtE0c"",""https://places.googleapis.com/v1/places/places/ChIJX3jnIK3_0YURKkYujmWa_uk/photos/AciIO2f7JgJSauq4peQg958Jl2EZ_lXz0cct-WJ3lDA3Re0rWgwJl2wN0jJQ3Qq_lieTnXwwr_IJDc5t_H-_brEEYMgmjEYH5a0kITeSNDyeajFS81USQqNUv02es-G_mO0WOTwXE6_CB-b44_rKOOy3CQQCZzyxvrtFjpbBaBAD__sH9j3pDJN6nE1mLBgvCWtm8t0HDITdQeho-4wOYB731k7HCzEsbu0cSpjRqEu3Y2_NSk9Iw1l93ilazly_950I7i_8ZkWz5EZn0BOtd8tkpAHc_U1YJoYaGbJ1fwg3xaCcCA/media?maxWidthPx=400&maxHeightPx=400&key=AIzaSyCz0w_6ziQlJVYzINlEK2bj_7YAIKLtE0c""]",,,,85,2025-09-30T19:53:03.836Z
ChIJAQDsHTr_0YURJkDbhQTQoVc,PontePila Pilates Roma Condesa,pontepila-pilates-roma-condesa,"Colima 220-PRIMER PISO, Roma Nte., Cuauhtémoc, 06700 Ciudad de México, CDMX, México",,Ciudad de México,Ciudad de México,,México,19.4191377,-99.16215629999999,55 5466 9483,https://www.pontepila.com/,https://maps.google.com/?cid=6314556870394331174&g_mp=Cidnb29nbGUubWFwcy5wbGFjZXMudjEuUGxhY2VzLlNlYXJjaFRleHQQAhgEIAA,4.9,46,,,,OPERATIONAL,"domingo: 9:00 a.m. – 1:00 p.m., 4:00–5:00 p.m. | lunes: 6:00 a.m. – 10:00 p.m. | martes: 6:00 a.m. – 10:00 p.m. | miércoles: 6:00 a.m. – 10:00 p.m. | jueves: 6:00 a.m. – 10:00 p.m. | viernes: 7:00–11:00 a.m., 2:00–7:00 p.m. | sábado: 8:00 a.m. – 2:00 p.m., 5:00–6:00 p.m.","gym, health, sports_complex, sports_activity_location, point_of_interest, establishment","[""https://places.googleapis.com/v1/places/places/ChIJAQDsHTr_0YURJkDbhQTQoVc/photos/AciIO2e6lj-6-1xpzAKsasGqqcxNGsACizWjD835dffTQqhumxARcJ8VHPkHT27Hu2sccb1MrqPGQPER5XC4fGZwvDrbEhL_ME4AEPuDtqZiZToPgGMCK1MsjcO_2HzCCc33T6EH6OvBg5tnATR-bm1taf91olRCd0mKkYRSNcWGqY71z9KI-GvdZTsUbYEbPt49yt87qJRxJLm9qf1eGlkUN4HvlumQk60cz7H_BwbNNtUqsvdcHHylyL7cHDR-E-U6Qp2rz8r75werhYzyTuGgr5t8IzlRQYEQV1uQns3d0rwrAA/media?maxWidthPx=400&maxHeightPx=400&key=AIzaSyCz0w_6ziQlJVYzINlEK2bj_7YAIKLtE0c"",""https://places.googleapis.com/v1/places/places/ChIJAQDsHTr_0YURJkDbhQTQoVc/photos/AciIO2fV7NbqmIcxLpaD3jDaHS9DP1bGt3xCS_y3IcdmVLx1y6mwi_q7YJ4me6BykM1kOTATjEl9pNYMMglYGmKBpl9-BtqGtuPiuWR2hMH7a9t7xRtixngbYklKYJIxKDr4gtdFx0aCJfUGYoyXse7CgV6PxBgCMqHOc5eoROkYbqLYqryPAZ6YAap9NaECkWSTy-QDCKQ3Lh49SAhhrwxif0O8xs8CcVRDLESS4eptcQci8kO3QJVo_hOHi_f4PnlY_O-U3Hw1FnQXQ5QWfE-L_oIlJYWgsfIX2xKPWA7L-yqqaQ/media?maxWidthPx=400&maxHeightPx=400&key=AIzaSyCz0w_6ziQlJVYzINlEK2bj_7YAIKLtE0c"",""https://places.googleapis.com/v1/places/places/ChIJAQDsHTr_0YURJkDbhQTQoVc/photos/AciIO2c-ENnDTOyCLuqiT4yEJuqARrTfU-s4nk1aacLsEiJ59pcwmSZRUyE1VGCQI4EJjY3kMPvc6bE7tdZQ78wSMjybul8TrRsZZhdWM6mWHieZEkRThWUr7Tce7CU8kkmfX6EDEUFWcLHQD_GtUUnsm7LIPuhRwdR4pOR80T9vo5viv2Ea6DfQmjauRYL6OqaCW6ifuLDsecNu0NQGvWOjf2lo3QJR_2XJ4rrqZbLLpWZvYJEz2wS8P-VpaWxdkuVz7uobRwyztxGIPE7AyNzyiafdI-nNTR9fhYWkCfKaYH_Otg/media?maxWidthPx=400&maxHeightPx=400&key=AIzaSyCz0w_6ziQlJVYzINlEK2bj_7YAIKLtE0c"",""https://places.googleapis.com/v1/places/places/ChIJAQDsHTr_0YURJkDbhQTQoVc/photos/AciIO2diT4S-Q0nk3nLTpyTo1VqZtBA9oiqWRJyNiRFmqWvO5TPUhtuMcaoCcTN-bt16jlVwsMvRe2-d-Urll2wgBF0AB3gbtsA02u-nrNDAXUKDCAAPvsJqugUB_oB-aw1LzAB6WMZPBQ3mUpXh-9pcGgPPJCJwXbFmtUZsM7y_0UzRIx3VdeeQPExNcQ9UY_68BtJPfea1yqCD8gvg96g86YJtCy4XZg1SzP_0SdK6_DmJqhVAJM2YBDTQaOAiLb0B8p_03dDd-mISa63qbKxyNGCA6wMEGwSMYE9Fb0DwpBRLK63ecKoMqCmCyc9OUXsU0akdEbSlnrASctiDX6tAPAPyH9AkXXGvqZiU1vqvuL0Jove1UgiVCoX48d2x2TYa1oNmLHrRXEX2X7kt0rP_1XTb5uBGtqdH5xCrEeO2FCQ/media?maxWidthPx=400&maxHeightPx=400&key=AIzaSyCz0w_6ziQlJVYzINlEK2bj_7YAIKLtE0c"",""https://places.googleapis.com/v1/places/places/ChIJAQDsHTr_0YURJkDbhQTQoVc/photos/AciIO2dFR9L4ryDtgtJSitcAMGNQKuovpPzUduEXeUmpPIplmzlcI8g9qDCqhoo2aourkDzovrYtNq-JkJ_8etUVLRtERlsL-n7FFtUZPIqh377GbB0aMy4NI_IKIvaS8YYNUcjF1CJ5wfWEu4J3KfBMfDPYbrB7SAyaEjxwrmuD1kUHZl0_p2mQ6zpYznS0gc4U8R3J3jEqlpIU2mBdL-Os7uYwsr5-QJQ_W6ZTprs2yvKbHhwzZUptLeyvjbgO846uteWMRqv-g0dkSU6ocm73pBvS3i9TsEST2gU4H5S26JOFSfzcVaaxVJrZC1D93U0MQ9JRpl_Bc9RYhFKXgRaGlrfT_yAIlwKWETPZzXBgN4nkPJBVu_cmXyo4cTOqa7utJLY0WgRDwuVkQsdF0zqGGFNfGr86x8ERhRLZdnLscH8ihQ/media?maxWidthPx=400&maxHeightPx=400&key=AIzaSyCz0w_6ziQlJVYzINlEK2bj_7YAIKLtE0c""]",,,,85,2025-09-30T19:53:03.836Z
ChIJyZ_tDwD_0YURkVge-QDGE_Y,Le Pilates,le-pilates,"Isabel La Católica 874, Postal, Benito Juárez, 03410 Ciudad de México, CDMX, México",,Ciudad de México,Ciudad de México,,México,19.3909553,-99.1421264,,,https://maps.google.com/?cid=17731733865369589905&g_mp=Cidnb29nbGUubWFwcy5wbGFjZXMudjEuUGxhY2VzLlNlYXJjaFRleHQQAhgEIAA,4.9,24,,,,OPERATIONAL,,"gym, health, sports_complex, sports_activity_location, point_of_interest, establishment","[""https://places.googleapis.com/v1/places/places/ChIJyZ_tDwD_0YURkVge-QDGE_Y/photos/AciIO2eSqorWU1orACUKGz18IslenbggiSPZ8fRcB23R-jhxcIToAeQnS6haNFHW-z87A7o0CAtQG0Ny1113dGliSvBTjskeSys0elolSN71DJb9dQdXPNlQ9s13tv40M2WWT_KaKiHIbc_0SIfOZkQwiSBCYAZ7KOZdD7I8qfTD-WfPbjDD66dCkqN7X6qVZckhHsjH-81V-KB9C3dY_9fHTF8ASxYua312_Tz62bhirvaFmDzQrPa0V6JXHPMq-TMbfIkLq69i4vc_i3vIX3Tgw2HGxyJBuCN_EK1gNrkyLyeADE5sXDJiJcYyCE5qSuiEnByWtUUpI9E20i8vpMeSalAKXl-LFZYg5xnCH7Az0hsmBGbV5Bfz7fqF-UBxH69ItNvPrHQQBxoPaklRgapC0J6SM17IVXY7pcHVjOYuRzQmjj3Kb8bVulHkSR9PWQ/media?maxWidthPx=400&maxHeightPx=400&key=AIzaSyCz0w_6ziQlJVYzINlEK2bj_7YAIKLtE0c"",""https://places.googleapis.com/v1/places/places/ChIJyZ_tDwD_0YURkVge-QDGE_Y/photos/AciIO2fKI41x50Pxs8P7svG83yRsjDfMaLe_C3BVfPtKHVCKnCriRP3fb5X3FQeQPyfm8G5fRQoubqS0FPFmwRpYaoNCy8VywzerhEevNc7LI15qqfnf3rXiAAETwk7yn1oMtbY8Gb1iw6aemA0EFrhVJwZCrFMlUrDzqUxwwHwoWK4yz8jE368oKvBOJgS7Q_qilVgjqJQVci5sMdB18ZKtJaHlwGWrbUnBfDFdpLs8-wNGlesHpvSZE-hbyJWpkJRaILpaHyj8OzxaRLeF58PC0cQw7HebbPa6W7b92OOTTmtk1APeJTNvNQ1EQx98lGGQhH9q3NSv9UWJuFuK83SGI71F7oWb3wbSUDnloq-gT0fiM8KzifGjHe3ECpszNi_NdByQ9q7TqDvXuGXP0yOe8PbqqTG5T-EYsq7QYZuOopEFMxeRMDY_DCh8-2HpyWB5/media?maxWidthPx=400&maxHeightPx=400&key=AIzaSyCz0w_6ziQlJVYzINlEK2bj_7YAIKLtE0c"",""https://places.googleapis.com/v1/places/places/ChIJyZ_tDwD_0YURkVge-QDGE_Y/photos/AciIO2fd-rP1ZeRoW0nV--wEH1YbS8sqF_svAFrsEDaqEvd0tqM_msd0p-7rUsFZ8dI5xDKGKiDxp3yWI9BFqvHPOHWlhB4dBJP5r-pagwWalxmp-NYJgiAcK3FEkXsrfUub1I8iorjR1sCmPfRl9PAhNuGkBblYEPzXQEWqGOV09iTwS6R4C4Q8Otxl7mmLaEcj0mHLysuLkexquI8lM9kZJQ0RAZBUZQji28UgWvnroqp25b7CrzGuacBcAPKHoHMv7XHwKOVFEQHvxFg3gkc0o-OLDlavp64uLTJeogTyTUBHnU73g0aj4oQkh6NbKtLS3-iLqIKv0AnnOoj6U1pBpbrMvtJNljP9mlfma0eL2_Ey1EyOrsgiH2DFwS7HtBbvtryqaKh-lMlJERB6sHflfZ-cRqmVoyfjW-WXwqJA2oYwgRkJ3_BAdM0aB4CC7g/media?maxWidthPx=400&maxHeightPx=400&key=AIzaSyCz0w_6ziQlJVYzINlEK2bj_7YAIKLtE0c"",""https://places.googleapis.com/v1/places/places/ChIJyZ_tDwD_0YURkVge-QDGE_Y/photos/AciIO2cffOGaP_Gkp4aOgguZEVjH13JyABcUttDKExUVQ_9i--EJZKlA85CAWK7bS-T5RBUeuI1QXKnMCL855mdGnnIMJn_PqCBPOvp2LjibNZS4vRnAO-jbE5b9ubYYpzdX7rrhRYuISV3KjVHHzIuGt9gVEJ30kjyVAVptBnw77o039yyrX9HiNF34d0TpJPK_5yTOpUEBKPIG0rSAQBWywIMrqaTP46qzhvXudwgpRKwhmLHXPCtYOHPJReU1qeMZu6CdERrMJlPTws49EGkWBnSKE7e_vIAhAsvspUUZOMc1hne1cuJy_a4ChlVUsNhd0jqWpHfLDUZdfaYJrGZGrFGJIfdngqrBI4ATg3f1-UQ5GRH-noEEYIiCoMaZsE-IbqAfDOrmmCruYGQxD7AnMGqEJBnutSGcB1dkJ3SKTXiJJVmdE5sMdfu1jxm6sw/media?maxWidthPx=400&maxHeightPx=400&key=AIzaSyCz0w_6ziQlJVYzINlEK2bj_7YAIKLtE0c"",""https://places.googleapis.com/v1/places/places/ChIJyZ_tDwD_0YURkVge-QDGE_Y/photos/AciIO2cqJjT1sFgeo-8l549gCXIvfiaYj2N5F19Zo696eZ9UGHMbKNaPJqvJW48TVrzUz31vHbQeYxZ66ECovsSlt2-VisUsq72FBo0hopuFblPZiHL5T8PDouKZliCQZBKLFQw976tFnyfBMKxU6J10axOj56FX6UXCVEF0NGY1hYdMWOBj_30vDFpOZf_--NGZsD3vKeH8SvB60yaVjaR3RljCSaxD30IB2E6IzKK20J6xHKzh5_Eg7gLJ2zN9p8GUIzeGh5U13aWoarQczk-tTy0w9hIvjRIOiKz4IYJQ8YA7jFZeNdwlwpr5oGt314P5KjgPJ2-gIR9fPZL_LelNO5iY9o2JN-Zrt5qiuamDScLtXy2rT6tyekoLvq3053J-RIublshP4IFNOD6svtjXgStTTiWehGhdUGukgB_HTtewfpju/media?maxWidthPx=400&maxHeightPx=400&key=AIzaSyCz0w_6ziQlJVYzINlEK2bj_7YAIKLtE0c""]",,,,55,2025-09-30T19:53:03.836Z
ChIJubMJn3n_0YURJJmrMIeNSoU,Cat's Pilates Studio,cat-s-pilates-studio,"Acapulco 36-Int. 101 primer piso, Roma Nte., Cuauhtémoc, 06700 Ciudad de México, CDMX, México",,Ciudad de México,Ciudad de México,,México,19.419613200000004,-99.1739544,56 3588 0415,,https://maps.google.com/?cid=9604644767097657636&g_mp=Cidnb29nbGUubWFwcy5wbGFjZXMudjEuUGxhY2VzLlNlYXJjaFRleHQQAhgEIAA,5,3,,,,OPERATIONAL,domingo: Cerrado | lunes: 7:00 a.m. – 8:00 p.m. | martes: 7:00 a.m. – 8:00 p.m. | miércoles: 7:00 a.m. – 8:00 p.m. | jueves: 7:00 a.m. – 8:00 p.m. | viernes: 7:00 a.m. – 8:00 p.m. | sábado: Cerrado,"gym, health, sports_complex, sports_activity_location, point_of_interest, establishment","[""https://places.googleapis.com/v1/places/places/ChIJubMJn3n_0YURJJmrMIeNSoU/photos/AciIO2dm4CFBKw0sBiAISs8ZEnC9rPwbmQUaCQeYaA4Ko5BbOqbPvGb6WW8iT69hX95XjePFsqS3VRHFbDeTjyR_9-C4r5uaqc7XtDNx6W-KXjPHEgzBjRIvgeoA8DTQXG94AAIUIZAMIvglqLpTP3fnuYcE7uQ6IoIucQEIuKSrOqq8dNCiqanRz5aanMlNvAfIymfAg6I4RLhUuMjVvPpUzMWWF7uRcJnaWYOd-jQWUfO59oAtc7hmfBZI7qSQ0_0qnrk-46Pernfqulw85qHz19lO8VsuSzoCLb7GSv3aJ-gG6Q/media?maxWidthPx=400&maxHeightPx=400&key=AIzaSyCz0w_6ziQlJVYzINlEK2bj_7YAIKLtE0c"",""https://places.googleapis.com/v1/places/places/ChIJubMJn3n_0YURJJmrMIeNSoU/photos/AciIO2f-LqFWo3TsM3lYbGXwRPb2JSjZPpFqBqZKoYCHLJQk6jHZSyHRE1TwBvppZCXKkA4zHhCJcjEEtIwlK8q_IUVy7UtjRGOLYEavWWvNCvu3XccPP1vemkuWjSL6JR6fY68i61dgS5ab9-flNhQR3clB_aramAwTcxcGnYUp9nAZFhHHGWgFMOcqZrauvI6ywvly0ppLsHh8y8vXYZlb8TS1j5LIn6-ltoPrvGL-uv-JNPP08RJ1ibIDV5gw7V8qwTJAhGEDg5-zrD_nNYC8VX3TN7fMxLcMl5FFRHUmxBXbgw/media?maxWidthPx=400&maxHeightPx=400&key=AIzaSyCz0w_6ziQlJVYzINlEK2bj_7YAIKLtE0c"",""https://places.googleapis.com/v1/places/places/ChIJubMJn3n_0YURJJmrMIeNSoU/photos/AciIO2fQF6gHjFOztIRlAwpDDF3-3s_hfz12S8IcMS9IXtZvbdnpGI3YNPBQv0LuDLCTTrLQyokvWs3qSCRnEJycqVqiyoCYniLFb7mv9kBw6bIBRtDTEW-XhEPTzEGSUpwFSPBca2hBXU_9JJjDnFXY6eZGFeWH6ufc7eIaraMvZCvaund5J8rlV2iyV-H4ASd4bS6Hy25ZnRUc_OcNHSO_92gg2wCtwQiKGbdFiqqIrEmapZ6Jd-nZgvnunNa-QBXKib8WSzcAqqkHCVmkdYmMrjqMakokfp8F9WCFYHb3B2c2Jw/media?maxWidthPx=400&maxHeightPx=400&key=AIzaSyCz0w_6ziQlJVYzINlEK2bj_7YAIKLtE0c"",""https://places.googleapis.com/v1/places/places/ChIJubMJn3n_0YURJJmrMIeNSoU/photos/AciIO2fYufpKM2lcFOkMPf6s_2oFRpOKfFYYDJtpUriIdBbwV3kJ6W6MXoI32LP_IugR5Puym0ZSgusq-V-KlNiwRGRyNi13aT0OoiJJXLTVSAPSqrA7mf3jQgP7nercWgmkj0wWGpW7e-qe_9xNsadEtUAGyBxXyCCFWcGLd7BNPIcc2d-NV2PojwSVpD85eYUDcwgRYFbarn5iJhZFeYPDE9DtuQUp2O8_WkKlVTQMdoO_LstEbeyLEOspUDTVi5MD6SZpE9-fOgxQzwbOq96h-0bwx-Iv7ijh0WJwmw0Z91XIow/media?maxWidthPx=400&maxHeightPx=400&key=AIzaSyCz0w_6ziQlJVYzINlEK2bj_7YAIKLtE0c"",""https://places.googleapis.com/v1/places/places/ChIJubMJn3n_0YURJJmrMIeNSoU/photos/AciIO2e-77LW2FLimW_tPR2WfV290-I62jtKt_4LIS6OCLqE3nx7vwmfkgih9JiLY1V-jv3ReVCVes_aphZ9CtNlvDq6qdHjPikDRX1UOP5z45STNhS2nUipnqWjskjNwaNkzL6n10JeX-oZWhqD_u07exdXH7wXQV9IESTKxmRHqqAd5KFqMDxjnIWX8KGgHT_Z1rDXlNgHb-XcgtaJpOYOMMzUdcPj-yF3yMtVQw9pYYZFphAB7IHCYrL8bq11c7AWC04rEh4YVLF_Uy9pwaBc_B8NqI7Njk_lGQAqnSNZ5RIBDg/media?maxWidthPx=400&maxHeightPx=400&key=AIzaSyCz0w_6ziQlJVYzINlEK2bj_7YAIKLtE0c""]",,,,75,2025-09-30T19:53:03.836Z
ChIJd8j5GYr_0YURMiFsyI8qCBs,Pinche Pilates Te Amo,pinche-pilates-te-amo,"Av. Yucatán 69-2nd floor, Roma Nte., Cuauhtémoc, 06700 Ciudad de México, CDMX, México",,Ciudad de México,Ciudad de México,,México,19.414519,-99.1642755,,http://www.pinchepilates.com/,https://maps.google.com/?cid=1947853635868959026&g_mp=Cidnb29nbGUubWFwcy5wbGFjZXMudjEuUGxhY2VzLlNlYXJjaFRleHQQAhgEIAA,5,25,,,,OPERATIONAL,domingo: Cerrado | lunes: 7:00 a.m. – 7:00 p.m. | martes: 7:00 a.m. – 7:00 p.m. | miércoles: 7:00 a.m. – 7:00 p.m. | jueves: 7:00 a.m. – 7:00 p.m. | viernes: 7:00 a.m. – 5:00 p.m. | sábado: 10:00 a.m. – 2:00 p.m.,"gym, health, sports_complex, sports_activity_location, point_of_interest, establishment","[""https://places.googleapis.com/v1/places/places/ChIJd8j5GYr_0YURMiFsyI8qCBs/photos/AciIO2cHgJB4ptLReGAxK2syhsclM15h453ZqqLRFsH3mIcYD7rmJoq6bzPOPhSWmB6wb3oCn7ev5_ZVM0HDGMsbLhpL1ocgTaYmeEdJ7tEo_NGvJoZ8uUxjigR3_tD4Dt5vk28VrUcphDXq2H85aMJ50UXQQSDcXYP4quIMrex5xdcYmv-lqphLbsJ3sSPSa5zVfXBPP3T5wLY50tIxii7CouffegtsBxaqGFccmH2BCmH-uQCPzg53Ubf6MRey6dF8XcuW_y5zs07pzmoFdgw6X2BvfNW4tDgyC9-TEBVSkx5bnQ/media?maxWidthPx=400&maxHeightPx=400&key=AIzaSyCz0w_6ziQlJVYzINlEK2bj_7YAIKLtE0c"",""https://places.googleapis.com/v1/places/places/ChIJd8j5GYr_0YURMiFsyI8qCBs/photos/AciIO2dfLOcNrvVbTJ_yNUEJu1ofPAuSO0rEsiOntac-4-e8Xhq9uHTD_pJ5QgZ321NaX8n-xLeMxfG4nt1_0C22KgyEPSWkjJp-V6U-e7JuibOzWmtAs2AkXUOnaau9P_kNXZx9fa3i3vb5HtkRYdAUbO1CuqDViUT0fboEyA7QwbAPhyIt9IDqMMM1ZFcIysBg3tRsGCnp_CXvqEcvf5kBsGDSyMcI0plD3687SYUKDvIs6avDQfuBd0AdYB7_zmnGfzqAOAmOGXwzG35vReCUYrFF7QYdM95t9j5zZAiaQoHZmg/media?maxWidthPx=400&maxHeightPx=400&key=AIzaSyCz0w_6ziQlJVYzINlEK2bj_7YAIKLtE0c"",""https://places.googleapis.com/v1/places/places/ChIJd8j5GYr_0YURMiFsyI8qCBs/photos/AciIO2eNSg8W6AnB-B_8Won8G-vK_GOYeOFizbsqt4Bm_Ll3KOl79DIGRj40zLi9w3sJNbiDpFuFHttGcck-IcVvQ7JQzdTOwkThr1OSXv7-ys0fgz2l6BhdugKhtMgWkqWsfwiKe9bOR8enzL_ZaQ33sgdiVa3y59M_SDQAohZLQcrODHe1b30am54fBq9fbONxtzxSlzfJQljudbS81c3xB_3Cql6MuMxZ5n2wNZG6KxhmQObrypuOZ48QpxfUsfYfaOAzCpvpSlnVPPQ5hHpdfmrtwZI_wQVK5BUKzK4SwBCYLQ/media?maxWidthPx=400&maxHeightPx=400&key=AIzaSyCz0w_6ziQlJVYzINlEK2bj_7YAIKLtE0c"",""https://places.googleapis.com/v1/places/places/ChIJd8j5GYr_0YURMiFsyI8qCBs/photos/AciIO2fpHCVV0oZeeeK2343JM_1C_GLaXTo1NeuLE551p66lFSC_zA8aibP92YkglIwE8DYjMqxWVYPy7xXYQRhz4kEKYTwqCo4z_BXq_3a0L3nys9V8bqr7_pdN5tLc6QZ61__zaePIHKJxSOMknb_7242JKZf4oVqyxiU0EBCBP421PztHG0HOIp_NcRcjKpEZcrel5L6pkaUGUKAmQiQq9tFMNEgEI45BS74WrthheJLnq6eF4wDLxP8ZM3QSSxq4psfyQh5FVBJZMJQWmkb2GWiwXN_OZh_CTasIyub_gkmcYoHHi_WROAJgS7gvCfqj-91KevMXb5mHjrzWG-Z1YVH-mpls4oCb4XCpCWO3sTUemSIwrTIjvTh5J8_Ox3QI-wmjniU7TI8SLJ_JRGLUwx9FI4dznKrbtcoXwTuzFsgaMg/media?maxWidthPx=400&maxHeightPx=400&key=AIzaSyCz0w_6ziQlJVYzINlEK2bj_7YAIKLtE0c"",""https://places.googleapis.com/v1/places/places/ChIJd8j5GYr_0YURMiFsyI8qCBs/photos/AciIO2eEjBF-qwP51xI3hEChgvjlcI_tttfw3caRQYPrdNY_THVPINoajKgKBhBbWDd1QmNB1f49JOen1pnvE2CFn8YwDglf__mvAEGnET1znmDaUv-sSrIJ8LriLozfg9L0veFZotv7VwAS_TqhoEMj5Yy0bPemlvJxEWB1DKWKzXfVxzxnkMSPt1dLuQJqum3hY2NnBkstmmh1EpN2iDdu-Qq3-kYh64AHwejdFX4lg6zVCk1Y_0YBm0pP-LDXSeqYj70dTMyZ5HouirZPuKzSArj8ZJGgWeyVBEWvnZ5-qCpV3Q/media?maxWidthPx=400&maxHeightPx=400&key=AIzaSyCz0w_6ziQlJVYzINlEK2bj_7YAIKLtE0c""]",,,,75,2025-09-30T19:53:03.836Z
ChIJd3NdTfj_0YURedo8zdQaJ6Y,"Sensit | Pilates, Barre, Sculpt Body, Yoga, Stretching, Ballet adultos, soundhealing",sensit-pilates-barre-sculpt-body-yoga-stretching-ballet-adultos-soundhealing,"Tabasco 152-local 301 y 302, Roma Nte., Cuauhtémoc, 06700 Ciudad de México, CDMX, México",,Ciudad de México,Ciudad de México,,México,19.419093500000002,-99.1593884,,https://www.sensitwellness.com/,https://maps.google.com/?cid=11972567635666459257&g_mp=Cidnb29nbGUubWFwcy5wbGFjZXMudjEuUGxhY2VzLlNlYXJjaFRleHQQAhgEIAA,4.8,159,,,,OPERATIONAL,domingo: 9:30 a.m. – 2:00 p.m. | lunes: 6:30 a.m. – 9:00 p.m. | martes: 6:00 a.m. – 9:00 p.m. | miércoles: 6:30 a.m. – 9:00 p.m. | jueves: 6:00 a.m. – 9:00 p.m. | viernes: 6:30 a.m. – 7:00 p.m. | sábado: 9:00 a.m. – 2:00 p.m.,"yoga_studio, fitness_center, gym, health, sports_complex, sports_activity_location, point_of_interest, establishment","[""https://places.googleapis.com/v1/places/places/ChIJd3NdTfj_0YURedo8zdQaJ6Y/photos/AciIO2f37RAunx52sb3y25AMQz7UnHGxJ7gMAu5JlDp0ZUUNdEDvE4M3aceDgYoHCI9IexkYNm0R7b9gB9sNIWgbT-D-9UWtXQ_dPDMxn-fyIaeRm25gWoq8lRlokbfpP63GLHznUV6wZ4i5eSd_snuUpkQ3qcMr9ZPzsYjZ9TT0YsNC8BpBFClaEQQ5oTqG4BiVjYatcOyIDOpS-0s56Zz6Aw7wGA0eu2QAF1JT-6Rw-c7hogYtKsibRonj0iViPtYZW4OoRNUFBfYLDbA1MmBgRgWhkkEq2YhvccF5l9RszuR0UQ/media?maxWidthPx=400&maxHeightPx=400&key=AIzaSyCz0w_6ziQlJVYzINlEK2bj_7YAIKLtE0c"",""https://places.googleapis.com/v1/places/places/ChIJd3NdTfj_0YURedo8zdQaJ6Y/photos/AciIO2dAavwFw9zFIwhCPhV2u7xgIHJoYgVoY6zov4tYbSt_lqE1Zwj8HK7KUZ9n_UJcITy7SC8ukxWAOuBKARfqe6o5sFDIwBvr43mMC9XVjig-9-kO69rsd0jTm3nX7Q6bTpEcWl-JUVaLLLhMJgiFwHq6GHGGsdJU8vbYK4t2arjcmmPo--fPTwo0UqQuKTI5BMH9B-5A1O2OfrTdfgsdzR3URVqNlW36qk58rqrM7O8BxZmBz3F1gOdDa7zD4Qm2xDLYih1exK3KlFBXI2ZX10LYtVmNz1Kq3JxGI6f3onZ2RA/media?maxWidthPx=400&maxHeightPx=400&key=AIzaSyCz0w_6ziQlJVYzINlEK2bj_7YAIKLtE0c"",""https://places.googleapis.com/v1/places/places/ChIJd3NdTfj_0YURedo8zdQaJ6Y/photos/AciIO2dhIXap0O3Ck5xV1oNhZzNFBnuQJ9Eb8ys709ugR8UwSgDPKGcRqeZd1mtb5X_zwvKKA6sJQkHFsBxHQ0IEXQtHDYMXf57UsyLmNAbIIlgYmP9vYO7IXFdpin6gTfcqfPXXL8lbFFvn5JyxiL_DWWPVzslvuX7owwLSoFUfXH6qm9SCeYHlLQgNAWg74U3h_0tTz2If0bULedkgNqHLWsXD7LLQIHXaAYlHKgOpB5jH6M7vgpD2JQ5AehZcwkaSqiMygkE3WBJBm3za9ekYI0_3F4SmmMMAaEbBGfKQx190pw/media?maxWidthPx=400&maxHeightPx=400&key=AIzaSyCz0w_6ziQlJVYzINlEK2bj_7YAIKLtE0c"",""https://places.googleapis.com/v1/places/places/ChIJd3NdTfj_0YURedo8zdQaJ6Y/photos/AciIO2fzwdBbcV63snbIvIw1oKDTZZSMLztRq3QOpWWvR6Zdw_2SVWzgq5zWDzzKluyK2jNuMHvXceFWifh18c0B95jCLyRST0bf7In3VC5jy44xe8f4cgMDtwkWARCDW-NR9K9HfLAhfxosrb0OgorWYc7bimPvv5tXOX4nzPhR_WKz8hwP5LBExlHCj1X8nNqFDAhavBu8dueugI4NzsfGjFTwpdQ3U5_IRA3H2nvh80nvbfA1cLxIdDBs8WIhmuaWYrlTiZcj1URUK0xzaEeFGE4mpmRGTV8nHm46zbQ8J417gA/media?maxWidthPx=400&maxHeightPx=400&key=AIzaSyCz0w_6ziQlJVYzINlEK2bj_7YAIKLtE0c"",""https://places.googleapis.com/v1/places/places/ChIJd3NdTfj_0YURedo8zdQaJ6Y/photos/AciIO2eZLjumgnrfZpEekCn63wZSq0U0RRqAZjgSBR7J727PeBOA5h4E0n2-BBxL68iLxwHWQxM5G5ULAqbirCF7O7QlGg2L-3xzmblikpr8UgWdn_9I3APSTfsXy2J_-a6G7lFJYaxz7TzUthfBcC7Q6wsES6h_kcJsLbl2MY1Sz8QcQ6cpekIlVupOsKkZ2qF9NcC_SuQbhEgzYqurq8Fibv9m53LPrbdHY1owbH14IHmKlGam-RZk0_4D9KfCKbu9YleQwSlmAVUwHVUBFiSQdOlI871NChkDr-cKxNpAJ42Fpg/media?maxWidthPx=400&maxHeightPx=400&key=AIzaSyCz0w_6ziQlJVYzINlEK2bj_7YAIKLtE0c""]",,,,75,2025-09-30T19:53:03.836Z
ChIJn0nAOfn_0YURSKCMy647kKU,Brava,brava,"Calle Dr Martínez del Río 55-piso 1, Doctores, Cuauhtémoc, 06720 Ciudad de México, CDMX, México",,Ciudad de México,Ciudad de México,,México,19.417381799999998,-99.14661989999999,55 6113 1548,https://www.instagram.com/brava.estudio.rp?igsh=MTh0OWd2YjFvcDFjNg==,https://maps.google.com/?cid=11930101034829783112&g_mp=Cidnb29nbGUubWFwcy5wbGFjZXMudjEuUGxhY2VzLlNlYXJjaFRleHQQAhgEIAA,5,1,,,,OPERATIONAL,"domingo: Cerrado | lunes: 6:00–11:00 a.m., 6:00–10:00 p.m. | martes: 6:00–11:00 a.m., 6:00–10:00 p.m. | miércoles: 6:00–11:00 a.m., 6:00–10:00 p.m. | jueves: 6:00–11:00 a.m., 6:00–10:00 p.m. | viernes: 6:00–11:00 a.m., 6:00–10:00 p.m. | sábado: 7:00 a.m. – 12:00 p.m.","gym, health, sports_complex, sports_activity_location, point_of_interest, establishment","[""https://places.googleapis.com/v1/places/places/ChIJn0nAOfn_0YURSKCMy647kKU/photos/AciIO2d6cX-QYMlalSqQbpHTlxus9LKgxmWwuQI3YOWIM8W4sN8hWfOHh-dTcDvkjiDEVYm9q_iaXnBeYUFBupFHGCfnLE6tCIRZMfa5ahX32GcbLs90GCWW17yTggv7BpOOMpK2K4f9dqiVWlGZHrIxz-AIN6EJMaV4avvdvVzhL4QJAN-7i57FEZopiwgCpoKR3MEQgpgvQ_X3385Id-fYI7KUPje4fY0rRYdqJ5F78vWXlb0h4t2kqg6QPuzJzFVQ0lbiSg7CC0csP2wrL5CFchcstd7tQejOMryKzK-w9SXysw/media?maxWidthPx=400&maxHeightPx=400&key=AIzaSyCz0w_6ziQlJVYzINlEK2bj_7YAIKLtE0c""]",,,,85,2025-09-30T19:53:03.836Z
ChIJwxUpfh0C0oURZcB7we31I_I,Authentic Pilates Mexico,authentic-pilates-mexico,"Campos Elíseos 413-Local A, III sección, Lomas de Chapultepec, Miguel Hidalgo, 11000 Ciudad de México, CDMX, México",,Ciudad de México,Ciudad de México,,México,19.4301991,-99.2036411,55 6537 2726,https://authenticpilatesmexico.com/,https://maps.google.com/?cid=17448059782865600613&g_mp=Cidnb29nbGUubWFwcy5wbGFjZXMudjEuUGxhY2VzLlNlYXJjaFRleHQQAhgEIAA,4.7,38,,,,OPERATIONAL,domingo: Cerrado | lunes: 7:00 a.m. – 9:00 p.m. | martes: 7:00 a.m. – 9:00 p.m. | miércoles: 7:00 a.m. – 9:00 p.m. | jueves: 7:00 a.m. – 9:00 p.m. | viernes: 7:00 a.m. – 9:00 p.m. | sábado: 8:00 a.m. – 1:00 p.m.,"gym, health, sports_complex, sports_activity_location, point_of_interest, establishment","[""https://places.googleapis.com/v1/places/places/ChIJwxUpfh0C0oURZcB7we31I_I/photos/AciIO2daCVSzCTy8v9syPEqmZZEPBvQkdCrB__53wakVj1OL4l1M3z1h43IPM5VzbMBbfLrSntuy4z_E4yKzlj-XmAUmkX_q8hwlEL7EhgK1pU--I2nz6GnNW5NmZVzi2vGHtNSelgPupQHMGM0OIwnUqXNIKWdQ8y4s9zD-l-yQnRdBqKBmdxWEP9dhaoMxFeUz83bXJb7gFbKmJftRodzYohur4nfbF6q6sV-f-VR2LYcpItTJaZKbIbeUDqws10lMItx7DbdxgOgXS8XTWJNw_FK-R6NDMgqW5W2NUHfpI4D3BQ/media?maxWidthPx=400&maxHeightPx=400&key=AIzaSyCz0w_6ziQlJVYzINlEK2bj_7YAIKLtE0c"",""https://places.googleapis.com/v1/places/places/ChIJwxUpfh0C0oURZcB7we31I_I/photos/AciIO2fHyLpxic87CLqTsn3UTRnO4r9x2RjDdv0VqBbVhy7q7rrUNoQZ3emJS1u6-7c6ywsnpJM4ZHMON-gjqK8cTkFJkEzNbERRR98_icIkKp85iWM3-P9a37A9mClYX7qLoNef5ZBs06n2zwrZGfoqp6uLm6P9P0nNplwL2gSTPTdsXCGeTvGrnuX2VeKidUex14fwtbrNyicKoArmdfy6hico9mdihfVc6-kQeVGFX3aOcU-ViZiVuw8EYR_ul6-DuakrQ7qePYZ3lD01SrrI6A2dnsiwgFu7D2BI3TNfnkYqxQ/media?maxWidthPx=400&maxHeightPx=400&key=AIzaSyCz0w_6ziQlJVYzINlEK2bj_7YAIKLtE0c"",""https://places.googleapis.com/v1/places/places/ChIJwxUpfh0C0oURZcB7we31I_I/photos/AciIO2ekVRoovexy-uLi81eIXZaQ4Mz865--A0sfrk0Hlww8H9xmrNUmjUQTvgAeJo2Fci6c-XXeU89BKKyKtdLfqWcRhOMEiakeTn9d92SuWPAQxhA84Eyflbh4e5Ns8Ox6hDnB-EsIFX1hH-NcQFhXx0IV3JHQo9HOx1dLnoDPSUOG0gzjFXHQekUlxW2PdoWanwBIiffXfO9J900w9meoNwEd4zQymILAB4qdAHeKbw48ofvt3j2Jerbm5OJne2fM2SxsWO81a3j7nrlYVnn473HfB0dFzNyyU6RzuL30HJiZYA/media?maxWidthPx=400&maxHeightPx=400&key=AIzaSyCz0w_6ziQlJVYzINlEK2bj_7YAIKLtE0c"",""https://places.googleapis.com/v1/places/places/ChIJwxUpfh0C0oURZcB7we31I_I/photos/AciIO2eOMFuu8n9Qq-E2IMmxkLlNi06r9Vn465pD_gvQobymdAdNSJ8N80u2URkQoVG1aN5HdFPAdmiBGEhxpbVyP5JNhbzUxWcZxWn7tkRuz50p0GKR5n_MhQHzHnFV2uD8XqEMelrOE0JntKGnPQpl6Mm3l_8bWfWuD53OtjToMq3Hrk4QCMDbAjDb1s0CNseehjTpDXX-6sVC1gpc5bVygpUMDNnj23EiSeH1ISy_XyDg2yoDPN07XDK5EDdDMC2Vst2MiIWXRCQsgKP6O1xVEeQOgfDHOM3_rowSbocXevcYFQ/media?maxWidthPx=400&maxHeightPx=400&key=AIzaSyCz0w_6ziQlJVYzINlEK2bj_7YAIKLtE0c"",""https://places.googleapis.com/v1/places/places/ChIJwxUpfh0C0oURZcB7we31I_I/photos/AciIO2ft65RxVcevgNXqBZdQCKO3v-T6Xn8FemyZGTHSnlP1JH8TLCeqKUFvSvvygZEciz__Zink3spVN6JXpbXRtzKByoEpRrcTsNUNDf-gkorKYsohhbU8XEVqLn_WKr3y-kgmZFsm4XYYFfOib0WYhBD0IwQiT3b62cwF2w0R0X49-7EESlMA491f4SI1sKFKmDhrAK-y1X-aIFbp4tnWZlB_JaEjn-wrwVexmV_VEmKFFflxKRnXpsPsmeZjWI0QG9widpsm835jPrfMwdfNywYPrfPH96sM-ZaqKr_NpRKzpA/media?maxWidthPx=400&maxHeightPx=400&key=AIzaSyCz0w_6ziQlJVYzINlEK2bj_7YAIKLtE0c""]",,,,85,2025-09-30T19:53:03.836Z
ChIJw1A0B3v_0YURHHYrTRRFtJk,Tierra Pilates Roma,tierra-pilates-roma,"Medellín 201, Roma Nte., Cuauhtémoc, 06700 Ciudad de México, CDMX, México",,Ciudad de México,Ciudad de México,,México,19.4114184,-99.16459569999999,55 1703 1110,https://www.instagram.com/tierra.pilates.roma,https://maps.google.com/?cid=11075553337107248668&g_mp=Cidnb29nbGUubWFwcy5wbGFjZXMudjEuUGxhY2VzLlNlYXJjaFRleHQQAhgEIAA,5,21,,,,OPERATIONAL,domingo: Cerrado | lunes: 7:00 a.m. – 9:00 p.m. | martes: 7:00 a.m. – 9:00 p.m. | miércoles: 7:00 a.m. – 9:00 p.m. | jueves: 7:00 a.m. – 9:00 p.m. | viernes: 7:00 a.m. – 9:00 p.m. | sábado: 8:00 a.m. – 12:00 p.m.,"gym, health, sports_complex, sports_activity_location, point_of_interest, establishment","[""https://places.googleapis.com/v1/places/places/ChIJw1A0B3v_0YURHHYrTRRFtJk/photos/AciIO2cvaeeNzcVDM3DQ9q1F3kPmHSiQuW_a3-HI1y8EfPMkwN-rqwnLcuM3_KkA2ETTk-M4JJjVZc1ZpoVCkzF9LHwXmRZRfsyQRZ7S3e0aLaP-4d23myEGp79XrEyV9m0QJswMT3FMyVWn8ZyEOd2BHOiOzaZItMMLZr9NHSx2tULKh-9zJq2dGVQBsWYLzdKaExFdt7uxDC7zBPu7Ocf9V_fbMZpDlESoacdQisEg4bQ_X-dX_M964xMT4b1NGPYqlS6CB47lOnONvkfQuFyDRZ4WQP61svHeiqR7_lvuH-JFjw/media?maxWidthPx=400&maxHeightPx=400&key=AIzaSyCz0w_6ziQlJVYzINlEK2bj_7YAIKLtE0c"",""https://places.googleapis.com/v1/places/places/ChIJw1A0B3v_0YURHHYrTRRFtJk/photos/AciIO2cy1Icgkt7t3HJPS-lRFRJfY5UKGPb9JkXw0FQsaAnzpy2ctq31v_8jCJpNSNScm2tQy__KzLMBKr_vqevNv-8qMA6e1w3SMRk-GL_UrUZRDOaRTc-wqLhTAhhNgnraxz-2vmqsmnKLX2gMeyWzKoE44GmU8JgPcuhxcStY5lhZZk39B3jHFcpmmz6tTeurcpaTWEa6zbHb6YLrEbwr2r34_LPYTX0VKoc3iJ1Ubb0rXebf9COallRM80N2qB_qtyk_fHJ4uJyxPfZ-_4A48jI0MxsAuIKysLeRR0nDpAZd4hhFE4rG0dRhNrbZJB0XDkYkWjgRp7-FV04KXqqRvhaEGm8vyd1J__gvcy0DXMnnZLnx5lwMhzlSzKWsqdMUtak8Q-3BGl3IV-QLSRZ771A9eUwPvF4hQaNhit-VH9YeSqi7/media?maxWidthPx=400&maxHeightPx=400&key=AIzaSyCz0w_6ziQlJVYzINlEK2bj_7YAIKLtE0c"",""https://places.googleapis.com/v1/places/places/ChIJw1A0B3v_0YURHHYrTRRFtJk/photos/AciIO2csZtaDXnPJh1lNSvk42gjxFQcmY-ggc9ZSoHNwMHYeYGW11efpPfS0XtLhTOf3AQ7BBUqXwhA60-DTlhaSfct_y15-WegeylW5HpUKkonsncdJsUJlGSI4ZXvwSxklLcd2DQCFF7Lh4XYNjiYGqJJp4Zzw6pTNINwcI8qtHd-4Nky5Qy8rrH61Ux9XKv3mjZssjYQxykLAj_F8CB5D9AogXoIkx0tocckKN9Vfw_Z_7bQ6Jp1LxHkNVQbpqbhygSVSoHH7iGDA6wUcCSnLpEJHgGjGb3Z1ZeTBiWmCqTGNmF0eb-sXEj1xDa_mGDEzDG5dnzXjkB2xpkgEFOx0yu9PMM9i7RaAsMIYOILRBpTKTL2Y1sbvZN2xNWmy1V-HKzGJOJxjMqjmwUIMN8esLdk538hP0_KOh3jMy2HmKTXazOU/media?maxWidthPx=400&maxHeightPx=400&key=AIzaSyCz0w_6ziQlJVYzINlEK2bj_7YAIKLtE0c"",""https://places.googleapis.com/v1/places/places/ChIJw1A0B3v_0YURHHYrTRRFtJk/photos/AciIO2eoQl51vTBbIcC4fxcOXwmEi8HZhuISafLZUBPXopIhSWXbUMICFBnpVX5NYrFhApngmzvcgiZt3q_rHAOQmJKFtcyioNuF89yUJyk9bW9AzpiXBKrsx0gPWMJ9oFz_GdRjm0nG-ijkd0MLnIODEzOFVnPN8JNBrxNMuT_aqNdAdDxcnU9Rg7C0-Szus_hZGPIlDXIb1Y3O3mMM4ypMq0FZbDUZH04tsMZdz7fyms7kQvXIVKU_4aXdaOQVWg3BJzZdJGwFnw64gSC8PAkR6LK7_5mnMl_UUKz_B1HMfgIj-A/media?maxWidthPx=400&maxHeightPx=400&key=AIzaSyCz0w_6ziQlJVYzINlEK2bj_7YAIKLtE0c"",""https://places.googleapis.com/v1/places/places/ChIJw1A0B3v_0YURHHYrTRRFtJk/photos/AciIO2cfChvOpD3nSr9psicz70kwsBK2oPkYX-eowFjlMjtCNSaXyhWMjEMiK_JCL6o4LDEZFa8WNa9fe0p-XRHwR1EQHHtapuU49oaoJo0wwEI2tsK_hJ5Df0WGnHoObVvv0OW-9zmWmA_T1l0iEJpdAQmTnvKEFHuSM1Z2xgzQfa-I3TGgH9MDf5QnAiU5SwP_Kws0eFmXSU9C7WeBYNebX4if1NEfz3fHIVpTAt21Owe5GfkBsqwEsAqXqLbGYf53jYpduv2qpITxSjP3-3uw1WfvEsOvf66DfzOkCgwE8lBpCg/media?maxWidthPx=400&maxHeightPx=400&key=AIzaSyCz0w_6ziQlJVYzINlEK2bj_7YAIKLtE0c""]",,,,85,2025-09-30T19:53:03.836Z
ChIJt3ZkpbP_0YURFDkaORMqpDc,Nube Studio,nube-studio,"C. Milan 44, Juárez, Cuauhtémoc, 06600 Ciudad de México, CDMX, México",,Ciudad de México,Ciudad de México,,México,19.4294147,-99.15693929999999,55 3719 8060,https://nubestudio.fitcolatam.com/,https://maps.google.com/?cid=4009375830317349140&g_mp=Cidnb29nbGUubWFwcy5wbGFjZXMudjEuUGxhY2VzLlNlYXJjaFRleHQQAhgEIAA,4.8,10,,,,OPERATIONAL,domingo: 8:00 a.m. – 4:00 p.m. | lunes: 7:30 a.m. – 9:30 p.m. | martes: 7:30 a.m. – 9:30 p.m. | miércoles: 7:30 a.m. – 9:30 p.m. | jueves: 7:30 a.m. – 9:30 p.m. | viernes: 7:30 a.m. – 9:30 p.m. | sábado: 8:00 a.m. – 4:00 p.m.,"yoga_studio, fitness_center, gym, health, sports_complex, sports_activity_location, point_of_interest, establishment","[""https://places.googleapis.com/v1/places/places/ChIJt3ZkpbP_0YURFDkaORMqpDc/photos/AciIO2e-HNbTHl3BHOF3TH5rO0LQXgOMY3WW-lWY-4GNfNXGVyiYAk8SzfWHnsz-y-rqTK_SGOn8y3Lpb38KsPx6k22ImwOtwouY7VpZeui4Pvi8YWhmGsA4Nw-zod1v5yTwj2isb3hFQwJhmAxg_BJqXGX2Vei8Y0Ifmz0TVwIz5BvRL5iOMKeMzrig8N3MISNgyRI_gLsi8L4bOAXDtx8keDG_LucxBw5w2x6sUMArTj3fuqhvcdnog_nH_WiBAM-Xi04fgmUXmZHBvYNGSxUF7jo8X8rVB5XV9SiGnHejPQLQ_Q/media?maxWidthPx=400&maxHeightPx=400&key=AIzaSyCz0w_6ziQlJVYzINlEK2bj_7YAIKLtE0c"",""https://places.googleapis.com/v1/places/places/ChIJt3ZkpbP_0YURFDkaORMqpDc/photos/AciIO2cfVbVKyn28q03coCu_3SyhILUQxnQfR2bwMRzURyKEFK7tLMeLczK3Hvo7onA5cTwTbMtfw0VSVFQhItuplnIFWA_F1EvFUmC-vmg1fyyl_7qo1dYT0XZrZIAp_cpq9Imsk0YwBjQ3_qD6ZB9n_hp0rFeOsKe6IsbgXTCb_6K85sJUuxdR0jL4AEGKgIUZiNVTGUGbdSdbaSg4Om1MCf6myXbUmfV9ZBm4EMdCyKQIi-eq5L10-Bl80GOQIIrudbUoS0zySNfkG3WlCj39R4ipR18LV4bjwU6y77LyM-HeOA/media?maxWidthPx=400&maxHeightPx=400&key=AIzaSyCz0w_6ziQlJVYzINlEK2bj_7YAIKLtE0c"",""https://places.googleapis.com/v1/places/places/ChIJt3ZkpbP_0YURFDkaORMqpDc/photos/AciIO2d9iEojSEoplmBV6eaMMEwIT-_qCHSNQMq7k4uanGmeWY0Ka7w1OUx7mlA_SE8vPNQMsRrzeX3Eu29iy-XS40HLjMprWzWpZPE_nu4hlR2AtgyEvQaUJFRJ_lxZuWej3GoZTJYIek8uuf8LcigAnK7mzsCjJRuyrZpzIgJjZWAS4sxxi5I9W3XngvmN7myjGj3wNLmFp6x-0myh7epsBuyU_rcblD12ApA0F2ZY_R9aCUuzEfjkTQSIZ0r0mXWUKZTxQWxt-K-j7NX6EUw25X_O_OS_tRd9UYGxmiwT5KslUw/media?maxWidthPx=400&maxHeightPx=400&key=AIzaSyCz0w_6ziQlJVYzINlEK2bj_7YAIKLtE0c"",""https://places.googleapis.com/v1/places/places/ChIJt3ZkpbP_0YURFDkaORMqpDc/photos/AciIO2cYw0C-8wgL5w-ZrmCHm45WlnDqdi0bR6TSq3-W-HJDyKw-YgANuOt7amus4hhYWO1wPwu2XuAhEqG4yQuSnPiQtWooSIcm-Bj4Oljv_iKWnPzCmCwT8Mlh7DIqbwUoGJhPCudwfc2y3mr33QdKDOifchAtBxlHVOoP2p3rd_7o22Gqq-36jNfRZHclaz_Xmy-ZUPcuF1XCgvpfJPj6XmxXutiqAP7_lklwt4Ky9dDqgO_kEgppxpKPmUPIuJiDhQBamYpJC_ru4kUlXeiMWBQIUmTob2MXf_gz5M0oTcpjjg/media?maxWidthPx=400&maxHeightPx=400&key=AIzaSyCz0w_6ziQlJVYzINlEK2bj_7YAIKLtE0c"",""https://places.googleapis.com/v1/places/places/ChIJt3ZkpbP_0YURFDkaORMqpDc/photos/AciIO2ezNcAwWlFd5xhHuagycN8N_3YGwvyWX5D-6_JnWGGfXc4xVjSxhb_lbfoyoAcJqK_BnHVSfyrSaZN3L5cZ93qJGRa6_3fSNeXhcJ2k10IczIIcuTXgpenm_6z1st7PMN92r6UyoXZCGU3w9o16XbWLEXmsERumKxo6Ojfxtsm3lBTqh7nFzeW2N4x9dfR8Ycp9_Mo77DmsbBVY1FmfPDBIwxTApE9WfzFxMz_8OtfYzd3CLlFGKLrJzKGN93xAKuFDYhvKKBvlEyvGtPT8W9ljmby_AZgVn8zQetbJwsA1pw/media?maxWidthPx=400&maxHeightPx=400&key=AIzaSyCz0w_6ziQlJVYzINlEK2bj_7YAIKLtE0c""]",,,,85,2025-09-30T19:53:03.836Z
ChIJPebxWDv_0YURnRdO-aD1EMY,Oké Studio,oke-studio,"Atenas 56, Juárez, Cuauhtémoc, 06600 Ciudad de México, CDMX, México",,Ciudad de México,Ciudad de México,,México,19.4315231,-99.1557557,55 2196 9063,https://okepilates.fitcolatam.com/,https://maps.google.com/?cid=14272177290863318941&g_mp=Cidnb29nbGUubWFwcy5wbGFjZXMudjEuUGxhY2VzLlNlYXJjaFRleHQQAhgEIAA,5,9,,,,OPERATIONAL,"domingo: Cerrado | lunes: 7:00–11:00 a.m., 5:00–9:00 p.m. | martes: 7:00–11:00 a.m., 5:00–9:00 p.m. | miércoles: 7:00–11:00 a.m., 5:00–9:00 p.m. | jueves: 7:00–11:00 a.m., 5:00–9:00 p.m. | viernes: 7:00–11:00 a.m., 5:00–9:00 p.m. | sábado: 8:00–11:00 a.m.","gym, health, sports_complex, sports_activity_location, point_of_interest, establishment","[""https://places.googleapis.com/v1/places/places/ChIJPebxWDv_0YURnRdO-aD1EMY/photos/AciIO2eemsYWEqXCXDMnNyoeruCx6Jw9FGDcIWMRkg3VmYf7Ls6fdF7T4u5yPU2ElfPI2l69_TSGn_qdYlIDbIF1cjfeQcuJ8Gg_7GDk3kZmbPhmrkyCFB2KYfSlbjxIJUuXMQcoFb5dXWYx-v6nu8TI4es05xrkM6lGzMc67DSTPkYzxFQYdkuA9b7ENfNQ8GVO0kT5JOLq6_vVSdO2GA_uO61whFPOyrANKm6cwhfzpu1uo4BNTetcrXIW8ZCKcCqVcy7zF06tfqGy1fwjfXt_AJb3YfJ0ZICzReLMMMQnz3X2lw/media?maxWidthPx=400&maxHeightPx=400&key=AIzaSyCz0w_6ziQlJVYzINlEK2bj_7YAIKLtE0c"",""https://places.googleapis.com/v1/places/places/ChIJPebxWDv_0YURnRdO-aD1EMY/photos/AciIO2dkvlYafisuUVhIwuXNIBzZWeR2zb6JiWdTmpBOPUr9o5GF4RdLTddSsRwk4bYFtvrxa96A7JAqfz-s1dufyzhqgvh5hAymuznvdu5RYcsqyVDWTf3mt932_pQTnvGO58PURaQG9nWn4SOUg594tLqh1aakYUlLT-_tXxbdcW0gdP3giCEfDlG_spc08lNbKtyZhvBU2VGi_z5RzMssTN3IavxK50bFn46ZGXzAZ6QtJW0bRd4V5gYvSqodCcSd4Q00LGJiZ2RGyCsj_N04zCRQzaIGfk_gMWhysz562xbt7w/media?maxWidthPx=400&maxHeightPx=400&key=AIzaSyCz0w_6ziQlJVYzINlEK2bj_7YAIKLtE0c"",""https://places.googleapis.com/v1/places/places/ChIJPebxWDv_0YURnRdO-aD1EMY/photos/AciIO2dGXxVufROj7Xq2QeV-5zxa2jt2n2RDNXCgLYSKpPrIISWEB_URSm-xWyG0yHIBiuaIsx21W-J5FWmGPPfOppVYPdKzSft0vH4Lb3V7UgceoZfUlqnZOHwQdms1cDVykYaVqDIRo2we8IRaO3VPJkYiSWOqC5o0IpZ6O4VFdFdGPYcnKGj-e-hiqetZyQCad7dSwBEL8rTq-3VzfvaWd7kBARlKEp8SVsa8Wk7j8AbnsQ6FHBmmvPF7FN-yJqGIwPjF67he5tvnPi7kp2Z_oe3Jy3Kq4wb4CzDq5NScqBTRGg/media?maxWidthPx=400&maxHeightPx=400&key=AIzaSyCz0w_6ziQlJVYzINlEK2bj_7YAIKLtE0c"",""https://places.googleapis.com/v1/places/places/ChIJPebxWDv_0YURnRdO-aD1EMY/photos/AciIO2ci71U9iEVpa263tPKe-8Kptraufp15sh2FxOjNBvXB9ncxZOFGhdlfaWG3oIalu3OiE4njXwuTED9_lVnNOTdmbiYJjP-eqlrwV3a5R1Vuz1ofPT1pV9DZc1nlmrDfDdw34SrMBc1rH-TN2tgN0C2tSJh18k0fX467XfmHfPbHxh64svCvY0ENVLO4axsh2J1xm7cuIvpxCwd9Jcs8Jn_7rvO42ezyNTAEaMqVX7wJyKTawwAWy73duZvrMw4O8hBcdVhOguC4alz8uzErKRSG3nAZ_8qJFcEMyf11Hx3Mmg/media?maxWidthPx=400&maxHeightPx=400&key=AIzaSyCz0w_6ziQlJVYzINlEK2bj_7YAIKLtE0c"",""https://places.googleapis.com/v1/places/places/ChIJPebxWDv_0YURnRdO-aD1EMY/photos/AciIO2ewI-mKZO4a0y-BmhY3kNXZfLwXWdbpV5z_sG--n-flL2RSuwYMoapj4KdwWuozaDFNSK4ZHRXlJUgjdN-T8WFhPcdS_HzqKX7lM5s0OxPTlAcIOBw1wP2RK8k3ji50BV28SvasOm6DFV75sdUOiErHBG02d_mf4UiZ_v7inicbGP0DoI4_Ge9eay3HQhb1GHATTPIQG8YwkRhHwYlrDxg8rSjwekiEwlxC0kldbTlplQvDYopKfbA5yjOBOL_PsN9iU4lmnT25T-4KpTPs_NmAK6NKF__hYQhZqWW1S5no-m7Gs_dGuwZViaPBOchegORhcNLvKHzucdlEqJz2yGIliM1UQDPrZZIJAl_IMaBgT4DuJktHBoXB2ec4_FCOxirhnvdwwxa0gnnwLEKIMmcovTTyaohNoXt2rBVwYMnazO9UZgwJBv0eP6gkMA/media?maxWidthPx=400&maxHeightPx=400&key=AIzaSyCz0w_6ziQlJVYzINlEK2bj_7YAIKLtE0c""]",,,,85,2025-09-30T19:53:03.836Z
ChIJxwAKDbz_0YURtQ4Shm_JGHc,KineStudio Pilates Narvarte,kinestudio-pilates-narvarte,"Av. Cuauhtémoc 506, Narvarte Poniente, Benito Juárez, 03020 Ciudad de México, CDMX, México",,Ciudad de México,Ciudad de México,,México,19.4004129,-99.15551219999999,55 7601 6172,https://www.kinestudio.mx/info,https://maps.google.com/?cid=8581830570782363317&g_mp=Cidnb29nbGUubWFwcy5wbGFjZXMudjEuUGxhY2VzLlNlYXJjaFRleHQQAhgEIAA,4.4,68,,,,OPERATIONAL,domingo: Cerrado | lunes: 8:00 a.m. – 8:00 p.m. | martes: 8:00 a.m. – 8:00 p.m. | miércoles: 8:00 a.m. – 8:00 p.m. | jueves: 8:00 a.m. – 8:00 p.m. | viernes: 8:00 a.m. – 1:00 p.m. | sábado: 9:00 a.m. – 2:00 p.m.,"gym, sports_complex, health, store, sports_activity_location, point_of_interest, establishment","[""https://places.googleapis.com/v1/places/places/ChIJxwAKDbz_0YURtQ4Shm_JGHc/photos/AciIO2cOk4rTDCZnnZxa1t5R6X9bqxvkCJ7cr7jT7BVTq383R9C-XcutKII4dTvO4lhY1V9R8jJ0R7cb2W4x6CF9Z6S5Hm8SK6BGh9TurWiA2iG8KSTwB9XMVziHaZIQI-RJ1U84rq5d0bi67MjL1tVycpLcQWu_O8uAycgtG_zTscYsM6iXxf_yLY3oE5bECZgOjgpkG7mphMZ2mBC7WtwrD_rtZ1HoTebS5lUIU_ismYMwfRTVfhAiJR5GmyGhDB95B9uCzC3hS5OMayhvLKoZBkoKOjKazd6WCsTzDMJT-vLEpA/media?maxWidthPx=400&maxHeightPx=400&key=AIzaSyCz0w_6ziQlJVYzINlEK2bj_7YAIKLtE0c"",""https://places.googleapis.com/v1/places/places/ChIJxwAKDbz_0YURtQ4Shm_JGHc/photos/AciIO2eLVGscu1Z66WC-k4asdq0bL4h_kBU1BCv372WXppGEqdeszL6On0RU7Gt4JUl38ANLQIKIMuSeU1gEcmWx_1M50Ey3Bx64XAXNlILJcpBMe-q84WYE1mknpQ5VZv7_VZuBUP01GbeS7UsdozffKI4qm8WAfteLx9k9hwN4c7HvkNjtg7v3sIRdf3Z5b4BZ6ZjXHWPj8BRuLDNDAAoZ3ckz2FswFV7e1XORCTFkwCTnvREJowOfz8VKtdJMbuVNfuzbB6tPwDexbG9bHhZGBLIGgzrTY5j2NOTIkmUUaKc1_12oaNH7R_29jZheH_PaQ9r2RI783Gc3nuHEqUTpfpGrx6vz1pkQe89QjyXHyt2wL5t1ZxoOL34mzOjqhlLWfPr9LfjOluQqOMcx3hIKOyyECaFz-I2p66WkbkFPmYk/media?maxWidthPx=400&maxHeightPx=400&key=AIzaSyCz0w_6ziQlJVYzINlEK2bj_7YAIKLtE0c"",""https://places.googleapis.com/v1/places/places/ChIJxwAKDbz_0YURtQ4Shm_JGHc/photos/AciIO2cDjX4yhmN2DFZAJTRJs3-eOYoPvmWXRBPE0qk5b6y8hYEmpvhNeyGCxaWh_4LLqCRqWyiWm_cadeu_rHOP5UNPtQ2jHR_cDSvqSQEltCkMkm6N_9QeOA6vqn_F2GCL7mSoklL0aiIZXCQqdtPpZqst0NdqmBJTeJqWAiPHFg8gJjR1ECYZKyI53UyWGCVAkGFbL7GgwcMvjrvgLXC2_Pwqs3I-YXYmMrOtprctRqDo6U5vv63_1jzdO1a1FHhBuFzUzGaN4KWNWlaiqAlLPB3o7iel9uWE2SX-CN7ptCDSdg/media?maxWidthPx=400&maxHeightPx=400&key=AIzaSyCz0w_6ziQlJVYzINlEK2bj_7YAIKLtE0c"",""https://places.googleapis.com/v1/places/places/ChIJxwAKDbz_0YURtQ4Shm_JGHc/photos/AciIO2cpHlK3DWoHy4DevTO_TKlouWOj4jciXkWwtK6L3rfip4lkDcW4WCc8xZP4MxxpBHWVamKz9E_EEUAM5dOrQop7cO0uXaZJMEUoY4vE4WiL5f4jGKkG8oZmwkxPWQssC9c2AuMtU7QHWAljEczL-yBAuhsWlTb6UvoI672NAz_TEOMW-LWyaMwvN_DBAibGDeVJtJU3lDanSum-oLboJJoMFIMIs_E0oT04Va5VSH1m1hb_3YxVUDMMt112p84TlslHTDcHwSM8M5ta0cyZQv18H8AhwYUJUhfILyq7CUCYNQ/media?maxWidthPx=400&maxHeightPx=400&key=AIzaSyCz0w_6ziQlJVYzINlEK2bj_7YAIKLtE0c"",""https://places.googleapis.com/v1/places/places/ChIJxwAKDbz_0YURtQ4Shm_JGHc/photos/AciIO2fifSax8KsdwdSxM5zXXoeamMJYdEIYp3H8yj3u7SY-2WMmJjyl8bhNcRmT67G9TabbGWUMoH78mlRdraNOSkixsl6_ayHInGhiJSh2juCyRyR6L8zoyoy7-oSazpw19OXQvhtXQkpPHViy1H1d4v9sVan8bJTGsYTOJHPouWXuw2mOEXmpFtZgSe2xvz6InRNSV3h-wviyspxQL9iQ7CdwtwWhaHZt7H00FOFJmMKAMSIINSU2kItxFV_v6lkUfBmgHs-hXfwrv3FE5ViInmxOF0pW9SbDVVwAJiio4aehOA/media?maxWidthPx=400&maxHeightPx=400&key=AIzaSyCz0w_6ziQlJVYzINlEK2bj_7YAIKLtE0c""]",,,,85,2025-09-30T19:53:03.836Z
ChIJT66kagD_0YURywJZuEWQ_us,VyDA Pilates Estudio,vyda-pilates-estudio,"Casa del Obrero Mundial 410-int 401, Piedad Narvarte, Benito Juárez, 03000 Ciudad de México, CDMX, México",,Ciudad de México,Ciudad de México,,México,19.4019784,-99.1559059,55 6880 1402,http://vydapilatesestudio.com/,https://maps.google.com/?cid=17005187872117555915&g_mp=Cidnb29nbGUubWFwcy5wbGFjZXMudjEuUGxhY2VzLlNlYXJjaFRleHQQAhgEIAA,5,15,,,,OPERATIONAL,"domingo: Cerrado | lunes: 7:00–11:00 a.m., 5:00–9:00 p.m. | martes: 7:00–11:00 a.m., 5:00–9:00 p.m. | miércoles: 7:00–11:00 a.m., 5:00–9:00 p.m. | jueves: 7:00–11:00 a.m., 5:00–9:00 p.m. | viernes: 7:00–11:00 a.m., 5:00–9:00 p.m. | sábado: 8:00 a.m. – 12:00 p.m.","gym, sports_complex, health, sports_activity_location, point_of_interest, establishment","[""https://places.googleapis.com/v1/places/places/ChIJT66kagD_0YURywJZuEWQ_us/photos/AciIO2eovjQAwK0j90w7P8bk5WU_eHDi6b3Lev4d0XM6xuYekVhl9aylbvZzTa_IBMp4A3qNYMhgsEikOna0_I9azhHSuoEUhbwoQCNFgkUALNTL2t6Qk9axYuUTLWBfy0PsnhNblqGZYVZ73HB-YvQ1a8SXg_aqAP0IwaJw43pIHWlljFMBfFG6p6-l5q03tXoc1NoZzT_VaDrubcfHWV1Jlj5eOh5XeVl1nF6rFwAhUbpbGNAqjnt-r-D3-Tlj6seRGsXveKXzap3_iNwrmpIeUUJBhQThwpFGsqTfUL5WoKF-J04vcynmKMr4GZfO5MU2GdsPo4XwAIWru3d_H2ncFB74ku_O7AV7mi5J2hnsrMwtAIULQr2is6H5Mi96SshbvfkCNzE4v2q3B8xhDA2Hod6cvVx1Z8MFlkgxbKIijeg/media?maxWidthPx=400&maxHeightPx=400&key=AIzaSyCz0w_6ziQlJVYzINlEK2bj_7YAIKLtE0c"",""https://places.googleapis.com/v1/places/places/ChIJT66kagD_0YURywJZuEWQ_us/photos/AciIO2fR31xqnpAivj3Wp2fzo-aJ2VFyKH5UEzYFQQOisbmAO4X27Byfpb65-ZHzWcieMtuwSHPBsyHO0C_HAFqX7QMDwiinpchFEQRI-N8RQVmZnFLV37ANMfWHKGnWo3BYbhKy43zOYfw9YsGhgUD6os49CdaywS5ofJDl0NEpytj_YmvdBTTxvErGxPZWjTRZX0aZwhU1toy26cJki7fpGBGrF7ctJQrgO2ZhzdiJ8PSrpqmCTkoT2KBOPENNWjQSpmDfmAaMH2gFSqFF3clbLiHjscRLSRq5TxLVaFCzFl0CpIpPiYVtguKy4nKwt1HC0AvWvkQbmMs6eg5cxz9ePl8QzAEb5_tPoW2iXTMGSKmjLtl_OZaCoD3CEskSgBdWdF9VS3qbxKcj7vZNUTM2J8AF6t9z9sz1dzBd2u2XUOJ8Qw/media?maxWidthPx=400&maxHeightPx=400&key=AIzaSyCz0w_6ziQlJVYzINlEK2bj_7YAIKLtE0c"",""https://places.googleapis.com/v1/places/places/ChIJT66kagD_0YURywJZuEWQ_us/photos/AciIO2fQYKgomecvLmPb2jHPUA74RVMQfgK_nRelr_G3QuH57TFuOTNggtWGIghb7O4uyEpixXgqfo9DDRnYiIY2CKCeSjtyrW-i47bMpmDYbibiKMTwbnH41l_mSBxcksS2LwJMlgPwEo5qifigyFk2qF6R9SFNKwsZYNXoVaVKyLCpnbNPhuwZhx3taMLXwqCxchoBXAmbL2rwO5jPFOJFVBfbE7n7XKAge4N0oWaE7HrB8zh7Z7PvogLPCzaTFzy0g2afmqoKC4HPZE3cSzS8vWu46C8qyCMCAKzN1pC_3Evvg9ficv5owbtFFSZlYijmFWiLIgtvpoKWW7g21pnoOv6S5rabpChd-ncHIfc9xtSK2jVX2VNC4d4j_rbz4fbBx0Qw89ywNbV305AoYa47ikiQw0y6USdu4jGxN2-JyP8-rD3x/media?maxWidthPx=400&maxHeightPx=400&key=AIzaSyCz0w_6ziQlJVYzINlEK2bj_7YAIKLtE0c"",""https://places.googleapis.com/v1/places/places/ChIJT66kagD_0YURywJZuEWQ_us/photos/AciIO2fRJh08PkoT4-60vQJsRrRxk5pCeF0dw1e0q7V2qHEHbMjjJuKlQ0QQRQ3CT1mGJCyTauiG1RgRHhF5afqsMdDzK6byhi2ZAZQprK8HO_2WoJwoSuJOTubZ8sF_R5cj7fzfKJrmj5gO8pzI4dZRn1G0mLms1QQY5_7bb6IG3ZDbWrq5qTZaWq0its47NHHbiwjlP2pEenXLmTWlV8plzfT5e2P5cuwT1LHcYGnaos26PzVxPrVtUD1jDlspStTRhnWgxRw59remRij4-uqPT_S7go9I5Ag6SUclkGhvHDj-PiAytipWyctsvU1uh9ZtkZRchtaZQWsBmMxcJxohwMtQd_XZmUacMHw2ni4Z24-9pqs3QOgaYtDEaIbaEt4wsOr0nhtNlUli80Z4DB9m5V9_bTZIgh37ZXkidBBt4JDrew/media?maxWidthPx=400&maxHeightPx=400&key=AIzaSyCz0w_6ziQlJVYzINlEK2bj_7YAIKLtE0c"",""https://places.googleapis.com/v1/places/places/ChIJT66kagD_0YURywJZuEWQ_us/photos/AciIO2dSJrLUdYGVghQ77s4uVKX93VH41RD9UBKPRzgWeRIv-cS8154NZrXYcXgyGrq5vd02DJHNcWI0MZyyDa-F9LPogEBwJxBJo4pOtAKGy5H7GKx9GXkYno3tmQVNaAEJsuC2HSCJi4YFyWu3_hSaHKnaeiBmaB-BmYaivnmcPmJoQOaNB9a8FHGutu680T_a4nF4nOdQ0nWvJDkqh1lyNZM13nFawht1ilmFb9iY4-nFiRdwjZ2sc_84qlVFYK5CsJqGNaYhAsKjQmQfRR6Zekyg-CeWfnIvA8Of0VB_kX3Tf-5lz1hJh1jjpfnQtqPTEwzsL6hGFrXkh0edrdf7jgoSdUKTukNpxRcgOdXxJS3NjR-ISaaDcZMtq6IlBP45hUwXZaEAlbtGD89aJCdM7gq6GX3YqDcsisjbTMOIYJtAzDBn/media?maxWidthPx=400&maxHeightPx=400&key=AIzaSyCz0w_6ziQlJVYzINlEK2bj_7YAIKLtE0c""]",,,,85,2025-09-30T19:53:03.836Z
ChIJJdeJmPf_0YURO3l7EyONiQE,Malia pilates studio,malia-pilates-studio,"Av. Álvaro Obregón 182-1er piso, Roma Nte., Cuauhtémoc, 06700 Ciudad de México, CDMX, México",,Ciudad de México,Ciudad de México,,México,19.417357499999998,-99.16302789999999,56 4002 5323,https://maliastudio.com.mx/,https://maps.google.com/?cid=110774847637518651&g_mp=Cidnb29nbGUubWFwcy5wbGFjZXMudjEuUGxhY2VzLlNlYXJjaFRleHQQAhgEIAA,4.7,23,,,,OPERATIONAL,"domingo: 8:00 a.m. – 12:00 p.m. | lunes: 7:00–11:00 a.m., 5:00–9:00 p.m. | martes: 7:00–11:00 a.m., 5:00–9:00 p.m. | miércoles: 7:00–11:00 a.m., 5:00–9:00 p.m. | jueves: 7:00–11:00 a.m., 5:00–9:00 p.m. | viernes: 7:00 a.m. – 12:00 p.m. | sábado: 8:00 a.m. – 1:00 p.m.","gym, sports_complex, health, sports_activity_location, point_of_interest, establishment","[""https://places.googleapis.com/v1/places/places/ChIJJdeJmPf_0YURO3l7EyONiQE/photos/AciIO2dIh4UNmzNDtOJovY1QIBGm9Mxtk3dqfiopTxmBpVoQha7nYlaW30KbFFQQrb3fSUnDgKg6zUk7WyBnlFXY4YIC5jGM9TltPOiqsDEvHxQ79c1-O4hapII8QVmz6JoCOwinfYZ-wnGG80PQ4497MFoOJSrAodYDLb85ul7Op8F-_OCuIAesCNIfgVFZ3Cyl84bxxRYH5chvVxQadhEGdSy6enS8wt1_tZGmRQDPkpg2XJE3Hg3GeOMtftfYXLnlz0ijJnarn4pFKWAO9P_bPmfzNWDZ0NrvCnW4YSiDhUVunw/media?maxWidthPx=400&maxHeightPx=400&key=AIzaSyCz0w_6ziQlJVYzINlEK2bj_7YAIKLtE0c"",""https://places.googleapis.com/v1/places/places/ChIJJdeJmPf_0YURO3l7EyONiQE/photos/AciIO2fvyxqQL7TfaWqLw9H5BPc45LZDzI7HWzC2UNflX0QhUa3GCxta46FaEbrepvWCY9Ueyw4JptelX4nIUafqMqCVLMrNljLoqT4dmTxmWjIJekRi48Nz_QLe7UCabLxSFmItCFeoWaKivHFxW6HokYw-WqvASsLqkg56pxdrp600b4dAkKx4uY5Qb01gZf4492IdH3DjRpGSX4StgSzBfOhVLTfFQPCDj2XXEct0rPp3f13BZeUUw9U9hDZiCSRFNpxNnydF76ZoctOdp8el3F3I4WCP71KBr88_iwQyrYokrg/media?maxWidthPx=400&maxHeightPx=400&key=AIzaSyCz0w_6ziQlJVYzINlEK2bj_7YAIKLtE0c"",""https://places.googleapis.com/v1/places/places/ChIJJdeJmPf_0YURO3l7EyONiQE/photos/AciIO2c7Kl-s8ft09a6D_IP2H9KKJZMH7Vbxo-klBjOFbZPSQwHpgtaqeXGRxd_gNEwQSNTn7xK0QBLOJN7iSbnV-b6fW4O566d5kuBuBFZiAQ83qbhtMD8njGWPmP-iNIpkPk7vaWOn3CWX2xIFjb4nVhtXET5HtrH-E8mTkSjlb9xQe4wPMYnajhTn25BR0PxjIU0_caAvLrZFgZBCNwgNUy3ym-de2CI3PrQZtONRte2PGuDrBfbzvJFrXMtRDPn9FIvSqv1uCSuhQ5f5q86CGKE4TVHfTSuqCCdhMn3-0fX9hebuJlaE0Cr_3ZxSF1SslsDToouno3qRYB1DWGjzn67YUoVJJG_93s6kivfKBCWFaug7AaKPBKR7UljZuLUyRLs7od9RXjcDZQpGD67Eru6ebYbiEXG_o4qzaWZEpLz4vgniZYzi0V5_SnMpyExJ/media?maxWidthPx=400&maxHeightPx=400&key=AIzaSyCz0w_6ziQlJVYzINlEK2bj_7YAIKLtE0c"",""https://places.googleapis.com/v1/places/places/ChIJJdeJmPf_0YURO3l7EyONiQE/photos/AciIO2dn9tl_YlmHMQtVBvl8cf5L3Bfp03j5R5-1xVQgcOdVXJhNv3V5-YKRu6xBPKlDPPmOoqgSzLDhD177hAf_YaCKS6UqMC9cglhZkUFd86zywbsAZIj656KVoDyEtUeXTveZHrEWNGCJQpGqL91v_dDA0FCY9_ihMslF-mbmhd-tkHa5Dc9LkdYu3omQkzkrcNvaXJdBWTRiX_rFjv_jmG1Mev48tWo4NXXtYxsU-kS6whQlK7rxATY7mvL5LVKms_GleHgklmJDvzdls5UKKtyFO4POthKp8ZmrpY4YgbdNwQ/media?maxWidthPx=400&maxHeightPx=400&key=AIzaSyCz0w_6ziQlJVYzINlEK2bj_7YAIKLtE0c"",""https://places.googleapis.com/v1/places/places/ChIJJdeJmPf_0YURO3l7EyONiQE/photos/AciIO2fPABMlcZRGs79B7CcPXks_jM93s8KdM6trVYBt8aHGBo7V92b6EQJcUydpD0XedcHmffr0u06XrDaHAJpDeDyYp9Wg8_39N4k3fKFvew6JAL6TNuvlJEZpS_5oPPsKVdL6soEh09FHGWrCBjLNj4H2My4WReDmRmJE6Zoa0cR8g1xoLC86q4KlGjMkVp_SMJUoJ5cUwZoflbcnn6bryL82PKIWIn5M1ASdlMFjlG2er4hdIQMbYmVK-HIF4bQnstHlzzrqemzl7eivaARy3ldoA8XT4kiHv6mDHsTUrK_cMg/media?maxWidthPx=400&maxHeightPx=400&key=AIzaSyCz0w_6ziQlJVYzINlEK2bj_7YAIKLtE0c""]",,,,85,2025-09-30T19:53:03.836Z
ChIJsUagHQD_0YUR5BBha6szzA8,Mindbody Pilates Studio TABASCO,mindbody-pilates-studio-tabasco,"Tabasco 152, Roma Nte., Cuauhtémoc, 06700 Ciudad de México, Roma Nte., Cuauhtémoc, 06700 Cuauhtémoc, CDMX, México",,Ciudad de México,Ciudad de México,,México,19.419093500000002,-99.1593884,55 7321 6082,https://www.mindbody.mx/,https://maps.google.com/?cid=1138341617151840484&g_mp=Cidnb29nbGUubWFwcy5wbGFjZXMudjEuUGxhY2VzLlNlYXJjaFRleHQQAhgEIAA,4.1,13,,,,OPERATIONAL,domingo: Cerrado | lunes: 6:00 a.m. – 9:00 p.m. | martes: 6:00 a.m. – 9:00 p.m. | miércoles: 6:00 a.m. – 9:00 p.m. | jueves: 6:00 a.m. – 9:00 p.m. | viernes: 6:00 a.m. – 9:00 p.m. | sábado: 9:00 a.m. – 2:00 p.m.,"gym, sports_complex, health, sports_activity_location, point_of_interest, establishment","[""https://places.googleapis.com/v1/places/places/ChIJsUagHQD_0YUR5BBha6szzA8/photos/AciIO2eEPPa9Pvvz-FvqlsHLfew538Af2X1XCUrO-nRLaVhKvnD7HUbhu3dIpqWWPeBVwCPgyzYnLeDreisDgfLKWbLIJ2LMdctkkbHA7A8-KkZxhq9Jq_NyPShv5c1FKdaBIXeufD-0IPbFCRAhOLNppo53MMxnUDVZOT_RFbk8qWMtsGVoe63c74RUTu6hihmu0uXh2jA8Mbk4H94eoMMO4yIck7qI_7i22C7InL56LNUoFUKG4c7KVlpIPoU13ikETQT1kX6wojBHKc3YMiW-6dhMpahy0GsaexaaWEJv7UhcRw/media?maxWidthPx=400&maxHeightPx=400&key=AIzaSyCz0w_6ziQlJVYzINlEK2bj_7YAIKLtE0c"",""https://places.googleapis.com/v1/places/places/ChIJsUagHQD_0YUR5BBha6szzA8/photos/AciIO2e9eV5pQ1fMgXsy9figIU4X3bqnpRiClTWex-c0gjpsB6I3uOt9fQGP-UL9jbZKZaysY4FfyRPrb63ShV2RU0PQ0xYx5kMaIjFYFzYGiJTTOMslW2S9HFJHb_vfDWq5NdYl3JoOA6Y5_1kPK3kpov5FxWoCBHjiGlIG0ZdwKXhebrsZNzBq_jJi1fzRsYTpQwQqgS7T4j8XVcu6NvRb79B5TkEZpNkQGZwsz41BNhNbSSCz4ouei4bgSjHw7lUJLfpM3lpXKxiB_s3wZ86LLaXZRxiAXsaNLWLKRqdPS8d2Og/media?maxWidthPx=400&maxHeightPx=400&key=AIzaSyCz0w_6ziQlJVYzINlEK2bj_7YAIKLtE0c"",""https://places.googleapis.com/v1/places/places/ChIJsUagHQD_0YUR5BBha6szzA8/photos/AciIO2dwoElUZP_htqxvY03WuE6pm1XvLJtcp_hOzgATscfvQ8G_X6MMXUGvXEbG43z8kVoiv2FTtHVmUaHWxTdXCjDnw_24iDreICtTBLqWkV2MHrg82BigeFtJqSBdsOWFOLNuQ05591dKoJmHFx9N_jBbbgXixq2Scjaxatb3Ou9FdOBKUwtY0jP8QTPm8fYpZ7MlpEmBLF6ZQOfogdpviekKjIR_4QyfxDLmIhikrOBaOZFV7uPpDqg4sgN-GskYGflEigF-y_ie9lCfUiAuUd92vKiJKvai0rPxV8p_Nck8UG3Xv5rA_lPNufd4_B2A9htesol4-ZEpcEC9YPPWYSFeK--0eU5RF5J-nWjH0tzALOz0f6uhJNZen0EgYCX5Z_7GazokQrwdPv8DWNVYNTU6_r3LAsjK9W2m_OUiyiSddK8JLJYyCwlvRUIpcf2O/media?maxWidthPx=400&maxHeightPx=400&key=AIzaSyCz0w_6ziQlJVYzINlEK2bj_7YAIKLtE0c"",""https://places.googleapis.com/v1/places/places/ChIJsUagHQD_0YUR5BBha6szzA8/photos/AciIO2fk4TVaD_EMnad6BtiI7RFuFJHW8tqKTntOGzhgLCespsxMgCUJhn1DhUXP5Qtc0_B72LrOgaFEXF8jqc4nres4tf6CvfF9Yfnh2XkwDYZaoxRSsshHHppbMNsdS5ReWwLgoBExWbMTJhBNSck2STXmRpqWiWafBhu33Bb-5vjukgDfr-WXCG9Wfr3BQXNkqpASKRpYaxGIuOEmSFdR1VYdk3TbA09GeKcf6tbBSdtBEvHTdljjrJTFdmZyiI-WwcGCrQlhHChlsWGbgG2YAMog23dcWWUL8azfmzCrZs8-Z2mw6NflqaivGeC_Z7Nm7UnTpdtWMy_M8DXA6nYWy8o9F4BtmoGIwR0TbBUUP-MQMGUJTQZH9i15e6tqpkGPFaP1WKM6hZ7Os9OWzy8pLMxWBZJH2J3cLzqFNiV5OfHukjlxTCy3HvvXeeo8DkAr/media?maxWidthPx=400&maxHeightPx=400&key=AIzaSyCz0w_6ziQlJVYzINlEK2bj_7YAIKLtE0c"",""https://places.googleapis.com/v1/places/places/ChIJsUagHQD_0YUR5BBha6szzA8/photos/AciIO2cO6agR3ANtDVJ7mxTvpyrepjQ5f9KnJ8V1avX7M-cC3REHaomvNiVb6d4ISijS70zjPhOhxqHTU1qZyNSa1eiEuqdH7angAXNq9R8elDAWIykdjJgX04DvIaDvl4NCqtSqePqcHHJOKrd0vfknZ5YvzkZjqrK_kRWZ783XrkKabvVQm57unmI6ZnLJO3jDEHgR9v6yyHAUzpxMCD1OP-Bg9isbM9488GLg2H64E-eIrTZezT2Kc8wmPwVLTu0V7CCym39OZr53noOGiVb3XVYhLUNJQaOAqy16MIdSE2Ndng/media?maxWidthPx=400&maxHeightPx=400&key=AIzaSyCz0w_6ziQlJVYzINlEK2bj_7YAIKLtE0c""]",,,,85,2025-09-30T19:53:03.836Z
ChIJZ0Yir1v_0YURgmJeYhdBm4k,Roma 4 Pilates,roma-4-pilates,"Durango 209-piso 4, Roma Nte., Cuauhtémoc, 06700 Cuauhtémoc, CDMX, México",,Ciudad de México,Ciudad de México,,México,19.4199458,-99.16779679999999,56 4939 9926,https://roma4pilates.com/,https://maps.google.com/?cid=9915590573276684930&g_mp=Cidnb29nbGUubWFwcy5wbGFjZXMudjEuUGxhY2VzLlNlYXJjaFRleHQQAhgEIAA,4.8,17,,,,OPERATIONAL,domingo: 8:00–11:00 a.m. | lunes: 7:00 a.m. – 9:00 p.m. | martes: 7:00 a.m. – 9:00 p.m. | miércoles: 7:00 a.m. – 9:00 p.m. | jueves: 7:00 a.m. – 9:00 p.m. | viernes: 7:00 a.m. – 7:00 p.m. | sábado: 8:00 a.m. – 12:00 p.m.,"gym, sports_complex, health, sports_activity_location, point_of_interest, establishment","[""https://places.googleapis.com/v1/places/places/ChIJZ0Yir1v_0YURgmJeYhdBm4k/photos/AciIO2ch95pxkBKZRbQulfaVGklfoEcLRT9u5L5adB8cJFMt9OQQdYq06kGqKvQvMNhdhizqkCv70z-fZR_5ZnPCIT2nUUc9fUQFuaUBg1hdkol83C7g1GCCMDul9E6gU7oD8Q8Obk5UZF7oQUy4kPxKuLpJH6Wgv420a2E51hX_Bb1Jv_IznV7uQKZ3mklQqdIFHDuKig2eUBApALYSG90zZ_PXDjLqx1kjz6lQh6pxkZlq0hmHd6V8MS1VIj1sD0pHtQSyPApTxQPwgxZPSU9XAv6khf-iLEU1kZeihwOZAium4w/media?maxWidthPx=400&maxHeightPx=400&key=AIzaSyCz0w_6ziQlJVYzINlEK2bj_7YAIKLtE0c"",""https://places.googleapis.com/v1/places/places/ChIJZ0Yir1v_0YURgmJeYhdBm4k/photos/AciIO2f2Hrn3FkTXJ9DHDwg4Ul3Xu-uJABzwZQ9hsipmZTfzvbkCmAok2dVH4pLQOtgkSYguXxD4lWaXgH-Yb0uPrKPd_ziXGpWXAuJoD0OrxQx9WFxm-z_JZV0QBlymxgLnSQx6dzmvAEycELBWIfFXxoCCPyVltpsUUl9gwj6vwF4IGwCpzVyL3Bx-L_dHvTmsHd3zqj1PtXCllnkuONyCQYZeLRmkxeCDDurvzf57Ck6KbylQ2XMaH0zULzAj4nWRCqypwiBYnpqEz4hJgrFyN1f2jfVL9b_hy9JO4t6PFmJp5w/media?maxWidthPx=400&maxHeightPx=400&key=AIzaSyCz0w_6ziQlJVYzINlEK2bj_7YAIKLtE0c"",""https://places.googleapis.com/v1/places/places/ChIJZ0Yir1v_0YURgmJeYhdBm4k/photos/AciIO2dJ-CuM0e0jsi7cAzk922ZDIy8oXmyObsCBBErZsDDNm55Q8sEepztxHIUkYCgjEoFHX5fFbRdwbXvHM3VxE1MGNETsXqPp0cRcRlZg7HbDCOUP1SDSpoxw4UjBKjYu_RaK0PNTkpv1UBhq5AO9FKPQarJeQn5SdegEatVMjKYYslOIOmmsC-cysydIm8mtxXjBpzSGL-Mf7MZmQ_0hBcYaSG9RTlxD5PbWCyQhhzN-vt7YPmEJluLzoJ0idEurSPBAbjoX8QPyU6PmnXMw7rMSTuspu33Ta3JZvQjY-3bSCA/media?maxWidthPx=400&maxHeightPx=400&key=AIzaSyCz0w_6ziQlJVYzINlEK2bj_7YAIKLtE0c"",""https://places.googleapis.com/v1/places/places/ChIJZ0Yir1v_0YURgmJeYhdBm4k/photos/AciIO2cgVGi3jmVmg4rTvuEsrQHWd8JgRbqAhWaM6dXzqYDI3d_5gTVYKI24GpJZrbzKCU_3oxDcIPy_2DEnkRvnGkJqmKWXuuhjFxfjxi41mgmuGAmRnR5Tqj-sn_TGVbyrPDD5ldHojJyTv7IS83m1YaXQIWfkafP6C0-0hi_ce9p48y1BoRravPpd33aZBL4_iS_oRFM_ywRFtmj0xqO2Eqyru0S-HaMEyShlkSSVKcdoXpdzsw15spwkqjbKk9gMHEwsaESfRu2k7XI0qBdCkfp3Gp32ZjH9sZKv7pW3wRnKqw/media?maxWidthPx=400&maxHeightPx=400&key=AIzaSyCz0w_6ziQlJVYzINlEK2bj_7YAIKLtE0c"",""https://places.googleapis.com/v1/places/places/ChIJZ0Yir1v_0YURgmJeYhdBm4k/photos/AciIO2ckLZ9BItSJuypS-HpPwROfpZDGkIlpGXEnzqJRV8d2l94WPTfDdmfBbTVKaWIU-jgjGmPlsbWWK1mJl_X5iiPwWGF-D0Ah5z0WLstaMk9ZqNnUwCfRTRjqwmNb-7F4QJQz6ZV92VT2MpUlNAH5zj7f6juFTc31yd0bria2wrjp6pSKbA0bY0yJUUgdGWA_RtaciBDCqOwnfExZAkA58t3jcJVJuzt8tx1wvSoRCV5WcwFgMcMHP-iF44Y5Cqnfd6iAllngbdvLhi61P3dfSjqDr4zahZeJguP0d1qYd7zjXQ/media?maxWidthPx=400&maxHeightPx=400&key=AIzaSyCz0w_6ziQlJVYzINlEK2bj_7YAIKLtE0c""]",,,,85,2025-09-30T19:53:03.836Z
ChIJuyHzn5__0YURJw5OLerJyrY,The Good Studio,the-good-studio,"Av Sonora 119, Roma Nte., Cuauhtémoc, 06140 Ciudad de México, CDMX, México",,Ciudad de México,Ciudad de México,,México,19.416584699999998,-99.1707174,55 3493 5282,https://thegoodstudio.mx/,https://maps.google.com/?cid=13171562067818057255&g_mp=Cidnb29nbGUubWFwcy5wbGFjZXMudjEuUGxhY2VzLlNlYXJjaFRleHQQAhgEIAA,3.8,66,,,,OPERATIONAL,domingo: 9:30 a.m. – 2:30 p.m. | lunes: 7:00 a.m. – 9:30 p.m. | martes: 7:00 a.m. – 9:30 p.m. | miércoles: 7:00 a.m. – 9:30 p.m. | jueves: 7:00 a.m. – 9:30 p.m. | viernes: 7:00 a.m. – 9:30 p.m. | sábado: 8:30 a.m. – 2:30 p.m.,"gym, sports_complex, health, sports_activity_location, point_of_interest, establishment","[""https://places.googleapis.com/v1/places/places/ChIJuyHzn5__0YURJw5OLerJyrY/photos/AciIO2ckfyez123vzsG2x-i15GpYkUWfrH_sG_jVgSiYB4hj9eNCapVk5ebdX2XKPdONGdbiPry8psm_pjkb-O26nbTuQT0WSe7buFwPARU7iO6n4Zp3PnsveYJfsunMkPlzMWPc2kSDL4pKhn8hF3F2pVdJIOCqHdpHHPbdBtLvhM4Yq2a3KBH3QH2m1RpM2_moN-cHVqMFuAeXsJFjJYHYByOkXkqkk7YkBOw393rqGrGS_v47lKCPCRuvXkXselcu7nkgz3tu-x_WA6bj-tMndeQjhTFbVlIVpVSA32PmlSgZxA/media?maxWidthPx=400&maxHeightPx=400&key=AIzaSyCz0w_6ziQlJVYzINlEK2bj_7YAIKLtE0c"",""https://places.googleapis.com/v1/places/places/ChIJuyHzn5__0YURJw5OLerJyrY/photos/AciIO2cePOYm6Wj0mlf4_GNfcjOyUzngiZ7c15Gc0MhbIGHJwq5dtOg4BGC47z78u9cattVPUPnTzQIKuSIu_ncvqkRFPu3VYRUvIyBGYls703Ch1oNOtBLqpB5BKHMw5T92wlksULHZ9fKmPTn7dXGu24j__Rdj6y86C05FTGMcnWb51iAiIE-6m_pmIMN4MoIYEkMb4IoQbOn2l4etgxzubexnc1iljSR9uC6C7drCD0zFLDURyrWxIdmCwk3demj9M_zWWTdvWbIyyBpUOfzxwaZRHNmXdKVLDalXg3m3a3HtmQ/media?maxWidthPx=400&maxHeightPx=400&key=AIzaSyCz0w_6ziQlJVYzINlEK2bj_7YAIKLtE0c"",""https://places.googleapis.com/v1/places/places/ChIJuyHzn5__0YURJw5OLerJyrY/photos/AciIO2cq9sVYhNl87wKgF4Rb6sUt1hakb-0Y-j4Yc0lzVICBO9cpkJbzlH5adqa8oQlPdl-0IX_koSAxOiSv6hw8EPyTo0tiAApi6ZcynrUMbZa362ql9cwRzsRjOivGpyXq3GKmsoHg3JBdRzEyP0sOPkBPW2SKgOd92JFPAVZMHvOU_73N3lwtiopmd2CTqTGytnGo-wFoN6KvuFZNVauRGyFTnbhbtBcu2CSLg5_kr5N_FSU3yJxnSiOf4jpqtrxxgLajHrW8a8hVXkl3zcoxR6uJNlzVPsUoQdB4DTU-UTUFog/media?maxWidthPx=400&maxHeightPx=400&key=AIzaSyCz0w_6ziQlJVYzINlEK2bj_7YAIKLtE0c"",""https://places.googleapis.com/v1/places/places/ChIJuyHzn5__0YURJw5OLerJyrY/photos/AciIO2e8ydIYoupnGSMk0fd_zwW9_8D61sER71qEeC-gdozuEMX2T0h9cVsl_h1JvrC1vvTf3y1BDmn1rTOJ0TO8-4rXGHUNRTkAUBlbQCWpY6FRwEGPJGLK0Wbz8T42OPv5eaSj6Zror3io-XGEsk1KPVQzbsQFV83hqM-tA4Dkvi8CtgIdU4OSqPJoFF1a6dAeMXd2Ys6vZ72ivn7dd9SzVlqr-ccjaQeDOKRceIvyiX3zIJGulxHqPLPDPYZFhPdK7-IVo44KM_VX7DgVn5WgeN5tblCEnUSiANA0cN6yTLAWobPippH2goCcyqXR0QYGZh2JQzqCr2vBp0swigtcXoVZCoqC8E95cLaJjG2ohkLBwk9Ti57Qv3p1tAvLG80V3toMry1sdGJpTIQ3pNF0g_4MtyoQBY9rIX_-zqcurhd0_uEP0yvnq1BcSFUr8g/media?maxWidthPx=400&maxHeightPx=400&key=AIzaSyCz0w_6ziQlJVYzINlEK2bj_7YAIKLtE0c"",""https://places.googleapis.com/v1/places/places/ChIJuyHzn5__0YURJw5OLerJyrY/photos/AciIO2cPHZkXG_fK3pqwwFiIJ2KNw29NRmRLE64zE2kgQ1uCy02JkwFGV2WFMU18Ub1UG57ssFxo537OHawsU5UYaPftsQqEkp-tMF8n4ue24dlM2SZ38EwTzZVopucMrViuleVrKvVxBIfq6iD55siN_cG72Re9VfgI1FNewMuaI7gcnlIvOOtq55NV4O69mttuIjsvUODDlFo54LfQX7hZNg2wVrdgXxR3gLLlnQJqYTDgqjco_1noJ4NWoowdyHO66Pt8F0cCO9z1uCgG_virtHQURroz2y9ZuKMtUEqG_ZtWxU3ZEaTvBLddR7Qei0PlW6KtRgrSY0_3q3Puu6SEFmgqLFhErvGBFtUWZu4D9h9QBOIpFk_8smiXHhCdT7UY45iF3jl-GMtD9Z1zo0Rm2ycJJzOnV2qgOcO8khzagV3gFcbGkTIyjzTn_3cp2w/media?maxWidthPx=400&maxHeightPx=400&key=AIzaSyCz0w_6ziQlJVYzINlEK2bj_7YAIKLtE0c""]",,,,85,2025-09-30T19:53:03.836Z
ChIJR9GQCMz_0YURJ_6B7_ADqpw,Mandala Studio - pilates y barre en CDMX,mandala-studio-pilates-y-barre-en-cdmx,"Río Neva 26, Col. Renacimiento, Cuauhtémoc, 06500 Cuauhtémoc, CDMX, México",,Ciudad de México,Ciudad de México,,México,19.4313681,-99.1622319,55 2277 7826,https://mandalastudio.com.mx/,https://maps.google.com/?cid=11288839749302877735&g_mp=Cidnb29nbGUubWFwcy5wbGFjZXMudjEuUGxhY2VzLlNlYXJjaFRleHQQAhgEIAA,4.9,15,,,,OPERATIONAL,"domingo: 9:00–10:30 a.m. | lunes: 7:00–11:00 a.m., 3:30–9:00 p.m. | martes: 7:00–11:00 a.m., 5:00–8:30 p.m. | miércoles: 6:00–8:00 a.m., 7:00–9:00 p.m. | jueves: 7:00–10:00 a.m., 5:00–9:00 p.m. | viernes: 7:00–10:00 a.m., 5:00–8:30 p.m. | sábado: 7:00–11:00 a.m.","yoga_studio, fitness_center, gym, sports_complex, health, sports_activity_location, point_of_interest, establishment","[""https://places.googleapis.com/v1/places/places/ChIJR9GQCMz_0YURJ_6B7_ADqpw/photos/AciIO2fAWTjWsPkmHcWr5uZRIJ6U4G59_rHzPnojbbd88lJF2R0Bp4AUKITjeETY723LM4Ad6k-83yEx3rBF9WqefpJwYcVaYICSWSHbDcsxZqwxoanUb0cYugaTyxzOBQrqRQTxVeAorfQJi-kkTduU5f7VwlYUfK8NFWLlQgdfhf5NDnQhGOf0vUrPY3dGEAfQv4HLcxorJfuTn7x398Zh9KtA_9PIQUhJV1eY8yeflUjAhujHReXpFSSOLR6pt_0tWyQoX8TbE6-hitiLcqWlbSlpW7nZgfrnjqL47ijDE0WJrPH8flsWsZOtFebvw52Cgf_uMF6zu7c3JaFbP6Jd9oqAqk0ZzJRyxsXTRxhU_PJAlfKpF8JmheYBvCVUasCXoCWr5oYxMlWMcR1oKz6hHapOtn1BOs4qp_pwSJRkmUYa7h9S/media?maxWidthPx=400&maxHeightPx=400&key=AIzaSyCz0w_6ziQlJVYzINlEK2bj_7YAIKLtE0c"",""https://places.googleapis.com/v1/places/places/ChIJR9GQCMz_0YURJ_6B7_ADqpw/photos/AciIO2eOz-ZK5BqPrQ_x3UasuVDwpEvufNZXVj0MU7bpPBF1lBFW_Jm6h1T6uGeLN_y8p0waZ5B9Lanr6zDfHL7JdQbkaEMKmfA06fww9VH2f1_cPTKTyEguqrHdsPAHGiFG5lS1pqe7an8zr9620qywAoB1ngOiKq5stEL-F2faOdddT7UWX6crEwjUXfBlrUTnKj0Sl06Z2LR8ZfnoUnDiubIbLuoQd97jyVekbgOq3UOaJbqHW_U9yiSGIqawXLE6bEwoIeIEPtq-yCKUsQwR6eg8f8i7jq2GhMCD-iiWfuPvLA/media?maxWidthPx=400&maxHeightPx=400&key=AIzaSyCz0w_6ziQlJVYzINlEK2bj_7YAIKLtE0c"",""https://places.googleapis.com/v1/places/places/ChIJR9GQCMz_0YURJ_6B7_ADqpw/photos/AciIO2cVOjFWmUSjLA6flcvSeHdUVsBjhwDP1QKspvNoMv6pQsua1mfiJdoSvlVT8zvNna6DS0XCnFKJwbVs4ZD7WNO9aR_1sVKstMshAJZLSfj9sbwsRrFqQ8hNGh7SKsITPN333ek5J0UZzwDcsNGpbOe-Tu9k8effVEdZ0tVG2ShF-1pzv0dg41Vkx8VMj58GcijW-WGA9ngpjdqXvFwQfYzwBXmO6JpdVkXLldQejcMFdfPnHf8J-zgpctvHeSG7WSmk_hP6Kd3OxGClsor2YqfKrGCOI1miISEr3JyK98e8zg/media?maxWidthPx=400&maxHeightPx=400&key=AIzaSyCz0w_6ziQlJVYzINlEK2bj_7YAIKLtE0c"",""https://places.googleapis.com/v1/places/places/ChIJR9GQCMz_0YURJ_6B7_ADqpw/photos/AciIO2dWZ-O_wroe7rxM0JKE9g1CN0eWU4aZ8Df5WeKmkoZZipYsEoabWUHsUobWIa_UVFep2ZvPWPSxvarGkMRCY0A78RjSy2_DY9A3J2sTvnHx4fgNu0v2zg7ZJOvZ_cpJVUavivZC-2u1nb68iBdH5ZXit-pQKafiQlHiOfpz4hh7C30L9sgV4gwxvLNJq4gxHiy8Cuwr9k1GUjsIpo2wDk0o3pgmukl-CVNQiJUrGYlx0khnVZXOeVpo53ooE8brFoiU1u_yciVx_nzlY9D9Ws5PEilot6KqXOkJKs-EgfzmyA/media?maxWidthPx=400&maxHeightPx=400&key=AIzaSyCz0w_6ziQlJVYzINlEK2bj_7YAIKLtE0c"",""https://places.googleapis.com/v1/places/places/ChIJR9GQCMz_0YURJ_6B7_ADqpw/photos/AciIO2cq5fewW_DiiPUoF-IPZcOPAM5eqaSoge1tIXqE-rHtUCMOcKfM-r571gGCIDv7Gvo2LWTXx96QPaTgw-MOovIIfRO-pFci4rQDkE5_zcE-GH70GJIZOo15SEVFiCovF5SevnQvQut4BRy20HzCkPbqybywjMNmA-urH2MmohxM-91RyGjCnap_jAlMehUEPuiJ6xncfshS2cjqrCcsmS3tnQ0iXmJOWg1F4r2ijztmcGWVcwU0-R_nprW9YyAeYsKD-uLCH5sFuU97fcQI_P02CeMC92Ch7NGotmOZzwLI3dIGGJD8NNnEzcKf-gzir0ZY3kJR2zpc8yC0KTXPbQrp0Yq_A2voCO_RXxtZLw6euXFNyac-99gzZsUjlhkqH_uNudwPW9O3BI4UaM6ar-nyZrT_kGlZER0jwe2eU-Xi9ApL/media?maxWidthPx=400&maxHeightPx=400&key=AIzaSyCz0w_6ziQlJVYzINlEK2bj_7YAIKLtE0c""]",,,,85,2025-09-30T19:53:03.836Z
ChIJH2K9dJr_0YUR4WoL7FQEwtk,Universo Pilates Reformer,universo-pilates-reformer,"Félix Cuevas 329-local 3 y 4, Col del Valle Sur, Benito Juárez, 03100 Ciudad de México, CDMX, México",,Ciudad de México,Ciudad de México,,México,19.3728482,-99.1748556,55 5524 4663,https://universo-pilates.com/,https://maps.google.com/?cid=15691108814496164577&g_mp=Cidnb29nbGUubWFwcy5wbGFjZXMudjEuUGxhY2VzLlNlYXJjaFRleHQQAhgEIAA,4,139,,,,OPERATIONAL,domingo: 9:00 a.m. – 12:00 p.m. | lunes: 7:00 a.m. – 9:00 p.m. | martes: 7:00 a.m. – 9:00 p.m. | miércoles: 7:00 a.m. – 9:00 p.m. | jueves: 7:00 a.m. – 9:00 p.m. | viernes: 7:00 a.m. – 9:00 p.m. | sábado: 8:00 a.m. – 1:00 p.m.,"gym, sports_complex, health, sports_activity_location, point_of_interest, establishment","[""https://places.googleapis.com/v1/places/places/ChIJH2K9dJr_0YUR4WoL7FQEwtk/photos/AciIO2ff5RrW9eE0UNlhPlOiGK8l4ChZ7DcUONOB-HmvX3uTxIe6Xoyh-Wy2ZMIzrOmNNv9fQQrlezDor7nPxmWD1agdBwxpqdikuMs5Uq5Rmre4xxtP20WWQ8uv-BazinYJEbBORfQs4f00nVAKCtrQQe7YIabMOcGmF8mIgZlN8c9vnUPlG6clc8a5o6t1C67QrA8uNws6HNps6_F8_mEWlTuiKtyyqGs0cPZczABEXgqD2EnHYB3PBp3r5aoL0Jek1PssVF2Nk4T7i4h3F0jY-B5-8zHbk1Fl2FUST6ZWdzsoDg/media?maxWidthPx=400&maxHeightPx=400&key=AIzaSyCz0w_6ziQlJVYzINlEK2bj_7YAIKLtE0c"",""https://places.googleapis.com/v1/places/places/ChIJH2K9dJr_0YUR4WoL7FQEwtk/photos/AciIO2fOe7EQng3liPea3v-LtZSTDKarxQTXqKSI_RMlfnLLWIaXD3hBNjDYyVh4Y_Oyr6FAvudTvx0wG_aAcBe6hpmpD0HLc4LKyvk-j4585r0LOdvhTrOjkIvNMoOpzCyp1eDg_Kjbd-ol0mhvLJLtq3K-VFpQVDQoSIZ7D6XFjCsuQ5HbeEIGZD99515VXQ2iNEuRdc5Fkc_vvStnW-pfD9N8ZBDzzWOWug-1IU4EU59urOZZH8P58j54AhuBMaL7LdLtmOA8FjLwvAemzYw2F63bP02GN2qFjT7gkMLMZk7c8g/media?maxWidthPx=400&maxHeightPx=400&key=AIzaSyCz0w_6ziQlJVYzINlEK2bj_7YAIKLtE0c"",""https://places.googleapis.com/v1/places/places/ChIJH2K9dJr_0YUR4WoL7FQEwtk/photos/AciIO2fg9ZTsLdQCAxYCOtxs2AKZW1o7zn_x5SAQ6bk96GhWzV0F6YmtWs7af0EC0EAo2lEWoR1LKQbjHYuaz7Dafo_16pHDouig8DcXagVhKNy9UfLSYOKFyLMi86LkvN3SVVdvXRHG9NWVQNZ6U6rLcx03O6VK0tAg7W8uDdw9zys591bGGO6RVksCXDZMW6pK-EQCHhhnyVJqDbcQbg8T8C2CEw7UIkl8w_v2kWAbPPeGuCmnJyMS1--OepDH88bUrl0p7_WRX8P-TeNWUUrN5IftMmqQKbpfgUxBiqF53daDJg/media?maxWidthPx=400&maxHeightPx=400&key=AIzaSyCz0w_6ziQlJVYzINlEK2bj_7YAIKLtE0c"",""https://places.googleapis.com/v1/places/places/ChIJH2K9dJr_0YUR4WoL7FQEwtk/photos/AciIO2dXdqVdTWLqITwBF4323BWt0AJUuJg_2KhuyJmQoXNPEs79djDubCs4epiFkkdhdQjDS6TYuTOBi6wAyBaNUhBv2fJPjas_1UcJQo3xsJGOQg9Pewz3WzvFeGOb6yrSMJXP3xK5j1Ol3NELxJuBOwbl37TuyBdB8pQsW_3QRX3AL4aL9OsGpSoJOxTBgZcd4EEKzc7TseCGXCUHJU_SPBsN-mlXt8VH1LylXn389Q_2C6qjbT6I2kDKngMrCcSm2wE0WkrinsJfSzLq31VJGZpHGgRJmS1NGL4kZlhhJ1jIKQ/media?maxWidthPx=400&maxHeightPx=400&key=AIzaSyCz0w_6ziQlJVYzINlEK2bj_7YAIKLtE0c"",""https://places.googleapis.com/v1/places/places/ChIJH2K9dJr_0YUR4WoL7FQEwtk/photos/AciIO2e9iJpS1rsno8v4ZxYWSvQQDY4mu8cWYJLE7SQbRY41ldPdQ5hbafe9gCTN2SfKy-UUvWQOP6lLnvCvMLewQl5C_wt1l5ZVgj6xQNekItk9_E5S-kYgPWUV3SkHsO45P_oaDHdiqCIhCvTIKEKh_417nk8Gcq0bdTKnH5IIahlY21Ka25DiHcTdZLIUe6GwkXB9O_nK62Q4PNb6tv4HYJw7oh05W32t1LhLD-L_NdUUkoBkAWRpsWa8LDTqzTzGRCp_MzyhcKKKI0GyG0pVwAfmqmeQOau1senDF9sHaZOvMA/media?maxWidthPx=400&maxHeightPx=400&key=AIzaSyCz0w_6ziQlJVYzINlEK2bj_7YAIKLtE0c""]",,,,85,2025-09-30T19:53:03.836Z
ChIJ3XOR6DD_0YURaC8Apno65ks,Aura Wellness Studio,aura-wellness-studio,"C. de Chiapas 184, Roma Nte., Cuauhtémoc, 06700 Ciudad de México, CDMX, México",,Ciudad de México,Ciudad de México,,México,19.4116824,-99.16483769999999,56 3960 9733,https://aurawellness.mx/,https://maps.google.com/?cid=5469123095933497192&g_mp=Cidnb29nbGUubWFwcy5wbGFjZXMudjEuUGxhY2VzLlNlYXJjaFRleHQQAhgEIAA,5,33,,,,OPERATIONAL,"domingo: Cerrado | lunes: 7:00–11:30 a.m., 6:00–9:00 p.m. | martes: 7:00–11:00 a.m., 6:00–9:00 p.m. | miércoles: 8:00–11:00 a.m., 6:00–9:00 p.m. | jueves: 8:00–11:00 a.m., 6:00–9:00 p.m. | viernes: 8:00–11:00 a.m. | sábado: 9:00 a.m. – 12:00 p.m.","gym, sports_complex, sports_activity_location, point_of_interest, health, establishment","[""https://places.googleapis.com/v1/places/places/ChIJ3XOR6DD_0YURaC8Apno65ks/photos/AciIO2dxgy-91PEXZc0GshTAKScASs9neoVnUd9wccIow-5g9VSKggK8VAan3YmIQd7AUe6ozAynK-WCavCB-xAHGbG5CFhruVlVcp-Rm8gG2dCWpDRn5U1Gis72sRzJs5quzwIfbWpttKbRF7N924WRTGYCmuPfIP9WA3usIWdSPJcgEmZkqc2FZ3fUBLk-y9vJODvJGuZ5q3dbWo98WVyB3GPEy-1W2n5SPiXGED-73vrRIGNireWtiNbWKR6PEOmU6qf1PQYr_-UZ8uKcGpT0MCIfQbDsUb3T8j0r1RsmZ_4knw/media?maxWidthPx=400&maxHeightPx=400&key=AIzaSyCz0w_6ziQlJVYzINlEK2bj_7YAIKLtE0c"",""https://places.googleapis.com/v1/places/places/ChIJ3XOR6DD_0YURaC8Apno65ks/photos/AciIO2cmQs4Bvg-2g7O-uOV81kUg-OsiT1p4HDMGDM1mH99PIz10giEw7IvLZTCZ5hHVAr3fuvV-rhFv2cp3yXoCpkXjwD5wU4zF9grSRVfVePI06ptW1YFY2b56WMBgY1AVppWJBQ1ni0dserrInGW5X4XNzvndMgOyE3b6CUALfD0eZ64J2_SaIqqhRFZkQ6r_J8CEKXrsixCgZ3Obbvzpgvj27QW68S0F9x4dSqoPEr15fqUQYUt8KQRzbKmLb1T8ELOSkiYuImRpcwDCHaEfNCDpg3ldr7uCMZiEiMQHrur4Hw/media?maxWidthPx=400&maxHeightPx=400&key=AIzaSyCz0w_6ziQlJVYzINlEK2bj_7YAIKLtE0c"",""https://places.googleapis.com/v1/places/places/ChIJ3XOR6DD_0YURaC8Apno65ks/photos/AciIO2e7HRrgihtZe-_MbqXk0tAaTHvQB7RaY0WemyMzoErVIx_JADCUBnKBgD6z3OBCBCZARvuRfooAoGxtducJLHmRItnVqVmeTid-bjOxHFS-yK304waaslnyc0l54j2pdCKVkjcZvCkPTyvCXDn2eKR7e48KzoxCnIlLCw8FDl-kF0Ibuz7S4hYBgn2gdqaTMnfHnXKJt92zZU_effvv35T0emS67r-rTzMLMbtq_2fxwaS1Ojt7j-6ug104W8XproDDv0spTAZ4ieSTVOgKCiccZoDLRhyVQT7pO1uiUTsMd8uumAEnk-iJ4dbhC1aYCtYNlGcJiqk-EdpcFC9sgjb2v_66qLMp4iUaImv44dm2kxieM2bc0ke9K8s-f0Dh6Ehlszcgy_cQve8fSdwH8qzg6IWU5EWI6LTz_b-nhv9ctE9FxzZZ0YWcSI7tHVDJ/media?maxWidthPx=400&maxHeightPx=400&key=AIzaSyCz0w_6ziQlJVYzINlEK2bj_7YAIKLtE0c"",""https://places.googleapis.com/v1/places/places/ChIJ3XOR6DD_0YURaC8Apno65ks/photos/AciIO2c-JYevJPlL0F1EqWlYgmgNfIpla6_WdJMXSBhes5_g8QsB4OpjkcWCI2l1WshHSw665p5zjgXuyaDzTAsyGtB_rUOs6ZjeclyQ6LiEWgSI92lvHK1bCpyNrzcIkdPHRsGbPUeIAKZvP2CpxM4KukttEoJkylC1GRvuUNc3c_g6DqYx8CxTiRJq613qLOHXpWRcM6l6VXaqayRBiGv4lgXAAo6QzSvOQwOnl2ZaO7PxUiAfE9gOSizsxLQqKFcgPQjSDX9s_J1WSVVC5XvDEVPYPAe-ipLKCuXTG4b6hRP-2ycbUOrGHK6IZntJy2UsXb4GLK9DRlUN7F7D3a2iLBgpjNLoWNVwMhG0J9fBlw4DteizyXOYZ2XXZ_QILTLhouY7wxGANHIjHfcpgMDBULxE02ys9pqvaxnufvP1YBN5S2l4YANwy1wytnBrdMqS/media?maxWidthPx=400&maxHeightPx=400&key=AIzaSyCz0w_6ziQlJVYzINlEK2bj_7YAIKLtE0c"",""https://places.googleapis.com/v1/places/places/ChIJ3XOR6DD_0YURaC8Apno65ks/photos/AciIO2fJ_OMYUnfgriYxkuG8QEuqEhfvGAOYWvcEJR0-tj9bIakD-eAqWFwjRKS4ePnV7t8bi6Nn2P6u-h2CqhT1X7nlMpVV-NOGib5vv_RkFiCrvzJzc4HzLAbuRs_yZZQuXJrZTpj6laeQWafHEKWPeNoPWepsgVg30ojGqJmg_tBfVls48ZAHMuJ5QAJJNlRi6F9jpjM08mqigIdPugMlPZBq-80vlo167iqnMOeZnmcuKivQrJooQz3eRU54GbbMnUyr3OsX5i4ud8Wzji7JaTQ1fnkqyLWOdrlWJHJFGySiZM3_otHKB3PLqt0w5IxjC94arGGVSvbjueEw8F3ndJ-73Ff1h5Dat2MsxySA2XNSGnV74iIKKpSDP218hdIAPFbgwgPkvZ8EuLMcGypsz_fK4iQEoPAx75b9QaML8zEzPmnDzSmjtunYEI7LrpX3/media?maxWidthPx=400&maxHeightPx=400&key=AIzaSyCz0w_6ziQlJVYzINlEK2bj_7YAIKLtE0c""]",,,,85,2025-09-30T19:53:03.836Z
ChIJg8GH_FH_0YURrzZDXAv2ZYE,Tann Pilates,tann-pilates,"Avenida la Paz, Calle Plaza del Carmen 57-Local 27, San Ángel, Álvaro Obregón, 01000 Ciudad de México, CDMX, México",,Ciudad de México,Ciudad de México,,México,19.3464325,-99.18923029999999,55 7406 3368,,https://maps.google.com/?cid=9324129132193461935&g_mp=Cidnb29nbGUubWFwcy5wbGFjZXMudjEuUGxhY2VzLlNlYXJjaFRleHQQAhgEIAA,5,221,,,,OPERATIONAL,"domingo: 9:00–11:00 a.m. | lunes: 7:00–9:00 a.m., 4:00–9:00 p.m. | martes: 7:00 a.m. – 9:00 p.m. | miércoles: 7:00–9:00 a.m., 4:00–9:00 p.m. | jueves: 7:00–9:00 a.m., 4:00–5:00 p.m., 6:00–9:00 p.m. | viernes: 4:00 a.m. – 6:00 p.m. | sábado: 8:00–11:00 a.m.","gym, sports_complex, sports_activity_location, point_of_interest, health, establishment","[""https://places.googleapis.com/v1/places/places/ChIJg8GH_FH_0YURrzZDXAv2ZYE/photos/AciIO2c5QUPZ7csAXcpBAeMV8OzuVzL82FevsqeS7uPSKFmm8BlDxxnAb7vxy6-fcQVktoyfywuUC3DEOpxv4V_biUJvPQBm8UQ_6WZSyutWF9R6HCGPhyeU42h23gGI3tb474uiVqg3KnbVXHdvLMYK7oIAuxZEmTqk2zMpIGoR5z_sA_3TD12GgPq2LER0r-uu2ORTmv5mev39qV8EQSJUZbTgUv_J15yCzP7UXCQUQukLd792els6ZfM69NE5h3rNFw_EHuKEJyc5HWtgs2xMeR9YoHHJqilQNVEgJcbPAB5wzQ/media?maxWidthPx=400&maxHeightPx=400&key=AIzaSyCz0w_6ziQlJVYzINlEK2bj_7YAIKLtE0c"",""https://places.googleapis.com/v1/places/places/ChIJg8GH_FH_0YURrzZDXAv2ZYE/photos/AciIO2efAbGw4qra6hRlZZBktp0vTwwVbjoMM92K-13u01ocaNjSqLI7yPFrGT-PJ_9FdTkn4RRMBOLrUP5-dCd7xr9EGUk8II0sbSKIrwhhKt4jv7qANiF3EoDC86RTFUAWMjo3ozeuFsVN-5BlvB5B8fo4gRo1oOfhpD8Eh_pV3EEVpG8FYEipRG7QGrSiCtlijrmDm0AKMsyYBvTQAbhY7sTPl_OolOATJOx4ml5V712i3lSE-nARpaB9MfYWIEpkRCZVSZ8xEDP3oQAWTshuAK5IX58SAV9hT9jeB5Qf3qGsedsE5IX_dK2jO63lckKZ_WcZHoM0t9skth05cJLSQAXGisWE2RC2xoSyoZ_EZJM8uY9dKB3G6zMeE4qQMEP-_zFNL2ZHBCrfFNBNtgbKOibDChHT-2lkGxs2TnqpVcSH5b3rXgGlTB63bEwoyQcE/media?maxWidthPx=400&maxHeightPx=400&key=AIzaSyCz0w_6ziQlJVYzINlEK2bj_7YAIKLtE0c"",""https://places.googleapis.com/v1/places/places/ChIJg8GH_FH_0YURrzZDXAv2ZYE/photos/AciIO2ca32ELzCxlocg9d1b-01g4iCRS69T_9RCxs5hN9Wl52NkkPAkW10y07IBquFx8ZUiKgJn8wK0Xn4sf522WDIPWKLVQIjm4f0gG0xPLNxpjjdp82CZ4DmZ3qbuQpEvlqcq5SwbFZcKIu4PYI41GzNNpLpeghEAzav8U_zYJKB2QSOzLJZhvrLdCCLc9gX8n4-R_WXTO9UigiDJJQz3h1d34nza_gx5N7TRfX31okdYOub28kuDWXwBps-yF8XWOd823wSRL-DOgPmDIA6AzN9gi5Cu9wbRrZyu4p_Us4hyf80w9b_Uyw4L2uBOlaH7UFGF4_SHRSSIaR2YE3BRRFJBOSbTrl0TtIYD_hyk1YAVYYOvxABizCGiIhtQNliGv8wo5BzB5ax5K9HkrN7z0HpinT5Z3pxU8m9WwIt-G6e45aw/media?maxWidthPx=400&maxHeightPx=400&key=AIzaSyCz0w_6ziQlJVYzINlEK2bj_7YAIKLtE0c"",""https://places.googleapis.com/v1/places/places/ChIJg8GH_FH_0YURrzZDXAv2ZYE/photos/AciIO2dZHhGAxizzU-vfKsxwyrk6_0LupRD7zUB548IhnJ-EByy_wnasxY--Qalik1gRCBW0XnqlCAcXmG4MhFmeCP9uHuiVgwM-KjjeNAsue4FZiqbpZVHs5Uvk1p_8xAjm68FjvFlg9bksaUFUZErUSOMRShXbBsudrjkhDGwaZqHO8grURBg98Wp_-BPj07eZC-E5tx5aMDgrU1uEZkKjKMbLzezjhqbfuc4G_UiF7Cbt3A94z-8nHs3X9FTRM5oUCnLD3iDFiXj1DtqU4OroJEn6OpQtitOTZwdMqzwO_AxIHw/media?maxWidthPx=400&maxHeightPx=400&key=AIzaSyCz0w_6ziQlJVYzINlEK2bj_7YAIKLtE0c"",""https://places.googleapis.com/v1/places/places/ChIJg8GH_FH_0YURrzZDXAv2ZYE/photos/AciIO2dQj_Ba7-CTaiO_6kRNDNCdHBIUO6AYhzr0PbbH7wO77XvQl0j4rMqc7RIw10c-6ann6Bo7CfQRTOfZxZE9kVPEExIq2bgwCt-5wyfr1Qc0cYkOXGOagebiKstVzdFrhL2F4KNdpKeMcdeuvGsUD8MJ086VhQjXlpO2QIsKWPqXkSHQOC8s0A0jPPZ4W54G8j-R8lCIhVFVQnaIcgzpl9CdKgNE4ZEUoWFpyruIeKRiYr6tlHEtALAhPYSgGbhavl9m4V2QuX7MpdvE6I1Kq32exFRiCtaxGQy7h-TirXXV1A/media?maxWidthPx=400&maxHeightPx=400&key=AIzaSyCz0w_6ziQlJVYzINlEK2bj_7YAIKLtE0c""]",,,,75,2025-09-30T19:53:03.836Z
ChIJ1QvrHRT90YURyHuL867Koho,Pilates Reformer FonzG,pilates-reformer-fonzg,"Sur 21 169A, Leyes de Reforma 1ra Secc, Iztapalapa, 09310 Ciudad de México, Leyes de Reforma 1ra Secc, Iztapalapa, 09310 Cuidad de México, CDMX, México",,Ciudad de México,Ciudad de México,,México,19.3621575,-99.07091199999999,55 1757 0057,,https://maps.google.com/?cid=1919319243972377544&g_mp=Cidnb29nbGUubWFwcy5wbGFjZXMudjEuUGxhY2VzLlNlYXJjaFRleHQQAhgEIAA,4.8,53,,,,OPERATIONAL,"domingo: 8:00 a.m. – 12:00 p.m. | lunes: 6:00 a.m. – 9:30 p.m. | martes: 6:00 a.m. – 9:30 p.m. | miércoles: Cerrado | jueves: 6:00 a.m. – 9:30 p.m. | viernes: 6:00 a.m. – 9:30 p.m. | sábado: 7:00 a.m. – 12:00 p.m., 5:00–6:00 p.m.","gym, sports_complex, health, sports_activity_location, point_of_interest, establishment","[""https://places.googleapis.com/v1/places/places/ChIJ1QvrHRT90YURyHuL867Koho/photos/AciIO2cbxe74ylIm-qj7BQmIzZOme7_adyxG6yJoES7w_RPHk1AcBBRiM527Pf6f31WOs36RRhf7KfT0nYtWF0Ehsa7RCo_ZjKGXsNRTSgSEnm7ZhKXIoqXnSx4rLvVDON98U3LqOj88PL3n8-dV1YLLdvtH9_0ZotgZe0GW9Nj5RiSLf3fWazTsPBYkL8UmNOJgKUU3nqiIKBRiQ3W-yElUYZjH6AtFQoyJwCu3YJOr2O1BqmsMxFUpx0DGizRkpXC9iBiilHna0A-jeoZHtKcN4u3lwU5ReFBikbY6ZdfANCfIBA/media?maxWidthPx=400&maxHeightPx=400&key=AIzaSyCz0w_6ziQlJVYzINlEK2bj_7YAIKLtE0c"",""https://places.googleapis.com/v1/places/places/ChIJ1QvrHRT90YURyHuL867Koho/photos/AciIO2cf6jIzXKpHdJs-d75jUa-xAvKoDCOCXmBRHPWThKSWzyBJBsDnLQviRLaOVFeTqBtf_D7esWJKZ6THtJ9pPkGlwKojSWLy9OSc8t2epcYEWmCtFCEKG8iOryRSMNDUju1_L2qd-Gguka_13A5MqxtrktKQ5FVYhsCtK07f0PEJ_9hcE6GCrtHIfyCYFIfMFbBcpuIuYQS_XF7vyXvkPdwtTHpN8dH7jXRYMn3odbBHcwWduNKAB14waoIR1ECbnL1aE2pzSsR-kUM4H_JXkgG8xW_knlJuWGFLMtAZaOgRxg/media?maxWidthPx=400&maxHeightPx=400&key=AIzaSyCz0w_6ziQlJVYzINlEK2bj_7YAIKLtE0c"",""https://places.googleapis.com/v1/places/places/ChIJ1QvrHRT90YURyHuL867Koho/photos/AciIO2e3Uq3oLU8prUS6aJso5fJBLVpRXGtWtVH3Nu-ZJRriaTajICZUTGIsMEq3abfcgH9hO0gdmkmMq96avjGVUCbcuFsYh2e4VWTeSMMkxU4WCCAt9HKVc9jNsOxTfwRq7wwYeWqr51NlfUYZ9a4J0_la3JkwB_w8Vg5arDvsY-2ANLeImTHjZuJq3P0F4HVUyuji1loUlDeMNPcBknxLqdWDXQldGuX8FNvQk9ViDs7QOE_TmeQhQQaV5IxqKRu3DJ5C258-a3mItb7DcigSC0NqfHV7-lAdE3cij8ELBUEdkA/media?maxWidthPx=400&maxHeightPx=400&key=AIzaSyCz0w_6ziQlJVYzINlEK2bj_7YAIKLtE0c"",""https://places.googleapis.com/v1/places/places/ChIJ1QvrHRT90YURyHuL867Koho/photos/AciIO2frgHJTUFCU7SjXZjeYEHLJb-hJZ6BFXYHQV7bCM-x_m6gO19B04XE_ogrGFqanT4DoLH4XOWnveWbHULrs8LIdbjzyWszz4GCTTCWvRia0tq5BTRtZ3BC0qnvuaF9dZwbiKSRH1kjdFFmovq-C_YBtrYdrSoNxGe70fOyo7DWAy00U9DaH7oPy7Be2MUX7g3sr7KrKHftWwl58JEkuxLwdVDdh2wTJnPf1wneJArEwGllm0-mt5m6vg_YA_2rVSR6bpAqHxiBavm1wnCgibhsnEc_NR8ZPYfogeTN7vmVxdw/media?maxWidthPx=400&maxHeightPx=400&key=AIzaSyCz0w_6ziQlJVYzINlEK2bj_7YAIKLtE0c"",""https://places.googleapis.com/v1/places/places/ChIJ1QvrHRT90YURyHuL867Koho/photos/AciIO2ck2wQmlLeAqzhcmuViH0uEYY_qrQM_lMHjLAowCji-9RdkWuMrYyXqWm0AJiGjBF63GZqQyH9WDneOc9g-R-OjQFe1KDAacq_qhZ0iRiqysine7ZjsBUTm7xnddp6OejWDiZ3stnrthSdaTcmOdbybpk_HGfWhLxcy1UtAAtU5V_HmHfhW8U-wT6xLha2ydfOMa8-68fzyp4VgwptJ_tVSSZ7FrFQIP3_PrfBKPSiSEkQ17z9IYiVdjsyXbRr5VKeavjmswJRyQEhqByvB2Bx_jJIkmMv6sC_1FrZEIWFAHg/media?maxWidthPx=400&maxHeightPx=400&key=AIzaSyCz0w_6ziQlJVYzINlEK2bj_7YAIKLtE0c""]",,,,75,2025-09-30T19:53:03.836Z
ChIJebuA-_T_0YURJC62qnzh0AA,Resurgere Pilates Reformer,resurgere-pilates-reformer,"Pedro Romero de Terreros 1359, Narvarte Poniente, Benito Juárez, 03020 Ciudad de México, CDMX, México",,Ciudad de México,Ciudad de México,,México,19.393782299999998,-99.1555826,,,https://maps.google.com/?cid=58794720712076836&g_mp=Cidnb29nbGUubWFwcy5wbGFjZXMudjEuUGxhY2VzLlNlYXJjaFRleHQQAhgEIAA,5,2,,,,OPERATIONAL,,"gym, sports_complex, health, sports_activity_location, point_of_interest, establishment",[],,,,50,2025-09-30T19:53:03.836Z
ChIJb3LXFvtyiIYR0k3kxFZRA08,Atmósfera Studio Pilates Reformer,atmosfera-studio-pilates-reformer,"Av. Universidad 352, Narvarte Poniente, Benito Juárez, 03020 Ciudad de México, CDMX, México",,Ciudad de México,Ciudad de México,,México,19.3871774,-99.15414129999999,55 5904 3380,http://www.atmosferapilates.com/,https://maps.google.com/?cid=5693483787038772690&g_mp=Cidnb29nbGUubWFwcy5wbGFjZXMudjEuUGxhY2VzLlNlYXJjaFRleHQQAhgEIAA,2.5,135,,,,OPERATIONAL,"domingo: Cerrado | lunes: 6:00 a.m. – 1:00 p.m., 4:00–10:00 p.m. | martes: 4:00 a.m. – 10:00 p.m. | miércoles: 6:00 a.m. – 1:00 p.m., 4:00–10:00 p.m. | jueves: 6:00 a.m. – 1:00 p.m., 4:00–10:00 p.m. | viernes: 6:00 a.m. – 1:00 p.m., 4:00–9:00 p.m. | sábado: 8:00 a.m. – 12:00 p.m.","gym, sports_complex, health, sports_activity_location, point_of_interest, establishment","[""https://places.googleapis.com/v1/places/places/ChIJb3LXFvtyiIYR0k3kxFZRA08/photos/AciIO2cXhJ1MT41f3z6HXfrixwSDVh76eW75Tw0g9eeRDFchW4Y2FvjeEsovlnPC4uLqIBQMcV4eTzw4ynAkvVRGP4kxbilMOY2GYGKjrcyT_ZQzqGWIoCu4XKqiHWFn-TRNh7H0KxUyO8XSL3NGvOG3s0rZ3IpkCnkR9nuMmnE71O35NUGuMwDUjE8axSGMcyn0RMoHBp0UMLU7rwCTyoiVEy4a7XbK6SIZ-YmBW_xX12I61NnYWQjp3kBW_0L9wRkwmOttNJNIlEgrjylzFQCW8AiH_1RMaMxbJKp_m1qa010nxg/media?maxWidthPx=400&maxHeightPx=400&key=AIzaSyCz0w_6ziQlJVYzINlEK2bj_7YAIKLtE0c"",""https://places.googleapis.com/v1/places/places/ChIJb3LXFvtyiIYR0k3kxFZRA08/photos/AciIO2dFOMsv9en-P7uJtfMejjvXG2-j6RAwK6MNLn_TPaUPS4zwdTxHMc2ndh9yd-oWS5a0Sj2DPSi6tBMDvxMYxPmb9F7YWs1e_XuoSSrg-c0WtfBALgogZaK8onFFTXaHUkKJlGvDSl5mnl1DxYrjQCnMhD8jiSnzjHMtz7H_9K-UHuNp4JZUhtzL_hcgzHV5UliHICCiHch2r6r-dcPMwpZ--Z-cOluC2ccefdeg7uHNk0fxNwZ9pGnb3o8g7ZtO-Q0Zlo6CI9qVv54tjsLtXZvNCtlANiZ1zi-FL0mpkz320A/media?maxWidthPx=400&maxHeightPx=400&key=AIzaSyCz0w_6ziQlJVYzINlEK2bj_7YAIKLtE0c"",""https://places.googleapis.com/v1/places/places/ChIJb3LXFvtyiIYR0k3kxFZRA08/photos/AciIO2cOs9i38nBrVtzLFVTBC4TgJfZ8OrUVqnqq-fIK9y57Jd6_GBQ5ulzdHqmgE7f-l3qLlkNMhhrAEuT2l4hfMVyI-vYWI1QA4q6YszAzb_r2SF7abVlUwe6mBoyUM6YaNFp1HkM2HPM23vFZ1NCscUfjtBjNgqBVRUJVF4eyzqaSZO2C2QTveo5xIGag4dI99ustqMGkUAnTmC_1s0jZgM-ex-DZOhXdy-0DOUXgGYjtBSm_cLQuHGu6Bpq76BYDQySYkffHd2qF51pGWpoTJMyXsafFE0jPeI9AhCqqU97Gig/media?maxWidthPx=400&maxHeightPx=400&key=AIzaSyCz0w_6ziQlJVYzINlEK2bj_7YAIKLtE0c"",""https://places.googleapis.com/v1/places/places/ChIJb3LXFvtyiIYR0k3kxFZRA08/photos/AciIO2eTFe-W8eGv00LFotbiid1577rUbnHzjK9D2URaOanV5LnCgjPVKCdNGXYeT5ouCtty8Sd2WTBBnbq9tkZQtYrn-bomT415-wwHjKquYN1FuPyVuFkft6cQa3JX6X5w0b02hBCJwIwdnoGbDMgNQSx5Ljjb7aXCfOcY8GYtOpb6diXPjaajue_DJJLQFJ4BMPKPtEjx86nupSaYqCTmeJ15w9p7JZDG_lBQubQXEtFUPkgQU4DdjFDHA1zWc0VycrZWsFUcFHVftXVjRW4YiGibb6VCzVnduknQRHaaDEY2ZQ/media?maxWidthPx=400&maxHeightPx=400&key=AIzaSyCz0w_6ziQlJVYzINlEK2bj_7YAIKLtE0c"",""https://places.googleapis.com/v1/places/places/ChIJb3LXFvtyiIYR0k3kxFZRA08/photos/AciIO2d1UP1bDcNB45nFxBGXJAaEsDSnPmgZNRriIlodsxVc7QvG3GD0y52RkUDYgdspkDGD1IuBCq5S87wR5zBcthGsOL0EjNyRBc1m7pqz-7C6RFx64MNo7UlZz5ttzGmTuA4q7Wku_mqgnsJJe25fZDrSy3irtJ_TdiNpvYzdhR4hfbi9CCH1k1kSUY9XXLoxbXLog02MfiJsAI22i786qs9ueYjURYY3gyIa27IouuaF8mRKV1FAG3YVMtHSL5Ovpd67NzHx-g4Gq4lBk253UUI4g5yzTMOVmTX2LQScr1Zm3w/media?maxWidthPx=400&maxHeightPx=400&key=AIzaSyCz0w_6ziQlJVYzINlEK2bj_7YAIKLtE0c""]",,,,85,2025-09-30T19:53:03.836Z
ChIJK6OYUUn_0YUROuqpiAdJ_BI,Crisol Estudio Pilates Reformer,crisol-estudio-pilates-reformer,"Av. Cuauhtémoc 976-Piso 2, Narvarte Poniente, Benito Juárez, 03020 Ciudad de México, CDMX, México",,Ciudad de México,Ciudad de México,,México,19.3835108,-99.1575713,56 2022 7722,https://www.crisolestudio.com/,https://maps.google.com/?cid=1368048683520223802&g_mp=Cidnb29nbGUubWFwcy5wbGFjZXMudjEuUGxhY2VzLlNlYXJjaFRleHQQAhgEIAA,5,8,,,,OPERATIONAL,domingo: 9:00 a.m. – 12:00 p.m. | lunes: 7:00 a.m. – 9:00 p.m. | martes: 4:00–9:00 p.m. | miércoles: 7:00 a.m. – 12:00 p.m. | jueves: 4:00–9:00 p.m. | viernes: 4:00–8:00 p.m. | sábado: 8:00 a.m. – 12:00 p.m.,"gym, sports_complex, health, sports_activity_location, point_of_interest, establishment","[""https://places.googleapis.com/v1/places/places/ChIJK6OYUUn_0YUROuqpiAdJ_BI/photos/AciIO2fFCBYXH0olxBamM-flTPbggyCGdREL6TzEuGoUiPF8XQw6ykblkhL70rPCSjlGnmLOgr30HdF4Fh1F11QGvGPYGtSS3BosVHI-092fIFL7TswJPvNDRhV6TyR3BOp0QPndmJfvB8ZmL5T2z8MeVkNlyLpGzYMJAkDAK5_SpNVNMjwvQO7cfhXhXBH7qf4goCBd_f4ncNoOIMWM2c30JOe_vloorcDhmHpHZAK1RlwdOoYnK2rPVQQPyfitLIZqFEw8M1O3lHQe0MGY0L9j4jx58N4bgoNnFsJCQTIIjI7UmQ/media?maxWidthPx=400&maxHeightPx=400&key=AIzaSyCz0w_6ziQlJVYzINlEK2bj_7YAIKLtE0c"",""https://places.googleapis.com/v1/places/places/ChIJK6OYUUn_0YUROuqpiAdJ_BI/photos/AciIO2cuetdWE_qjL3WCDs1wmZabBL9KwK7R6t4L38u8MqJQyzCDJz0wayMcFzxiGTMZUQ-nUHcc0VpaUUS_ACPGyN6d2os5fW4NI8C_snUZjEilEpF2Itq_lycdXbkWHG0dqDAwaKdnWB0R2HW0ItxpJpp0CMUKebg0CI5MHPxXKSBWJDIF_QF9CN6TyC4-c-E7t2j0_K5dldEkdnA_2NXpoDdGVRcY_84NQDUgQaRMaBqBYVNQpWohaQ4ZvSADXnYnmFfOTftaDhR-J_Uvo_fbXSBrQu-fQKTa-h3lAZ8egwdt5g/media?maxWidthPx=400&maxHeightPx=400&key=AIzaSyCz0w_6ziQlJVYzINlEK2bj_7YAIKLtE0c"",""https://places.googleapis.com/v1/places/places/ChIJK6OYUUn_0YUROuqpiAdJ_BI/photos/AciIO2fs759g9UQAugOsx8mqusgJGTZNei56n38I7cAgSqbVSoIrc1oNeYOIoxUOdHSUAmSwhf1NXnb16EjUApeI8JZ_RaiMLFLIurmTkCopPnAAXdIPfa5n6xpoVTMqngRVE4u30Du69yER5fn6BT5_AvoVXG1JdDxtTvg0Xsn8YuFSuoSYwQZrLBbr38zL25whw1OM5VAGrXDpBSL9j7CyTcF7XZr38Txh9dXcYFRW8CsJ92UvOFI1R6jOVZmkB92sxIxGOjGWDE9AjftmqVxjzYHtsytbw-Bhub0RTdcOCvYxQA/media?maxWidthPx=400&maxHeightPx=400&key=AIzaSyCz0w_6ziQlJVYzINlEK2bj_7YAIKLtE0c"",""https://places.googleapis.com/v1/places/places/ChIJK6OYUUn_0YUROuqpiAdJ_BI/photos/AciIO2ezH7d47MkJhRSPoIjMSOSWeMa5AWYCktfPAHL5KXQfi9LrCp88xiSp2lWazrLDKFuiJvNJLhXvjMgp0Cc7czymZz109x4dX5lRQdapscOPhjXGwCEwr-rOwU7O3IW4m3UP5nqvY-gHcQPCBxMMdJsiC9mXTuuVBIXPRVKB6A9Frrho5qUFRtPHsGdNfwFbCk2i50oBrFjCAIT9rIL9YIl3ytNmCnzYEyGN4C-e0y_ilah_KOfWOIpf0VGihLmaX9v-Ff7uhoZChjTlI5I3O0L9XN48TJKrQhJaTUxXMX0bFw/media?maxWidthPx=400&maxHeightPx=400&key=AIzaSyCz0w_6ziQlJVYzINlEK2bj_7YAIKLtE0c"",""https://places.googleapis.com/v1/places/places/ChIJK6OYUUn_0YUROuqpiAdJ_BI/photos/AciIO2dAbeDEBE-lbxfX0d8mKjiTLVbgx27jgMC2NWUXN_WP4iYLk1YTYBhH_ngaqVJtl_ao8ArSoj3chHMIxYns3lhE4_sxbIbwVbuyKpyGRgO-qRq4MLHtgqxXvEcjTQ4yQ6_c_MbjFccH1hBUO6HmeuiRZdEXUmMEZQMn8MLOAEO_8DUepHCKP6sUvcz1Vub5-B7ZdxF2afWaXuO0SyT8o4P_2TcbLHBqm62Y-FEoEVJ7Q7U6qwDOaXXOf6Y_uwJQCagtv0pKACb4WXW87CRA8dcrRzU9Wp7GR1A7gxtLz_xs0g/media?maxWidthPx=400&maxHeightPx=400&key=AIzaSyCz0w_6ziQlJVYzINlEK2bj_7YAIKLtE0c""]",,,,85,2025-09-30T19:53:03.836Z
ChIJFwNANp0B0oURDBZX2kQ3WUo,Pilates Reformer,pilates-reformer,"Plaza Loreto, Altamirano 46, Tizapán San Ángel, Tizapán, Álvaro Obregón, 01090 Ciudad de México, CDMX, México",,Ciudad de México,Ciudad de México,,México,19.3394184,-99.19384790000001,55 3897 3917,,https://maps.google.com/?cid=5357374000594359820&g_mp=Cidnb29nbGUubWFwcy5wbGFjZXMudjEuUGxhY2VzLlNlYXJjaFRleHQQAhgEIAA,,,,,,OPERATIONAL,domingo: Abierto las 24 horas | lunes: Abierto las 24 horas | martes: Abierto las 24 horas | miércoles: Abierto las 24 horas | jueves: Abierto las 24 horas | viernes: Abierto las 24 horas | sábado: Abierto las 24 horas,"fitness_center, gym, health, sports_activity_location, point_of_interest, establishment",[],,,,55,2025-09-30T19:53:03.836Z
ChIJY4ZhBHj_0YURf8z2WNknSCs,Hellas Pilates Reformer,hellas-pilates-reformer,"Avenida Colonia del Valle 318, Col del Valle Centro, Benito Juárez, 03100 Ciudad de México, CDMX, México",,Ciudad de México,Ciudad de México,,México,19.3869795,-99.17184239999999,55 4421 6076,https://hellas.fit/,https://maps.google.com/?cid=3118786556408024191&g_mp=Cidnb29nbGUubWFwcy5wbGFjZXMudjEuUGxhY2VzLlNlYXJjaFRleHQQAhgEIAA,,,,,,OPERATIONAL,domingo: 8:00–11:00 a.m. | lunes: 7:00 a.m. – 9:00 p.m. | martes: 7:00 a.m. – 9:00 p.m. | miércoles: 7:00 a.m. – 9:00 p.m. | jueves: 7:00 a.m. – 9:00 p.m. | viernes: 7:00 a.m. – 9:00 p.m. | sábado: 8:00–11:00 a.m.,"gym, sports_complex, health, sports_activity_location, point_of_interest, establishment","[""https://places.googleapis.com/v1/places/places/ChIJY4ZhBHj_0YURf8z2WNknSCs/photos/AciIO2eS27AGq3_BPBn-fStMi3VeygQPwDcdX73z53QyuRXH-fR2GGPFeIlaZTZHoEsQUx_e5JV0SbO2MgoWI2P1SK9JQTiAfpWq7txM7BgICZr6kvrKeXk-h5HvegAJqiPGmNle_asmIFe4DCIiy7q81D5MtCBy37QD3HUZZHA5eSpAyqctcte5SuGc_houLlvXGX9tzdAS_mIc0-buqjivuAmizAOvL4KJkJRSpadYGBwSbjSObhIDVoNJx7lf-mvZoqCbAYleHpDWSdpzvVzF9EMa2FDCTUOURNAvRctO8HCAWw/media?maxWidthPx=400&maxHeightPx=400&key=AIzaSyCz0w_6ziQlJVYzINlEK2bj_7YAIKLtE0c"",""https://places.googleapis.com/v1/places/places/ChIJY4ZhBHj_0YURf8z2WNknSCs/photos/AciIO2fWwMD2EDknS5DOhySi6nfYwQOrd61058afs_pfm-hyBDY9_oyrvmVFj0N9JKkfZ55VU8Itzv5G-1JbrRytbKieZVEZzxByRfcACKG01Q10704_nyj9YygcalMSG1SZ6REA583IQ1aQdmMs_QY9JIdSOfbUmJPMSWxx9zXaPfx-18GmDpWIljCphj_jM7TOj5W1Zp4vrGI0tDsuOk2FIOXLwgtgW3uKce_umcQ6YTpE7x4x9Jgk29S8-xF2349SNpJqZ6GRZw15zuAybxUYpI6W-VWL1m-a-bHTOQuICCskaw/media?maxWidthPx=400&maxHeightPx=400&key=AIzaSyCz0w_6ziQlJVYzINlEK2bj_7YAIKLtE0c"",""https://places.googleapis.com/v1/places/places/ChIJY4ZhBHj_0YURf8z2WNknSCs/photos/AciIO2cp8M8faEwUcRAWKqKhdtHbNZryIlas9ayxy8f-_DdZ36QmpQnxI10Net2pymBqMq_ljz3NB_aoMHjyB4ep3BxEBF1WlDUx-sLMQs2oYhq0wELznOJHGX6K95vTN_n7mF5fhEjWrl_Wyet_wmTebrUAVIxizwh_O1wL7S0vH3a2GUBx2iddp1-FcY8xPNbs9R1TxfVJ7o-m9tvz5AhkxfJXLlQrSHXVreOuuF7R8CwkWBtvQYQdqZQly_j3w_RfKeW6-4XLk__BCO8QucFVVc4Xoz7wQl3clQ4FjUThsqXJLQ/media?maxWidthPx=400&maxHeightPx=400&key=AIzaSyCz0w_6ziQlJVYzINlEK2bj_7YAIKLtE0c"",""https://places.googleapis.com/v1/places/places/ChIJY4ZhBHj_0YURf8z2WNknSCs/photos/AciIO2f-E1y1o-QnCcnKnMx_izX3qK-Y4at0YtdP4Izlw-9CG5ise8Do7th5WFJv0Zo-gmcgb1z3P3c9DxCgb1GlhEsA4Ypdb6RseAMh8ZK5yoxvG2SbxV7ogBFrUJ7kewgGZtUsvZz7GHcuKEYSet9ARm2W8Nxp6xJwO4pfmccnxxMiYEY3BylSQDmsV4wvEujffM9KSuSdjcuNC0nCuKJcgEVYZI2SuqMCOtNoG4oVGFdOxSvSY1I0u64AHfS4NYmyiCS8odqwNSzS7lKYensM_kNEOR4_4wogysEBUaZhYwo6UQ/media?maxWidthPx=400&maxHeightPx=400&key=AIzaSyCz0w_6ziQlJVYzINlEK2bj_7YAIKLtE0c"",""https://places.googleapis.com/v1/places/places/ChIJY4ZhBHj_0YURf8z2WNknSCs/photos/AciIO2cEGEMZHjLfdx4GEuoaf4ISeRfeFkry4JjevDUawi_eisCu11jYIKQ1YRgph1xQaG-yvUhatPRmMcVXStWNKz6jBLDOvGzufTw_zuQ3zflnwxuwe3IKMNuCRR3ODlMsRtB6i3Uj4Ss_PR-cqvu-bMqUJDZrUBe7luig5jFn98dPAn7CTE2xouzHzP_O2BHHax2YE1lHT5rCR2mE5G1AVAeDdrEft2kwYCWrcTcnYisKtm-6GJxXsJEzcEGdrJsX_fxeHyNBt8QTTSCA0mAXd2Jx1PVCbu6tm-qOTHbY6kLIjA/media?maxWidthPx=400&maxHeightPx=400&key=AIzaSyCz0w_6ziQlJVYzINlEK2bj_7YAIKLtE0c""]",,,,70,2025-09-30T19:53:03.836Z
ChIJyc3AM1L_0YURwytgXxToa9k,Poppy Wellness Lounge,poppy-wellness-lounge,"Nápoles 60, Juárez, Cuauhtémoc, 06600 Ciudad de México, CDMX, México",,Ciudad de México,Ciudad de México,,México,19.4261349,-99.15943159999999,,https://poppylounge.com/,https://maps.google.com/?cid=15666870902935530435&g_mp=Cidnb29nbGUubWFwcy5wbGFjZXMudjEuUGxhY2VzLlNlYXJjaFRleHQQAhgEIAA,4.6,18,,,,OPERATIONAL,domingo: 7:00 a.m. – 4:00 p.m. | lunes: 7:00 a.m. – 9:00 p.m. | martes: 7:00 a.m. – 9:00 p.m. | miércoles: 7:00 a.m. – 9:00 p.m. | jueves: 7:00 a.m. – 9:00 p.m. | viernes: 7:00 a.m. – 4:00 p.m. | sábado: 7:00 a.m. – 4:00 p.m.,"gym, sports_complex, health, sports_activity_location, point_of_interest, establishment","[""https://places.googleapis.com/v1/places/places/ChIJyc3AM1L_0YURwytgXxToa9k/photos/AciIO2eyZMhrxcfdeU8RdtZYS-tITvZcttFCTZtmqdHxE9xEV8IdfdWLrYjAU0Q2CtlaLgr1hw4vixCLrfFl3sutQh00E_LbGpJLaWXVXO8GqM6fzcHOOtKOjbFwxWLH_c0XoYVLFAvx1pptAkyvrjxMeCcklICg651tQ8AfZVHf9E6JJCgc1yed4N7Ww-LWEuJjYghJ7-lEhBpiv1T8juFYhv5jYcxaszepXQ_tPOqVHpgogQIdZY6B32s3FtebKQM99G7NTBMolE85Wi0n0NjadrsKk5iFpaSvbAQKaLItmIW_TQ/media?maxWidthPx=400&maxHeightPx=400&key=AIzaSyCz0w_6ziQlJVYzINlEK2bj_7YAIKLtE0c"",""https://places.googleapis.com/v1/places/places/ChIJyc3AM1L_0YURwytgXxToa9k/photos/AciIO2fJssv3tRXnP90NudiAo6O6fXPFhdvJa_xfUVgwC97xpF33Wk7aDtUNY3sGlNpo519HUZXIMkZa6D9dk_WWInJChJbfK-PDAX5dZHvXQMl3noVqc7bGkzlfE1wGakSpdHmROcb-DnJrAmN0Kim0mRVk7ll-qRn_XezhHb5SQ7LnGu9D0wCCFROOwhwYSSbrpmeAX06UGl_WDiUVzF3-1D4oJKjZN_R-Dg9r5AJXIeBJ0d6iYe2i-Nui64QAatmOLgElY6Sgqzx703OB5WEjatxpuow0Zn9Xukaz-0TNliswKOzzcnk_hDIQ9qRf5Kx8NLMNzwGiZlt5vRaxydYXOHhaSvWz5aKmPksvIzWWHfEz36mBOrK5z2uklsEgz6ZVQf-KuagQocz4hvHFN0opEmWRq3vsZfMctwjacajyGOxItOqd7sYIwjHO2xwwkuco/media?maxWidthPx=400&maxHeightPx=400&key=AIzaSyCz0w_6ziQlJVYzINlEK2bj_7YAIKLtE0c"",""https://places.googleapis.com/v1/places/places/ChIJyc3AM1L_0YURwytgXxToa9k/photos/AciIO2dVHJy4BX0eURdDIRPXkEbrl77lBq5929DydamCw1mngYEzAnLAivdl0NUDBhUxsvj-QhO4x6vnU8XL2QYK-hiM4d0sg4LeHPFq5ARokCW9jZHIrC6rOcI608j6DO7TcNz-l6xl2t-dCo7ek6qOA010bBWOb5QHBcfzZnZP7FK_J2si8-SlKnL-1Xr6LEQd9QTXSCE4UcSXkjrrs32F90IGCsQcJHyvxKd6mq2buEN7asHefflVHAG17OaLZ-BfWKg4eiPd_VFRkDXduVSRoACpYjmdkM_dOZh1VIj3Jp5JlJzx3OsAJTy6UoTrEDYl8SB1_0b-oZzDxnfyi_r-F-6qb1H23yVykbg254wPLiQNrhhi7gs-MfmlYUhvdQcxvJZUPYNDyPKcFzOWZ0MGQY9ypqtqXLVgwDVdlmkVX8pTPuush7lXPSJvwCZWS5W4/media?maxWidthPx=400&maxHeightPx=400&key=AIzaSyCz0w_6ziQlJVYzINlEK2bj_7YAIKLtE0c"",""https://places.googleapis.com/v1/places/places/ChIJyc3AM1L_0YURwytgXxToa9k/photos/AciIO2etTVqb2njYYFLc6BMRikZnzTppjV_1p1MaiYioX9ULkwgFIsD4Ql4EWMy-gpu4hdx3skdQd5VcCzDIO8zvjf1yqTL-pbQN3RwW9jYCfVwXIm8JsNRaFm5NlJXyxvlassjM-IW5iZO7XDWAZPFgIr1wBQpnqGaYki4_EkPPjIVcg6DRxLpcEo1det_eJHNo7X_CptqnMIv5-oOTdBl6U0Skt9eYNEmT1WgbvFsEO03b0VkdpLQWR4mMo4np4rFdacCx685JT3UYF0ZhcffBbXbaMVdvFzl1YFATEXepPcIw7mwgwIIfa33WOVFoBBymaDtC7-Ip7AysU_6QVQwx70GJHbJSf1K0jrNL5U9a0B09A0Sv7EgsAqO9cVaWUqfHSuaaNUxuDLybhDvGPsyIBghhVJs6II10blvsF7_hWRl4jD_8sqXvZjqaQMnrMXoO/media?maxWidthPx=400&maxHeightPx=400&key=AIzaSyCz0w_6ziQlJVYzINlEK2bj_7YAIKLtE0c"",""https://places.googleapis.com/v1/places/places/ChIJyc3AM1L_0YURwytgXxToa9k/photos/AciIO2ehPhtJMDBuREDfC1jIgQfmGyLZUzRY7uiO3fnPJGTuRtblazkQDl93WVd05zMs4vxAo55yZRboqCCHYi1LzvRWnBM1RyQW1K5AubvM11Jf03RPm47ckHCIfihjUdwPmdO8w5DabtoTDxvTlAr-rEMizm7IaaVpGzUkp3zMkb0_TcSRwirCeqkflI2x1lkZY0whm8FMu9QRmD9vJwDwKEYJmUnmAfP9MdKGIK8JbqmUgIXz6HyrNgxD31QY3uSRtxUpJjnvmERa9KaWKUhsc_ZOSiQ6yrnvQZ7NP7st70iubebIaX6_V5T6h2JpZwRikM5giqGHyuH_o4I-R3wELyxpmpmaRT2LeGNbyzwT3QNx1MHtMHIZBQtJiQP6TdDJQQovzdAQD3QdkvGK2KmyJlMLjlaH3PTcm731MLCTA9N_lwA0/media?maxWidthPx=400&maxHeightPx=400&key=AIzaSyCz0w_6ziQlJVYzINlEK2bj_7YAIKLtE0c""]",,,,75,2025-09-30T19:53:03.836Z
ChIJrcK7_oD_0YURZY9E1r4EiGA,CULT PILATES,cult-pilates,"Alfonso Reyes 122-Primer Piso, Hipódromo Condesa, Cuauhtémoc, 06170 Cuauhtémoc, CDMX, México",,Ciudad de México,Ciudad de México,,México,19.4090859,-99.17703510000001,55 1725 7097,http://cultpilates.com.mx/,https://maps.google.com/?cid=6955814842158845797&g_mp=Cidnb29nbGUubWFwcy5wbGFjZXMudjEuUGxhY2VzLlNlYXJjaFRleHQQAhgEIAA,4.8,48,,,,OPERATIONAL,"domingo: 8:00 a.m. – 12:00 p.m. | lunes: 6:00 a.m. – 12:00 p.m., 5:00–10:00 p.m. | martes: 6:00–11:00 a.m., 5:00–10:00 p.m. | miércoles: 6:00–11:00 a.m., 5:00–10:00 p.m. | jueves: 6:00–11:00 a.m., 5:00–10:00 p.m. | viernes: 6:00 a.m. – 12:00 p.m., 5:00–8:00 p.m. | sábado: 8:00 a.m. – 1:00 p.m.","gym, sports_complex, health, sports_activity_location, point_of_interest, establishment","[""https://places.googleapis.com/v1/places/places/ChIJrcK7_oD_0YURZY9E1r4EiGA/photos/AciIO2f7vTRX7q1Jidq4fqM_J9vYOL5_1emX-PWVQ3gNiStXUGdxCHELCSFMM8wTayobtZjcg-Gf47qnkGqEMapf2KuXWILAklZxzEmdMHW2GMjw6uUPzBjhoZxPg7xwcTadlas-sI7IXGcNSLUDpQmewyIKurFqI5xgoPQbu7jo8phBemf0JShPHKk2wGz5ckM1_Pn8TdKc5IYF5I2lG-jFNdxH26QQwbXiGsKcxx37z0dod7f8B1UwZisfE9OteK17H4c0Y61XYcKWIm61wHKGhwiSDk4WxT_P8pQBHUkvChntbQ/media?maxWidthPx=400&maxHeightPx=400&key=AIzaSyCz0w_6ziQlJVYzINlEK2bj_7YAIKLtE0c"",""https://places.googleapis.com/v1/places/places/ChIJrcK7_oD_0YURZY9E1r4EiGA/photos/AciIO2eqIMYKPJ3t6aTFofLI0YP7fXjCbZkLzymuzawjLVgojg2u5i3Aw2jH0N1vL_mVvG16njgwdyBI5tekh3v2LYy7X8Z-9wY34tFImKsc-Gd_JmjgB1SVIgIV2uSufnCOye9uzlUjs1xMnEvbZPA50s1udkn6lkUVwL2xOHywpMM9zcHKqvT1VNh4VuqzqAKVHhZlgh9lPfdMHRVKxHqr1eGmccvAekRgTs-Xlb1_GHBYNWNyYaslV7ZfS_QDg6zx7deJn02q3sF2SkWahViH44vIJ5WJae7V5Z9JcrdB3K2LOGhQBOJ_g4kJ9U_xZx06XZZ86ZNDISSUZL9WZbbG5Jiw64luKwXD_mVKSyjOaM9d_B8T3UsAdWGiJ5U-uujqLNgucMaptoxjH1asB2G5aVNb3Ebdq2F8riqIeLMrt3OjrDys/media?maxWidthPx=400&maxHeightPx=400&key=AIzaSyCz0w_6ziQlJVYzINlEK2bj_7YAIKLtE0c"",""https://places.googleapis.com/v1/places/places/ChIJrcK7_oD_0YURZY9E1r4EiGA/photos/AciIO2eBHm2xcRBqlUTcCHBF1KNvw-qNYFOx3lRerwZIASRkgoIablqU1_m5y8P3rpzR8hxoQgJlRmvu0WdLFSt9CAa7awC6HFcN8pjnTuATGhQb8XZWgM3VZo0FzpdngT7z8JxtWUDLLnB4gOTo-VOG0ZXTJDFvun9ZgFuWKRietJ82A97EtHDxf7FvHqIDBm7rBH7noGPFs8f7OhZTVFASgIcX_4WDoF8SUogaecRUhwzHH0nob5QVQNKVmVM-5kc9lQl2iz7t01FaKYpoan-g7obMQMBzD2uQO5S6GR7M4H2nsDL-CfPVMURRmllmpUn7W3AquJH-qK8GXLaF-39RZ5De4KIJuv4hIo5vpfoLJ_h_p2k5bI-8arGOvZQ7h1ANwonXARk_Y7S0oXf0eN85an3jllMK6qHACD1hWGEFyzDlGhI/media?maxWidthPx=400&maxHeightPx=400&key=AIzaSyCz0w_6ziQlJVYzINlEK2bj_7YAIKLtE0c"",""https://places.googleapis.com/v1/places/places/ChIJrcK7_oD_0YURZY9E1r4EiGA/photos/AciIO2czFk0GKXiwzHjO6h2-WJfLuUrTtK4AmdrJDWCcGGCLYo9_0br7H8h1ugwllOTpLfNnHtl-FixQbnSlXqU9RRELdC_o_ETIwvkbC6kR1K4__8Pb3q85XFNetf96Jv9V8jHCqQJwoZjMCa-tdlsBDSpT1u_OS4JXiC_Xgq8x5HhJctAzt47eiTVjh0uIpwrSN5FlOpwFLA5h6sqYVC9nlJiMJX0URTWvlDFQd8iLUVxVHwMsCIRO4ChALptVRP7Us1ZRgDwh4beCIIbDrJs0KLf81HhAF1jBs647KteNGO2eFrvLQQxxla1hkhS3Tmmhj8YjOCkamaB0Y_tGe23lZVGLFOnWOCqTcy9OH0AC3xG4p2CaNlQZDZYhYeYYWM578N5GB4CQ9C2FPbstNJQAvVe6VFW0CDA3nxHIDnod1R7cdSnC/media?maxWidthPx=400&maxHeightPx=400&key=AIzaSyCz0w_6ziQlJVYzINlEK2bj_7YAIKLtE0c"",""https://places.googleapis.com/v1/places/places/ChIJrcK7_oD_0YURZY9E1r4EiGA/photos/AciIO2ejADf5egorbRCS-Cq46siqly3qL5LF8HpSVBY9S8Xn5uOs7pcOE6gP1320-bBfyFMULEELOi3BtcZfkIKWYwaOrVuax2CLKJmEMtiDIVugtt1Xm8Y6pV5XV6CUxHh9kPKrSHxwqOVQrHyNyJtKeYKViwO-MkpDr8doMvGPAlVjF3DmM9g5NJ_B3p4roklhUbyfkLTBgrN6gtDHPmjrC91m3tWA0jT4u74KIsU5o4QvIBb_5bcijM7Ml70dHkvHbMDj1-SxsHPUAYJgyyT4xvAs21Q4s9cPNZbJr8RhflRtCeKm0OZMFCATkqjiL5y9wvkoOOxFYo-gGfKWtZRFjeUpcJt0MOBuGl2g_x-A3m0VOcoA1VlZ2xEG0EeQ9a_ModShyVNHZM7FOfG6c0xpzy3ZwxJnB7hJ-ztPJlBDRqw3Y4ic/media?maxWidthPx=400&maxHeightPx=400&key=AIzaSyCz0w_6ziQlJVYzINlEK2bj_7YAIKLtE0c""]",,,,85,2025-09-30T19:53:03.836Z
ChIJR4c_qm7_0YURtqdT32bhMf8,Moon Pilates (Condesa),moon-pilates-condesa,"Av México 47, Hipódromo Condesa, Cuauhtémoc, 06100 Ciudad de México, CDMX, México",,Ciudad de México,Ciudad de México,,México,19.4130377,-99.1701253,55 1338 8788,https://www.moonpilates.mx/,https://maps.google.com/?cid=18388726585480161206&g_mp=Cidnb29nbGUubWFwcy5wbGFjZXMudjEuUGxhY2VzLlNlYXJjaFRleHQQAhgEIAA,4.6,44,,,,OPERATIONAL,"domingo: Cerrado | lunes: 6:00 a.m. – 1:30 p.m., 4:30–9:00 p.m. | martes: 6:00 a.m. – 1:30 p.m., 4:30–9:00 p.m. | miércoles: 6:00 a.m. – 1:30 p.m., 4:30–9:00 p.m. | jueves: 6:00 a.m. – 1:30 p.m., 4:30–9:00 p.m. | viernes: 6:00 a.m. – 1:30 p.m., 4:30–8:00 p.m. | sábado: 8:00 a.m. – 12:30 p.m.","gym, sports_complex, health, sports_activity_location, point_of_interest, establishment","[""https://places.googleapis.com/v1/places/places/ChIJR4c_qm7_0YURtqdT32bhMf8/photos/AciIO2eTw2q0y7nwbWB66YupVbAiYVaOUWb2o8BbGNUyyEKq9mfI_HY9EU3rkLMKK-681IiRtua0VHPUQgBhPuUtDlxMK2_5dKF28Nl82r_rN8XnThWHOC3AcnPRxPJhXnyHHHYSIpV0SXwOygyw5y4EmF3iC0INIM9j-KWj_BAKfCDcizV9ILTk409Imfwqnz1c8djCeRZSRajRe18SDlKx0h3l0t6YCM--sprJPspbh6GCWzEilZ7bgXHxjSOROcQfheLcHi1E_KLu0CZH6FB4QdDrhFpkLXoQbgDpcUv2ObgrMA/media?maxWidthPx=400&maxHeightPx=400&key=AIzaSyCz0w_6ziQlJVYzINlEK2bj_7YAIKLtE0c"",""https://places.googleapis.com/v1/places/places/ChIJR4c_qm7_0YURtqdT32bhMf8/photos/AciIO2cCtcKoxnx7XMKB8_KFQLh9v0PtK_uvSfe2BDUKel3KEWaByfDTtld_6l6wNXlm19E2_A_3lLepSo2UNER0lhgEz51hySI1ZVmu84v3jq2E34qyJYkZo4CLUzy0D6MYwcQq9shJVGUWVfKy-lom5xaiYSMV5upuQy8b_Gwj6qTI7K69zPeX3RUHh6_kQHR5bMifCsGKxhqloryUzGRYWWT0S3tM67UwqWvrY-6xYBkUd4ug5Fiz_KGV87xXhVkJiCFLeS2i-LS0kFhsiL3Mz8eu7bvkriHsSvCQsj-UYn9JtX4QAjV7rz5JdbBn7PV5qaiKQqRFk54bdrijZSRv2DaukcJmViEBmES0blb8veP06g7N1VBm5Yd9Xqtr1n291A1tJfpzPFNbks7-l5dfB4qAY8TbHUsDvXC7GLWHXTu8D0g4/media?maxWidthPx=400&maxHeightPx=400&key=AIzaSyCz0w_6ziQlJVYzINlEK2bj_7YAIKLtE0c"",""https://places.googleapis.com/v1/places/places/ChIJR4c_qm7_0YURtqdT32bhMf8/photos/AciIO2eypZEod79o2NmDFoNxmyCY_4pHbEr9kR8GEz4ibLLiN7odM37lCH80APnNsH0mDLsckm7i_pmDicDqWrnZ2lbD8e2wmkWzQXfqTL1aHlxfNCiHEbrlJkeMNKH_bmkYacqoU5KjOgAU5SgjcdsmN_8XPBuaC4bNfel28EXMoZSAot1VEbcjSEH7FQoGa4e4-a6V9rGoEttEOLaaC2nLyqmrPTLvifwekJv6qfbh5Z16aya82mSbpsJtVBGb_jryRgivVTtaB4gShlf3sGuMn64JYuxS-jIfbs17OAyLabA7w9zXOxmFLbDH_f7OwPflT2I5hzBwAT4NCAvyIVMNEtfJAYG3AOCCAk9LcfR3q0k2zViQ9SU_XtC5_DKkMZEdv76xcn608DDao4I49btfPM1It2ThDfwk21-8jBAPpVQZX5-g/media?maxWidthPx=400&maxHeightPx=400&key=AIzaSyCz0w_6ziQlJVYzINlEK2bj_7YAIKLtE0c"",""https://places.googleapis.com/v1/places/places/ChIJR4c_qm7_0YURtqdT32bhMf8/photos/AciIO2fXL-ij2nAfOBolk8UzrsN2uly0q8U1LFyI7gpYcHmRuoLKZn_fb7QjlK2pDlLJbhIDAkb7ZlcO6fypovS4ke8k5-KV9RbrBVQ5m5Opl5Yp9JVj_qjVy7BehgkUN9aaAXWVw0Pipc_rRboTx3axJc0Djbrf3xfti5Wi8T8vyqyN9DpFgT7MYPjL7DWlY4JQ6M2CvmUYF40PpMiOFy4VzmPTyQWyk2GKFKedlQInDgNstTQ9lTVE1wgcZScJtOELgZ3D3lNGsT1M780uuGVJC62Mg13TKqLiVYCOQgtEp1EzwA/media?maxWidthPx=400&maxHeightPx=400&key=AIzaSyCz0w_6ziQlJVYzINlEK2bj_7YAIKLtE0c"",""https://places.googleapis.com/v1/places/places/ChIJR4c_qm7_0YURtqdT32bhMf8/photos/AciIO2e9WByZRGHFQwvCce4dFc7lVnDA9ex-HizqnQMypun_S7gwZsoZj1_Qrp536GwJFOfdax-l1l4hSyb6RMeJm-dVGXrnPXxJSShIdWhVFxRxzwWg3pCrkz34Q3ja_YxrL_fs73V990plStI8fEUtSRwB_Gr6pM3Q9-q2MCNIl-QI2CLPXf0IzLbfktxf842PPt5BmfvFdI0IM5gwoSNtHRix-0YXs_YV24KEL00V3jYAuqIDp265A9qEZnHg5rlOwPPu03iCZ3_wCAKQdPl6tKWJdVg8OJq7HkRYkJkmToxQ9Q/media?maxWidthPx=400&maxHeightPx=400&key=AIzaSyCz0w_6ziQlJVYzINlEK2bj_7YAIKLtE0c""]",,,,85,2025-09-30T19:53:03.836Z
ChIJQ5Ui62T_0YUR4TokOVZZTxg,Mipilates,mipilates,"Av Sonora 176, Hipódromo Condesa, Cuauhtémoc, 06170 Ciudad de México, CDMX, México",,Ciudad de México,Ciudad de México,,México,19.413695699999998,-99.16815199999999,55 1930 3875,,https://maps.google.com/?cid=1751717006931147489&g_mp=Cidnb29nbGUubWFwcy5wbGFjZXMudjEuUGxhY2VzLlNlYXJjaFRleHQQAhgEIAA,4.3,19,,,,OPERATIONAL,"domingo: Cerrado | lunes: 6:00–11:00 a.m., 6:00–9:00 p.m. | martes: 7:00–11:00 a.m., 6:00–9:00 p.m. | miércoles: 6:00–11:00 a.m., 6:00–9:00 p.m. | jueves: 7:00–11:00 a.m., 6:00–9:00 p.m. | viernes: 6:00–11:00 a.m., 6:00–9:00 p.m. | sábado: 8:00–11:00 a.m.","gym, sports_complex, health, sports_activity_location, point_of_interest, establishment","[""https://places.googleapis.com/v1/places/places/ChIJQ5Ui62T_0YUR4TokOVZZTxg/photos/AciIO2eVGPwjSiBlfhqfnFu6J9nUz3xhQWXNTvJIxzZ5_jqp-mivSWVTqfmVGBvvBXZMCdzGp7kmdPzKXE8e8q-FZw2feqaH1jA_Vd01fhrGAfOHk99f3WMMrMTIQWrARcbJfzfGB668SuzjCXGdkaC081AGa7l4695zUnr4mQ1guOZbtlEcrS6zO0H9VWsrAjkeJqoIGF6xi0qD_XCvyolAAR5sQ8TMd8GBB8F98_Mxr-EUix5LRG7j2IhYEa5qIrZXZPw0xNw2FOqLsFlc0iYlmRePa2Kv-4WM6DxGzx0qlmSvZA/media?maxWidthPx=400&maxHeightPx=400&key=AIzaSyCz0w_6ziQlJVYzINlEK2bj_7YAIKLtE0c"",""https://places.googleapis.com/v1/places/places/ChIJQ5Ui62T_0YUR4TokOVZZTxg/photos/AciIO2eyqRzFH0s8R3voQ24YpPlIeEJAOKEqdM1_lRx76w5GwwueeKOUZgI-xq4JEzKFPzXwKSlfPBaTObIGpjxbLclbYvL5gkQeFpW2CxAE7uAbJyjazGU9A4WKrcqew1UdcayfYcRGSddkjazzrSPhmFF2nYmsyCbyp9SObshkru95LXyP2omFHZfWXHZb7OzOVpI3C30A4fvY1nIWeLgUKZ6H5yk5NohQFjJdIZTI-iCIc9rI7ezo9WvYJjxlyfyZnDBwGA0nIrfwFIU0mkywfBsjnf1_q4e-ZrQYdgIYUI_HoIu2d1xBD8H1RUc2UIGf7J_NRJdp-VX8X1BhifNe6WZzGsUuxQoeODg4K9iLcIdmZRRwPHfYQ7--KTg-lL6OjOiIpGTDWyinCjuIUccVworPFNxwrbD6SP4iQL1T9kf3QQ/media?maxWidthPx=400&maxHeightPx=400&key=AIzaSyCz0w_6ziQlJVYzINlEK2bj_7YAIKLtE0c"",""https://places.googleapis.com/v1/places/places/ChIJQ5Ui62T_0YUR4TokOVZZTxg/photos/AciIO2dHjBzxJmY8i_WlRfeIT61xTL_CtyLINmskrHeO7HuBMKUq7GkzPiOdtLwgv-clv44QWfYPhN3Qv2Sa_Q-LIrusowOIiQ5DeTnrMWIEojbwzYgF1x0ScUfTaBZe7rsITlpHlkzbgdXHVHzoGWVWbolIvu3c0m3TNGOC_loswyyLqnvgoEN7Ao3gqvUioCr5DdBYEzojovGHGXAwemUmqDr1xnXkAdUhBw7F8qeZgEsNmigMqAu51DjdzjG_RLPF36tEppjefseoDtZSSPmR3bF8vqSuQ8--oUoXZlW-TyynXHPb69sAvUIfO9gTZUzwl7SvGuj-HTbjii1zGgkJsqCW3vAhwiSTWbDY3fYn46313sCeLy9uAcOjrY4Hy4rnFLe0k_ulZMvwP-bZKoGnsdrHn_KixJoZMPBs3atpU-2QbiY/media?maxWidthPx=400&maxHeightPx=400&key=AIzaSyCz0w_6ziQlJVYzINlEK2bj_7YAIKLtE0c"",""https://places.googleapis.com/v1/places/places/ChIJQ5Ui62T_0YUR4TokOVZZTxg/photos/AciIO2c43IBYH4x_Opc_ZJSbdiqbGrUgvYCRAtMdJloablhhWyUdVtTfI4hj7dnvfN-nWlV-teIryCR6Hs6r9UHbo61bP0vOrDUd0DuDveFn4BMMqCm2AeoP2bmufonVx44HsHa03XoKGYComUa9frkHNzp0cuF_4RqDyBVSBh6p7J59x2-Ju4B6woIQL8lXMwnTDq37Kti0SHhzMpncpoERMEqqV9W26NjgVL2QIUqkVVcH7YMM5r_hvUq1Wrace_5TgpeVt94kakT7cZWyYhz6M0aPncEDmZw6xvze5lMMx3O2eIaJgbp-kcbS8DKdHvlRQn6nh6IyoHoB7hLKb-tD2nlN0DEwBUd5wAhv-NYrSz6z-NlQEkZ0gYmZqCCeZ8xxJSau8r-um4-ExTZGuv8DErAOxuom3aSzJBiQfh1Kl98/media?maxWidthPx=400&maxHeightPx=400&key=AIzaSyCz0w_6ziQlJVYzINlEK2bj_7YAIKLtE0c"",""https://places.googleapis.com/v1/places/places/ChIJQ5Ui62T_0YUR4TokOVZZTxg/photos/AciIO2dfV_w4d3hURTEDr0n2vRIqBO5ase612N5OM_bstH2pMsd9Yl89TYtbhG20mCg1VRV-oBgeZBTyC0wYqUyFm2_6fgJicOTvwkmLOD0hqHTjZ6ZHvfFOc8MqYaEUywTAkDUA-z71FFQgjVrodEEzZL4CBOPypfs-ADFwdaYQ_aKHIbAqSv5NKCR9IWPr7hdx5GYoTQjOjhmTAOokrUmllqZ15-YblMI61uuAfNMD1JB3jsTXKOwZ_BSdizPIHoqJ_gk7L3JmvObikTCzo8SujYMeUjadalTcoCnT7RYO67r6mJ4GFYGiU_xYBKs2oSMe0Is9bBxaGs4XMn4W297ObtbYCI0Z-vYrtsWOk2Nba4IPe0rYQBlyQPUf62J8Ue1BdzxMz2kl1wuu_SKHPwz_N5IUwTFL5td135jZwdm9pATcgQ/media?maxWidthPx=400&maxHeightPx=400&key=AIzaSyCz0w_6ziQlJVYzINlEK2bj_7YAIKLtE0c""]",,,,75,2025-09-30T19:53:03.836Z
ChIJUyurKY4D0oURUjBgk9i3Ot8,Moon Pilates (Polanco),moon-pilates-polanco,"Aristóteles 165, Polanco, Polanco IV Secc, Miguel Hidalgo, 11550 Ciudad de México, CDMX, México",,Ciudad de México,Ciudad de México,,México,19.4332224,-99.1930859,55 1338 8788,https://www.moonpilates.mx/,https://maps.google.com/?cid=16085371159920521298&g_mp=Cidnb29nbGUubWFwcy5wbGFjZXMudjEuUGxhY2VzLlNlYXJjaFRleHQQAhgEIAA,4.4,39,,,,OPERATIONAL,domingo: Cerrado | lunes: 6:00 a.m. – 9:30 p.m. | martes: 6:00 a.m. – 9:30 p.m. | miércoles: 6:00 a.m. – 9:30 p.m. | jueves: 6:00 a.m. – 9:30 p.m. | viernes: 6:00 a.m. – 8:30 p.m. | sábado: 8:00 a.m. – 1:30 p.m.,"gym, sports_complex, health, sports_activity_location, point_of_interest, establishment","[""https://places.googleapis.com/v1/places/places/ChIJUyurKY4D0oURUjBgk9i3Ot8/photos/AciIO2dkt2zhJU-yVa_43GF6Yox42LKt_BRP30D4grsoujsyW8EkeqbkZ1HwwsAFNsiHiFIp6xUGZIQBE6YwLc9w-IavkjEvbXBkkoXfkGPEH4-lOw4PNhvDAdWGQMat1zJm0wFyEoA24nU255QUdw2GpmodTuLxdseEje2wMs67t-U5yfrkkBVOnFILl4CHNHk_r_YekEQ9XLARJLadQoT2NfxFGo-s-_KvbJZzCkyfhmCeENUPsHict-8LN2eDtei3k2DNoA0fs8WLLbuLvYVUU7AHtGm3pNsDS75H5RoLpJxAxg/media?maxWidthPx=400&maxHeightPx=400&key=AIzaSyCz0w_6ziQlJVYzINlEK2bj_7YAIKLtE0c"",""https://places.googleapis.com/v1/places/places/ChIJUyurKY4D0oURUjBgk9i3Ot8/photos/AciIO2f8fgtYqyoYqpYqVx6SvJlziczGgf952bUvIG6LKq8eMhjjYXdMoYszvz9xG-UJ-38s-x5j-a7snlsKIAugooC_QCxWe7LkcqGPwAqa1dm6hwC8_aJ9BRQxqyMmH8ov6BmzHtxu2ywNTGHsSflEX1jq9ABOuNclRK52WhN6go5RAwfY4lhKdG6eTr8swz_kWBX_YiqRdRkFaWGWmjs0NV5j14D7BSF6w-vZ8z1Jck9HglikT2nhKEe1IiKACev8vap_E630wkxZUkYj9IXe71xSZ12Zdv3Tx_dZ_FoFwSD-gtMH_R9N20NPOd-MQwENpZ5EeC1qFNBGn0roKjiMB85M-8yXF70s0x5SX8txVwdqY9-82iyekJvMPLFOwDPB5Rw-R79TLKalImu8AYARLVE2V04y3QHHwbfRpDGDuNNFePHk--4Vra6raiICSg/media?maxWidthPx=400&maxHeightPx=400&key=AIzaSyCz0w_6ziQlJVYzINlEK2bj_7YAIKLtE0c"",""https://places.googleapis.com/v1/places/places/ChIJUyurKY4D0oURUjBgk9i3Ot8/photos/AciIO2duHOt-tH2Ppm4fim9J7j2GYG3INsodG_gKFkzaOi1pX3yGizJKqOJpeiGf4BGYh4GE-7b9DZo51p0ETagW-nw5np_tOfauUk2yeDfN57PACOijVV6ifTV08tusBnkVNB8nP7DW3ika08cQbgFWPTJ-q2lkCcqOvboBGq_xj766TYhinyoFLe6lqlh1eQ4hzukfGJBg3v0jHds5gAxy79mOpU1JX2iaRb0seX8k22yHtPeTN8fxAMjBCqhFOgZTeeJSayXXcDY2Xwc4VyF2GeD5Rl2dxbhGoaIyGDP0uCuKJw/media?maxWidthPx=400&maxHeightPx=400&key=AIzaSyCz0w_6ziQlJVYzINlEK2bj_7YAIKLtE0c"",""https://places.googleapis.com/v1/places/places/ChIJUyurKY4D0oURUjBgk9i3Ot8/photos/AciIO2ejbsIM6vkvWTlI7fOqZnUfQwzxMWTgwlT8BOyHd5npE5JhDTHFzspDpuHikuTsPYRwnXjMm4d-fb9h6vfc9xRoR3RNuRoIKK7Begq7zH1iHYoa3ijR4VdqfXNQx8ii60ML_GGoRwgm-mGj7EUxvzxcbCmwWiDcy5QuPk0DJoW1d75Oimejt4wN58dfd77RQYuqVeV8ueQWEJHSg37FVG_SwCsrtoDm_p73l8Jv7Du4EwgJh9DnTXxJf3OrBsy4tn_WyYLvy3DmyJ4ahgtRhF2ffuDgK9BouJ292zq-mij4FQ/media?maxWidthPx=400&maxHeightPx=400&key=AIzaSyCz0w_6ziQlJVYzINlEK2bj_7YAIKLtE0c"",""https://places.googleapis.com/v1/places/places/ChIJUyurKY4D0oURUjBgk9i3Ot8/photos/AciIO2evY2UfM_irFAw6Il7G6vD2r3JgvM_56Yy8uwgPk5Nr0JSy4kwjK7PfCrLd1Y0F81IuppSRM3Ot3Li7IaeiU5UKHZkOWszvZEj379ulDPmTOz8gJu_lYjaLt80Dv93z5IA7fm6YzosJ2q4Q6h-xIeOABUwLkFAIhqtDtKWjpvyT0X7g4pEdreFkxPFFYwsRgOy4W9fqF9LgR2zMH1cg_K1vFo6-fEZDP_MGtMna1V0fBLbsyAtvJxwAUx2_OPGEPR5-cr4i3H8-suqXqHnXG1WP5n3K2p2v-xvz54y0ic5Qlw/media?maxWidthPx=400&maxHeightPx=400&key=AIzaSyCz0w_6ziQlJVYzINlEK2bj_7YAIKLtE0c""]",,,,85,2025-09-30T19:53:03.836Z
ChIJ87qq6o7_0YURPjzqCpIJUaQ,Wellchic Pilates,wellchic-pilates,"1 de Torre Residencial Mitikah, MAyorazgo 130-local PA-04, Xoco, Benito Juárez, 03330 Ciudad de México, CDMX, México",,Ciudad de México,Ciudad de México,,México,19.3589442,-99.1684423,55 1140 8229,https://wellchicpilates.wixsite.com/my-site-1,https://maps.google.com/?cid=11840255418186742846&g_mp=Cidnb29nbGUubWFwcy5wbGFjZXMudjEuUGxhY2VzLlNlYXJjaFRleHQQAhgEIAA,4.8,173,,,,OPERATIONAL,domingo: Cerrado | lunes: 6:00 a.m. – 9:00 p.m. | martes: 6:00 a.m. – 9:00 p.m. | miércoles: 6:00 a.m. – 9:00 p.m. | jueves: 6:00 a.m. – 9:00 p.m. | viernes: 6:00 a.m. – 9:00 p.m. | sábado: 8:00 a.m. – 2:00 p.m.,"gym, sports_complex, spa, health, store, sports_activity_location, point_of_interest, establishment","[""https://places.googleapis.com/v1/places/places/ChIJ87qq6o7_0YURPjzqCpIJUaQ/photos/AciIO2ez1MUQXQ3VzTNN5cErJUQf_tjLITLOgDFQ0-Gq6HM5ZyLmaFKwS7QlENCaJc0Gi7UXA-pghJ__LtpJ5Eqo5cnCW5c8DANCMtNTWa14KpxgvWe_8aA63lDdr9O7pSdBhsTvOlAjvpYqHLGMKOAKF5vI4NCsmfCw_JLF65eGoGYd8ePzuZVxexj4wJMTLkfA22iniQ6KCJSFYKEZsmU1xxfsXND3rKBo_TN3mij4YqOlbNNJiEMYpRrZNDorGqeV4JUP5rmxH0jICzZZbabYyk9Ycij1uYaWmC_IOvpRzyoRzA/media?maxWidthPx=400&maxHeightPx=400&key=AIzaSyCz0w_6ziQlJVYzINlEK2bj_7YAIKLtE0c"",""https://places.googleapis.com/v1/places/places/ChIJ87qq6o7_0YURPjzqCpIJUaQ/photos/AciIO2fj45qCA4on-HK8uaIFxe_iTBV_Q38ZZ8qJgwhUexj_YlJ9sY6PO6B8DkgjYEaEQfag0l4mdzqhyEFClJfcKRKqcWQF6-4dANVhMmH52KSfyo7c34o3lNtk7JPI9jje8e8pPqFrU9kle9v6r4SEkgCeWJZE3L8sw987meJ7Q7DsNzUqIKdlDttjIMcV2OJ8UZt65IyZbb2KFytnDJRFDVLEzPFwk5sXsumCyXfsuHgf62W5JW2hbvfj-DLkvBoUEJIgF9Z47Ibu22uMkfL9WmbARzzj8k1g0k0uWeCNqWTKLQ/media?maxWidthPx=400&maxHeightPx=400&key=AIzaSyCz0w_6ziQlJVYzINlEK2bj_7YAIKLtE0c"",""https://places.googleapis.com/v1/places/places/ChIJ87qq6o7_0YURPjzqCpIJUaQ/photos/AciIO2dYZAo0IpYfXEdNlWHAC1kgIkFDzzyt3WF3dRW3O-nhKPvGRFoP0-5pDldvWlem0MCskR7EVko_9qbuHQ6Q5G4hZnQMkM3-g0tP4jUkuHGjST_pCqoRCJQaeRoTvSTDtGe8wL4BYGvJrRYAJ_kacHP5ww28Im6a0UhwZ0lqeVgZqTOlMns6bpXN2rBc5pqs67P6zySUQKKGiBd1-nbkDIgs6FqIT1u-_eIBzgyIWJvPRmTJwndws4CkkmzRdarWdS0JsDWkIYgLz2rSnaFMnWpm5bfdKGW4UkWGZP8bp7cFxQ/media?maxWidthPx=400&maxHeightPx=400&key=AIzaSyCz0w_6ziQlJVYzINlEK2bj_7YAIKLtE0c"",""https://places.googleapis.com/v1/places/places/ChIJ87qq6o7_0YURPjzqCpIJUaQ/photos/AciIO2dFvDcGQEHtGTNl2ZDQ0IF35FM_KWQAS9BbzFnj3JfgeeKYtTbud7SO6Jvew3_uwS_xiJklfta57EBB08rH90YdTGHICxUBHG8hq2CzL22WwEAku0-MQYhGGC3tj9e8B6BVZowd_0qMlci-TsDkW7ZEkXQ48aHj2wHhiFJBnps-1Eb5a5KQtJLtLAn_SLrQOMgueJnsQ7-RCttGGMLZUADUircZ5kg_BwE-Uz0cdgGDdPv-THzlI6ZGoLHKJ6xaJw5sHJMWNNkXfsxEj-_-MjTVK7UyMBn5KZqGoNsUqPvZHg/media?maxWidthPx=400&maxHeightPx=400&key=AIzaSyCz0w_6ziQlJVYzINlEK2bj_7YAIKLtE0c"",""https://places.googleapis.com/v1/places/places/ChIJ87qq6o7_0YURPjzqCpIJUaQ/photos/AciIO2frJLkgeLX-1E_bBFYtGe4XwndyASLuEr56U2RHhYq1NCiTI1fXqE79HLA2uS15bZDWlra_2ElqSBafx4e_9qpvu8r-6NMoMz23Xh-RSJy71EbSNFmaP_FgXYEzNITl-_-z4HmoxndYMcvLuEqd71oE2eZYcKb8F_VVYB3yK1Y1YNsUrThnWJXdbSjnBtTs5iki8DPwxhEjKSxO61mDMiy-WqAh8TtNAX4QfAKs1z121a29BfesSgtTrJWKaM9ZMw5aqfm9Tr9QTluhMwYhlE726O3VTkZ4DTfS5_f4MwvokrMN7ZXvZU16JBB4GBscG6-3yMrc8druEmvOJpiAnRXaM7MaHRDJTzKATcvS2QUx9QnuxW8CczdXOnQk7J2GM7dTQ8srgxQxd_WpLomwy-cPZ68LhQMW_vR9lDhS3pUjijXO/media?maxWidthPx=400&maxHeightPx=400&key=AIzaSyCz0w_6ziQlJVYzINlEK2bj_7YAIKLtE0c""]",,,,85,2025-09-30T19:53:03.836Z
ChIJUW3tP0n_0YURo6k5R-vtOrc,Universo Pilates Condesa,universo-pilates-condesa,"Av Nuevo León 213-local B, Colonia Condesa, Cuauhtémoc, 06140 Ciudad de México, CDMX, México",,Ciudad de México,Ciudad de México,,México,19.4047126,-99.1717449,55 5273 6200,http://universo-pilates.com/,https://maps.google.com/?cid=13203126852358089123&g_mp=Cidnb29nbGUubWFwcy5wbGFjZXMudjEuUGxhY2VzLlNlYXJjaFRleHQQAhgEIAA,4.3,106,,,,OPERATIONAL,"domingo: Cerrado | lunes: 7:00–11:00 a.m., 4:00–9:00 p.m. | martes: 7:00–11:00 a.m., 4:00–9:00 p.m. | miércoles: 4:00 a.m. – 9:00 p.m. | jueves: 7:00 a.m. – 12:00 p.m., 4:00–9:00 p.m. | viernes: 7:00 a.m. – 12:00 p.m., 4:00–8:00 p.m. | sábado: 8:00 a.m. – 12:00 p.m.","gym, sports_complex, health, sports_activity_location, point_of_interest, establishment","[""https://places.googleapis.com/v1/places/places/ChIJUW3tP0n_0YURo6k5R-vtOrc/photos/AciIO2dyA1vIT5uIq74RoTIkqKI0CT0zYCnZO2iAmLi2lW784rjTkxVbA_Zu2unF2XazrqzOE-aryeTBD73OgHzXuknAMi9nsLr6JN2kKj-pBhD0WP2wcsNg7tJev2Th5KvsV7_VdK-OBEZ-8cLjFQkCuZPfNQv7t_W-HG8cT2TNMGSQlsu1w5sZMD7eIy3HflSLEpAfgvJCK01gwzE47HZa0IbK6cbmh9yyoi2U_X8Pp2h4eVT0yw6-kkYXQdUsOvmvP5kjE68INSqUgPzuFfwRyK47RXkI23dalbjpyhEi7wshsA/media?maxWidthPx=400&maxHeightPx=400&key=AIzaSyCz0w_6ziQlJVYzINlEK2bj_7YAIKLtE0c"",""https://places.googleapis.com/v1/places/places/ChIJUW3tP0n_0YURo6k5R-vtOrc/photos/AciIO2elFJ_XDP2WNui4_jAdNVuROE-YMaJIoRLuToeLfGR49xGZpD6O7dl-3I5emXeOBqZD3BPJ-nsOCJPQnj7dEr4iUpYjqw3gE8IcrAuCzUwoM1yC6e1MCeBSRoEPlmSj2nsfJC-FR7dbAs-52LTHdUSVzmGlDxgiGSSQursqDLmfUNp5ymw1aRsWjr5g3u18eEFoBFwdJnF-j-zMtgA6i3ZN8X5njCyq78zwqoFweWaH2OxbfP4GM04jXqzG3iih_HLAZqkRTEij7YSJmCT81WhnKtQIcphcMetEDwyFGbO4_g/media?maxWidthPx=400&maxHeightPx=400&key=AIzaSyCz0w_6ziQlJVYzINlEK2bj_7YAIKLtE0c"",""https://places.googleapis.com/v1/places/places/ChIJUW3tP0n_0YURo6k5R-vtOrc/photos/AciIO2cFBVHZCzYPYf9u_lZwycGivjTE9bc2JPXO2EZBwy672QYeY2cbAXbzyKFeFdvN9XnD4I7pDVIWNH0iwnz58OhPBo5BYkU5VZg6GbJn_Gz5vQRtYa5nC_MkLCIs8tjOS3Q04otdGZXCzElBFEtoJeIIQ5N_1cKtRVpFSc0KH_7bbQb8i7mbZTNJfjzKN7aWU6ejy3DI3sAtxNIos77Sij77dPPrrMMHnRT2XBes5QnmIX3THLPIxo7PcKWp-jE_xm2UNaFwQ_8Qmgp5CMSfC3W93xasR8GwvHuaqA9QS5002g/media?maxWidthPx=400&maxHeightPx=400&key=AIzaSyCz0w_6ziQlJVYzINlEK2bj_7YAIKLtE0c"",""https://places.googleapis.com/v1/places/places/ChIJUW3tP0n_0YURo6k5R-vtOrc/photos/AciIO2dVapF4aLrVjpg44hMKRmx4do2-6FRo9nOgo-CX2ivJnbDuKMvPzG3Y92ZP4tGpnydNYdYcfaTjgZWU3qEwP2vNP5NF1HGuE_hTsMwlYSVeOiIcXVzTAeRpmlNt6arH9oZUsfJVzcLu6Np4b7r72w-f0R_iVI1AITHZPAglW-DtzTv2WzE_Zw1L03yqw5lAgeAIwNSJ3MCTbF2NxZcviOdavbYU00qubs-_GcIurvy4XcaUC0e4JMrDJYnT0AyuFfjhsg1DG_Cm5PGOW3XlLf25R3uuBTcoQrCFQXuszkqL1Q/media?maxWidthPx=400&maxHeightPx=400&key=AIzaSyCz0w_6ziQlJVYzINlEK2bj_7YAIKLtE0c"",""https://places.googleapis.com/v1/places/places/ChIJUW3tP0n_0YURo6k5R-vtOrc/photos/AciIO2eaIa1ZPwZWryj3j9qqGFF6ehnS1HfDFIX_N2D4OC8SEz_HaHjMyyL9UYdm4xxJQTzYOVFgSEU22wopLuKK4LZRbxsfPJcSXyz0zXYwbVinpybz5KTEUesAYYSrpYC05uK02OkQ7nC74d1Jplua-7Ec-OB-DjfdgbNp8QD2pB8EAEYypMBPRMAvvaVmniuXD_41mqnC3oDGtdZbkEOGcNptOqoFKP6EsACKukt5cIg5QJTOOhlKn_ZKyqjeihVDPaGMfN7BUXKDXwB6BQGMSIs_B3YuPSxFDpO_4terzIS9cA/media?maxWidthPx=400&maxHeightPx=400&key=AIzaSyCz0w_6ziQlJVYzINlEK2bj_7YAIKLtE0c""]",,,,85,2025-09-30T19:53:03.836Z
ChIJTT9JPrL50YURh1fp17OyRqc,The Fit Pilates Horacio - Polanco,the-fit-pilates-horacio-polanco,"Av. Horacio 400, Polanco, Polanco V Secc, Miguel Hidalgo, 11560 Ciudad de México, CDMX, México",,Ciudad de México,Ciudad de México,,México,19.4331815,-99.1884942,55 5531 0956,https://fitpilates.mx/,https://maps.google.com/?cid=12053517938194995079&g_mp=Cidnb29nbGUubWFwcy5wbGFjZXMudjEuUGxhY2VzLlNlYXJjaFRleHQQAhgEIAA,4.4,48,,,,OPERATIONAL,"domingo: 9:00–11:00 a.m. | lunes: 7:00 a.m. – 1:00 p.m., 6:00–9:00 p.m. | martes: 7:00 a.m. – 1:00 p.m., 6:00–9:00 p.m. | miércoles: 7:00 a.m. – 1:00 p.m., 6:00–9:00 p.m. | jueves: 7:00 a.m. – 1:00 p.m., 6:00–9:00 p.m. | viernes: 7:00 a.m. – 1:00 p.m., 6:00–8:00 p.m. | sábado: 9:00–11:00 a.m.","gym, sports_complex, health, sports_activity_location, point_of_interest, establishment","[""https://places.googleapis.com/v1/places/places/ChIJTT9JPrL50YURh1fp17OyRqc/photos/AciIO2frsyjls4MMFvtOScefOdK92yuYAAt-zPXY1hxlu7LTUj-4nYAA6z5-1AwgeR4p918j5Qiqe36Sh13YaeM1pjmv5YVDn-9O-mX5AiRyvJ-lerYLG1nfPPLr14kxl5qlGCOla_g5JF9Juq9hTWrfCdJufHs5Kw7NWJxuFXHYXHEcleO41gfZcbNDzQcJoKEFSYiJe5HLkNn0ik-LqV6pu2XJQINo8tQvjVQHUJUeKWD5ZAzn1CZikb6ZvqCWJtnmggidhxI4d70T63Ug22thW0HWqYh6DweZ3Tn8zQeEaR_GOA/media?maxWidthPx=400&maxHeightPx=400&key=AIzaSyCz0w_6ziQlJVYzINlEK2bj_7YAIKLtE0c"",""https://places.googleapis.com/v1/places/places/ChIJTT9JPrL50YURh1fp17OyRqc/photos/AciIO2etfl_FhOlz-dR48UUx_h7XyV44JcjDmpWCGRviA0CfTxybWkXEEQv6DeC7Ovd8WBrT4Ug3EVl5zShUezOggAaCVOcz33wOYzAJADvX4soQ93YM25yIjSznfH1eTAjj1JV-rTSJqL1Vkorrnapcoyy0y5uWBWil-Ai5AWvMqm6Js3LMEndEi2thjHbIvULtmU9JM3-fqR0_IvZgX3fHoRhpYahj5bDw9rHa0gzM8Pst7WYbsKvLR9IDyWLl3NYpstCCN-nAl8BTO6HY_iyXxEwQ0n07AO-sXoGUSBKH_1dhwwSGi9-Fxnt-yKxA26gc2H0D_nCoqlXY7ifLf8ax64q-jjfB6_TYc7ZtK3zQe_Xdk8By3PbyWnAkBIrDHhpM0t5Kmo0-jfFSOT9AHmvJ-TwOEdVV0N_QI8KmlFbDwMYnWJTuoA4960gs_SQ8xA/media?maxWidthPx=400&maxHeightPx=400&key=AIzaSyCz0w_6ziQlJVYzINlEK2bj_7YAIKLtE0c"",""https://places.googleapis.com/v1/places/places/ChIJTT9JPrL50YURh1fp17OyRqc/photos/AciIO2coeQfqYwqNFQCGCNWR_hqk5hj1ptqHRAIOU875OnKxrZFFowVpjj3i1UyBPy4owu7d2bzx281H3aSZQdZNn5t10kb_uylo3ZjS3ZxwMbndN8Yz7MGBrs5g1SUOfcdkXbRCZ2hGalq1mJy1dQNaFrNoFbD3gErPEeFClnk5FJ6550bbhBNaNRWNHlSf5Ya19Jr6pkqlO_dQlbiFa__6z2ul-UHGUOvmnn-zA_25LyeDU_pOM0xIWBDOSuiIfwoUjRyoyF48ZnQvrKuI1OTxcG49RiPf8nFCF9CI3zFbztczeJ-PAO-q1uyK5M9ACfpXHp8KXJsTwmYQGWklHTNKG_v1XF_Fu3vgpTSyb3nPPGh4bqndwBXGOH60HtGZhxayVK0ZopkE6MK1uzysNLsPOo1pRj5081qgEIfsbNQPy2DjSg/media?maxWidthPx=400&maxHeightPx=400&key=AIzaSyCz0w_6ziQlJVYzINlEK2bj_7YAIKLtE0c"",""https://places.googleapis.com/v1/places/places/ChIJTT9JPrL50YURh1fp17OyRqc/photos/AciIO2fLG3fbCfAviOwWsdbo6ybUkz-iJL8UTtybhtklIGjLp3QRfWUAlXFI-PPsNrYQt1cBUTe10jMhNVejr8id8E_1ci6e2aeJt22D7SFlOur_boa3SL_zeKUOzTUPgE9Nl4nkVhUpKi2fIgSUlW6YswLdLKdSYMUX-nlmc8nZyHL8m6SA6itF2hBRNaEwN3ifaunhEPHL_yI9ruhHBSrpl8YdEPEoS_6ShapifytYC6qk7BEmqo4MSfMvN5exDmBIGkpvkneG92_69h2YUedvoSGgWkfF08Cy7h0E7cXX-JJTg_-NBHoCkP3qyWkqWHrH5MAFle9ZkpHpGI_B-uEJBYYPFRBYj14WvMIzorhKUHvLlWFpXXT77gRq2umirbBkqDPovbRE0H_FFG_xd9NbY1xntnLhVx_LSW-aAdTRLpn2WQ/media?maxWidthPx=400&maxHeightPx=400&key=AIzaSyCz0w_6ziQlJVYzINlEK2bj_7YAIKLtE0c"",""https://places.googleapis.com/v1/places/places/ChIJTT9JPrL50YURh1fp17OyRqc/photos/AciIO2dpCxgAfGCNWCgK1cRNYpzO6vnegX09gRuNzJl-FCeb-pjgW2ovXGAVV7cbP5_W2KegCinxy2g1j5LxFo1lTW0Ofyl-ts25_aolWYMYsHSMd8kHI_fuy4ppB-uQOig10cMWtlRvLdXg8izVfbmJK9CF36ewx44l8q9Jm6pnTyO4ig6IZzyaEXq5BGI_8U6uIBSw-yGDLK4j0f4nrWFug5us6X9V7qU0vuTuea_FKAkUy75TsDMlqoWp9AfUWX3UuQbkx5DgWUKTp1j7tdXk0tNih-mYodK17Yo-V06YHTZrzOAxoLb6T022jxzTAu2_41r6tfM40fWIOPoOFKf6eOoZcW3xkjUDSQkN6dnscDMx4Beex6jUj60eVZ5orf-Z4BJEFP7WODh1dd5zgqMnQzBOQMVILwiShjCRSKtJSJY1BjBY/media?maxWidthPx=400&maxHeightPx=400&key=AIzaSyCz0w_6ziQlJVYzINlEK2bj_7YAIKLtE0c""]",,,,85,2025-09-30T19:53:03.836Z
ChIJtWhK3IP_0YURqdqSm8VebYo,MindBody Pilates Studio MERIDA,mindbody-pilates-studio-merida,"Merida 124-Primer Piso, Roma Nte., Cuauhtémoc, 06700 Ciudad de México, CDMX, México",,Ciudad de México,Ciudad de México,,México,19.418151299999998,-99.157049,55 7321 6082,http://mindbody.mx/,https://maps.google.com/?cid=9974732952507177641&g_mp=Cidnb29nbGUubWFwcy5wbGFjZXMudjEuUGxhY2VzLlNlYXJjaFRleHQQAhgEIAA,4.8,62,,,,OPERATIONAL,"domingo: 9:00 a.m. – 12:00 p.m. | lunes: 6:00–11:00 a.m., 4:00–8:00 p.m. | martes: 6:00–11:00 a.m., 4:00–8:00 p.m. | miércoles: 6:00–11:00 a.m., 5:00–8:00 p.m. | jueves: 6:00–11:00 a.m., 4:00–8:00 p.m. | viernes: 6:00–11:00 a.m., 5:00–8:00 p.m. | sábado: 9:00 a.m. – 1:00 p.m.","gym, sports_complex, health, sports_activity_location, point_of_interest, establishment","[""https://places.googleapis.com/v1/places/places/ChIJtWhK3IP_0YURqdqSm8VebYo/photos/AciIO2flD2hV6RuSMQVnfZcOygnVtOoBMhuONd50wTPVb-9MVmkCkYbloK4z6NWIUW1vzVyQ9IH7Pdf7-TC_t3Z3eEwp-ENEmZbGEHVbLU6DNZC3bdEJLZr5KCXOY4q-heLrQQbUo9zWMgpmYxjKARZHKBAXMShrTMKtAdYDT_kcB7j_60Fe5TGQpp4GNQbXbfmmIqj37TB8wRSXb31Ftln6bjUTO3IYlZYKG5KMxRbn0zfc3CWD7OlapCvRsqDGGPFUkybyaDFMlLbhXTqQSfOfp4cqs-V2102cf0lPCShx6RmAiw/media?maxWidthPx=400&maxHeightPx=400&key=AIzaSyCz0w_6ziQlJVYzINlEK2bj_7YAIKLtE0c"",""https://places.googleapis.com/v1/places/places/ChIJtWhK3IP_0YURqdqSm8VebYo/photos/AciIO2f-TNAdLhxni-205fVH9hNzlSP6sQ1gpqlr3QXiFcQWJR4jnkCS2jiC1pAhGbVVZmjab5VKXDqZSJ_0veFTc6rolN5yxf7hPOyl8q2JTfg3mrbZsiPIFohz2E5UC6zrIGFCB2asQ7cWRzqOScG-45OZ9Ph9wn1cBJUE7EWRjaWmBZHQOP_gJJHVWRUP8xFqS7KS2knnProRWu8XQN6SL5EE61YWWDEmRxGYzizjzKHKJcZIL6TEJAUg7oTdySj5rOK5nCwXqlVYKl8lJ_8sya1w1EE0CQqt4eUWxnx18QxKcKrZdtcDKm05syTgz1KhfmOW_NSrAFTrfXf-pqarSAU00D2GWpWQlCXt4psJ-e7d0KhNKadTFqshx3Ey8slamkCPIdswt0gdnvv2KOD7woQ1I90GAyMQFSzfv4yemJOTim4/media?maxWidthPx=400&maxHeightPx=400&key=AIzaSyCz0w_6ziQlJVYzINlEK2bj_7YAIKLtE0c"",""https://places.googleapis.com/v1/places/places/ChIJtWhK3IP_0YURqdqSm8VebYo/photos/AciIO2fEmSfHUc0WpxHtn_vVwkKrF1R5IQL3xSO0gBFIlSts_QUu7z6gTxuSlgbFpaSSy_ofkipMtniLoVM5YIxhXtXbibR_csiL0z9eqXC22OWjS96OGdWhSXAGKutivclufODph3NIqXpqG-_eJrKf0LmL-ibrSPZNDysZjUjKMVqiXZt9PgmMypuLd8PNikvVdgTiGlSZYz5tu17-8DWRAOTL0mw8a2UZhO4L1Xm1O44sPH4Hj6shU9RoMHiM5tYasnn4vjhnSLqAOX3S76-oFDD_X1mQQ79U4mAPC7PH81EmsD9dxn4-eE8NVAHFl4ld4ulHgSkUsQ0QQw3Rd1uvtqOXez_DMliaxkzaGZbcodaz7P_T5-Jnu2kwiFq5LJc6LGwtvOCWyOd4PR_sjnQXg8BYFYcLEw89AyryTueOLOmLPA/media?maxWidthPx=400&maxHeightPx=400&key=AIzaSyCz0w_6ziQlJVYzINlEK2bj_7YAIKLtE0c"",""https://places.googleapis.com/v1/places/places/ChIJtWhK3IP_0YURqdqSm8VebYo/photos/AciIO2cNWUBRLfgyY6Yi7ze8aPl1rQEP14xABSFC_creaUuA_7oUt-Wuzm0tBTLH8mzlqoyV0CmWAaiAFy_OD4QqRC51UESKIXkWF1_Sm-QfOPbfmxHnR-0ROYnfLe36kq0Wiy0SQmj2D6av30MPW-LHfj27IX_sLNxyvKY9T-RIG6n7aSDwKQvKYZcBCFQKMeywyDFHFkr3DWBHd7vRSyxExJjEI6iids2nM-l4t6e5tch3Rl15DCEIE9FMe5g_n0GDI7rEEObyEGRYGbyMZcRAIcQICktVkog5uSsWe0uw4Wt5Hx3GMyrhgfcHRfoulqQDj_1rXZOT2CV5TspQSHD9geiUfrM-UcQDePG96R8giW_TN-HHmaKwyDgBkj7ZUgb0T7k3FJM1_-cml5keO6-UsuqiwHAJnx_Yw87WlaAo3GVBtpNt/media?maxWidthPx=400&maxHeightPx=400&key=AIzaSyCz0w_6ziQlJVYzINlEK2bj_7YAIKLtE0c"",""https://places.googleapis.com/v1/places/places/ChIJtWhK3IP_0YURqdqSm8VebYo/photos/AciIO2dhl5gglcJEN2DObtTWLJ2f4z3_sEtHMNp_XCbx7c2P8lAoGIJQQThjrtkKIVuDERE4R6CoW65F5M46gVa6GEU8MzPKkrhHEpJBS4Ta6aDSbOorvukg_32srPYByMFhu3YAhQYovevWqWB7GmRfAoXAc9fuwaer6GCFWFWoWKOFi18CRLHmzgmnnhsrVfzRCxulIJseJrrLnTxcYcDqTcqCpbEOAg7aXgZotJPuviV7Z4qhx25vsXeBAqS15jyz6neApCI3c2FZrH2qHn7BmMXTfxI8y8uqBLMRM8qNpxAidg/media?maxWidthPx=400&maxHeightPx=400&key=AIzaSyCz0w_6ziQlJVYzINlEK2bj_7YAIKLtE0c""]",,,,85,2025-09-30T19:53:03.836Z
ChIJ0fPr69T_0YUR5narsWIAByc,Connection Pilates Studio Nápoles,connection-pilates-studio-napoles,"Yosemite 17, Nápoles, Benito Juárez, 03810 Ciudad de México, CDMX, México",,Ciudad de México,Ciudad de México,,México,19.396431,-99.17246200000001,,https://www.instagram.com/connectionpilatestudio,https://maps.google.com/?cid=2812216916203763430&g_mp=Cidnb29nbGUubWFwcy5wbGFjZXMudjEuUGxhY2VzLlNlYXJjaFRleHQQAhgEIAA,4.1,28,,,,OPERATIONAL,domingo: Cerrado | lunes: 7:00 a.m. – 9:00 p.m. | martes: 7:00 a.m. – 9:00 p.m. | miércoles: 7:00 a.m. – 9:00 p.m. | jueves: 7:00 a.m. – 9:00 p.m. | viernes: 7:00 a.m. – 8:00 p.m. | sábado: 9:00 a.m. – 3:00 p.m.,"gym, sports_complex, health, sports_activity_location, point_of_interest, establishment","[""https://places.googleapis.com/v1/places/places/ChIJ0fPr69T_0YUR5narsWIAByc/photos/AciIO2cQsJcj027cjJ1t579G41N7ttyz0sAZh1csW0LPKwybS27UR6dCleTxnWTrei6y-fZcBdGsAbJQ8Rllip850CSkU350In4N73ULD-8lTtcuGrenqCxowivov0DZE9pYaLiFx-q9_CzKPsG2V34u8SUp6zvbWAU2X59tJjvD0tR2U6LJUX1svqvADmfSnoLJr7eRREq38rfVzBYyO-9XCYl8beRonWO8x8uyAZQ-tkut-dI1XOnMSVxO-KcIxUgPSJGKt670YED6LlTv0T5KLjLnFQYvGgl8H26G_luXo-8/media?maxWidthPx=400&maxHeightPx=400&key=AIzaSyCz0w_6ziQlJVYzINlEK2bj_7YAIKLtE0c"",""https://places.googleapis.com/v1/places/places/ChIJ0fPr69T_0YUR5narsWIAByc/photos/AciIO2ciIraPPkqqPRl1o_pEbYd0ejEczalKB42ALtdBrF4CGvTLNxbMw-kEAUV2Ck7Bv5Q2ad953ZxvXLYNR-eJp7K4tZ8ItQjRZSjYhNhprkcMtM-wwgbFkb5b5DeGReyp8mpGfgeE3SbXkuY34nmgnmDMTLrvniU9NNuPZaRxmp_h4AwaItD5GPAEF2hN6CldoyCf6j3hKKBUu3PSnQavuLTH1ZL1eaWPq-Xu6Wx78aWs1R4rKvgTwwrw9JGKHJRhVAPV6Akq5A22T7VHmdZw4olba14r814xkv-4Yn1EJcc/media?maxWidthPx=400&maxHeightPx=400&key=AIzaSyCz0w_6ziQlJVYzINlEK2bj_7YAIKLtE0c"",""https://places.googleapis.com/v1/places/places/ChIJ0fPr69T_0YUR5narsWIAByc/photos/AciIO2ev1lCTC9ahJ8JL2gXRIevQM0K8qO7XtJErarvXHY19Y53zswTONdClhiysFi-2QcwbF9wbO6Wb24g03v9YdjmZ0CEI5rRPjDh4BLtCnVKPsjus_8rUVwKFOA9saQzih2gjeEmvyf-BNRr7WpisSdmmufztrwRdZ8Na7o4HNypcd7Gh-ze2sSH1Z1HLPEV5RTclrun2OVS75fMxzSO3tUfjTOaw_vj7AB4fwSmw5k7wzdLTIVENc634x33EP3gyWASRktm73ED9IxtsIQe113Lxbsc4PrLHwOgmSP7JnWE/media?maxWidthPx=400&maxHeightPx=400&key=AIzaSyCz0w_6ziQlJVYzINlEK2bj_7YAIKLtE0c"",""https://places.googleapis.com/v1/places/places/ChIJ0fPr69T_0YUR5narsWIAByc/photos/AciIO2dmyZEgnmaJnBamJS0XChOhkb2YwHPs-ynsJuvUamLtDrGn48poFZOWK5Q1VO9jhh7DNWiR116YlplcDLgBdaFtAayLCSxiBCibvDrfguebEJXpI8hAR4nEpbFC79oQwm7l4YQuNip7JJlqRC2oHK-xT6KL-8RQQxbIOC1qCaSzeQ9HnZy_VH53kCoosFeNO1dnSL_L5H_WWxldyNLnwArmVHeY8fInldMUnBLvRAiatF1kc_e1g8Vo2cq8S4FDBaOSEBpfvifYr5CZ63Ces5tKyqrypSUW5S7MpAspYZw/media?maxWidthPx=400&maxHeightPx=400&key=AIzaSyCz0w_6ziQlJVYzINlEK2bj_7YAIKLtE0c"",""https://places.googleapis.com/v1/places/places/ChIJ0fPr69T_0YUR5narsWIAByc/photos/AciIO2ctXFkqdQaKh4OJucfUIZl3P7WCthPvGeLawy7h0W-hE0mGaiVjXDYekzCg9_DFi1sBdKfmcYo15_eZ3qtISphTjQc8v3KM7piecnL3zbnoQi_4DYzQ2MeP-pJgeStCFAZk9zzBts_XM_Dns2UMds4lNBQkP-q8HBA6HKulRaxP386GAuJMtp2isX6D8jahi4por1GcrNTo3tAfTJpWNKHhmtawnLO53EbABh5EKyXtVkgfXp16VH_zyEOTVsZAtgR4RaqCqpdOZZjgQlWDIPGGkn7js-YVeoXFvMTXBTY/media?maxWidthPx=400&maxHeightPx=400&key=AIzaSyCz0w_6ziQlJVYzINlEK2bj_7YAIKLtE0c""]",,,,75,2025-09-30T19:53:03.836Z
ChIJR1TLRgcD0oURwx-lqA0IPjI,Body Fitness Pilates Reformer Studio Polanco,body-fitness-pilates-reformer-studio-polanco,"Av Ferrocarril de Cuernavaca SN, casi esquina, Parque Machado, Av. Pdte. Masaryk Frente a-Local bajo, Polanco, puente, Miguel Hidalgo, 11560 Ciudad de México, CDMX, México",,Ciudad de México,Ciudad de México,,México,19.433090399999998,-99.20821029999999,55 4466 5398,https://www.bodyfitnesspilates.com/,https://maps.google.com/?cid=3620340005209448387&g_mp=Cidnb29nbGUubWFwcy5wbGFjZXMudjEuUGxhY2VzLlNlYXJjaFRleHQQAhgEIAA,4.5,30,,,,OPERATIONAL,domingo: Cerrado | lunes: 6:00 a.m. – 9:00 p.m. | martes: 6:00 a.m. – 9:00 p.m. | miércoles: 6:00 a.m. – 9:00 p.m. | jueves: 6:00 a.m. – 9:00 p.m. | viernes: 6:00 a.m. – 2:00 p.m. | sábado: 8:00 a.m. – 3:00 p.m.,"gym, sports_complex, health, sports_activity_location, point_of_interest, establishment","[""https://places.googleapis.com/v1/places/places/ChIJR1TLRgcD0oURwx-lqA0IPjI/photos/AciIO2e5FAJhO2WaJdHtyFt7LXTAJOzqDpcQVA9d_p3-va2eakUpeARXTPkFFz8fq08iYQNrsmiqJyoM60PGoY522zN_Nq18e1iPxw2Y5xAnzDTZ_Q0pkuifLjvbKuaXBEdEt9SmVChfZ1_SgAPFZKScdmvcx15ANWRtIqQcWtnyb2kdwefBRPS-9GG3S8WWu5onIJ1XYrDkKTQN0oPFbOoh9foBgzexSBM0ol14Y8nLUwcfwrktKTgd8S-CzBrSs9_XSOvZeZ5M_8p8NzyUIWPnBQkVSt7TnlskwpqA7RloOH4-F7p0-0Der_0qmqoMewF7IAcA58zJd0Zn3OPpluDjXxKnn37kkw2jqcW2_IMgdLDWflAeJfoqJHxLgOwOgvzbQN9SJdxEa-1UYMljp_SO7b_BNKWQxNldguCnlL0AzG-WsTE/media?maxWidthPx=400&maxHeightPx=400&key=AIzaSyCz0w_6ziQlJVYzINlEK2bj_7YAIKLtE0c"",""https://places.googleapis.com/v1/places/places/ChIJR1TLRgcD0oURwx-lqA0IPjI/photos/AciIO2f97mTvSMSSogebskPXAD8PbGBWQDx9phzEUowpiTqAr4dzE_iFbRQ5bQ18hG2gCUn9HgEQc1E3qk1c8_OFf04Ib2PB288kXpbVw1mg5eQuICgUoq38WIny3wQTQT8Q5Xu3-dC9wJjxb1Tfxu-P9J4fnB8WK4Jo6LnUoPe3to7CYzUKet99Y2gtQMlAiqTyItzDhFH5ALZMUzGWyRHV-7U77P9dDo04bX1sOJRw2o7r3zeyviUtHDLtPR3_auMRPBfEg7rzU8HZh_wDUcIPudKdemWAcMUbGyGDF0-3ojCBETxNucR4TdkPH20tnr0R5zyLCdaVypZa93ZVxOPGss_dR1OZS1BGAvO0FGBakXj_lMHgp7OhgULLMMbw-sNZfhRbS6zS-_CKm5wxKVmFxIvJU1MEFP1_hOdtYUjcCyJLUxyA/media?maxWidthPx=400&maxHeightPx=400&key=AIzaSyCz0w_6ziQlJVYzINlEK2bj_7YAIKLtE0c"",""https://places.googleapis.com/v1/places/places/ChIJR1TLRgcD0oURwx-lqA0IPjI/photos/AciIO2fLTQLCQydYtUUexvNeb6T2gG388JDngaPyLW7GXRgw-jBV1DWDL1XQyCnCo-TzmlmkphQt8c7D3hKN_58a02Rvc8pzQR4TfCpKJXy7ejc_PzAVkBum3VbMCTitS2Wr9bff75DNg3TV51-8sFqzh-nfFI6R6M8Ui5yMXnNKjZkxb5TG6b_s6HKejlcf73NPIqnTYwUouGNIVksEM1q1gkO30WSFa7uWSyGWeauzJi4MygqQTSNqfzbcN_y91T_rnLk6UJxZE6bfK2KyKuuerIeLeKNcsZ4CCAT0ddUaJNURDkHaiaaAHfN4serJerG0iOKeIky8lXudy2LsQcEqje_jbSTXtgUC1fGHQgCUjvjRGCkuXSUl6CVMI1WxI4mjtPk7syo3cEcZbs8I1R2QC6PU3s8fVImOWdJ6uQ_Mh1TODA/media?maxWidthPx=400&maxHeightPx=400&key=AIzaSyCz0w_6ziQlJVYzINlEK2bj_7YAIKLtE0c"",""https://places.googleapis.com/v1/places/places/ChIJR1TLRgcD0oURwx-lqA0IPjI/photos/AciIO2cCPPfS-oPuKmrq_qIu4Oofr-Jqi34HFPBDANGpoL4Wy6JOcF1_AWsewrjhUV3f7jmYeP7wKELlDHpr3ySV2aSZeLG2qpc6REOBbO3RxrBsWGsOViRaZVlJLix-X4XCFrKHJHfl94eD8D4FL5dnZbZbPKa3dMM1y7q30-zsmhC4YGAzhblZO15dl6ZBiTiRtTOydOzhnzWAEYdSsCX_SnoldNc7SzNv8muQn03zYRBxTKXka07td5P-ta_OLcbtrGIkUqipzZ2BPuvsBEoCfIkQ7mP7Nn4h6HfQvrTth3x-jV3t4nP684Ij9hlwK2JGKbZZZmjQPyY7MGzZyogUFgowJTv1z8WIpq_EQEJEXxy7WRW_vVss78zZTEMiZ8IPG9tcJKWefEO34YIOarUtHaq3GQOvMlT2fs3IWISjoQuhRiBC/media?maxWidthPx=400&maxHeightPx=400&key=AIzaSyCz0w_6ziQlJVYzINlEK2bj_7YAIKLtE0c"",""https://places.googleapis.com/v1/places/places/ChIJR1TLRgcD0oURwx-lqA0IPjI/photos/AciIO2dUVOniazAsvbXTL5lpOQs5_4Vr5Z-A6jFFlHAfF1ipnnsXop-hdLZLfwWqcD4cAW2StO-oUSWV_IJl8VB6TKX2_2EXOQJ1mirnaD4RuoBcxg4BRDDS6IBkrmbI4oDEoyYL1JvQ6a4duQtquLC90_nEyBQHNbIsNeCjcf7AtlImJnUXnH7Wpnp-cy4JNqEN-YzfAJDa5U16gfjfAHow41rU-JuBnJ3rqp-8b_-RkkiLKDPoPmefrESrCxO5-dLiA-lODwUqv4zoPfFIvRrpayoI4E7FL6MrnOZ1Oq7n-_SGWkfNcbgpijknM_nNUODACsyNFYsh2LYQhe6HLYWhPeFxiqjmtz_JzQ6136ilRpJxerfZhoufZacitki5lyVjO9lW5gYIi4rMcV0rf0Yvz379thiVvkwxXNxsMb9UFg97KOo/media?maxWidthPx=400&maxHeightPx=400&key=AIzaSyCz0w_6ziQlJVYzINlEK2bj_7YAIKLtE0c""]",,,,85,2025-09-30T19:53:03.836Z
ChIJwwyKUAAD0oUR72tdr732aKM,Harmony moves,harmony-moves,"Calle Arquímedes 130, Polanco, Polanco IV Secc, Miguel Hidalgo, 11550 Ciudad de México, CDMX, México",,Ciudad de México,Ciudad de México,,México,19.433998000000003,-99.19105019999999,55 1505 5599,,https://maps.google.com/?cid=11774932520311548911&g_mp=Cidnb29nbGUubWFwcy5wbGFjZXMudjEuUGxhY2VzLlNlYXJjaFRleHQQAhgEIAA,4.9,94,,,,OPERATIONAL,"domingo: Cerrado | lunes: 7:00 a.m. – 1:00 p.m., 5:00–9:00 p.m. | martes: 7:00 a.m. – 1:00 p.m., 5:00–9:00 p.m. | miércoles: 7:00 a.m. – 1:00 p.m., 5:00–9:00 p.m. | jueves: 7:00 a.m. – 1:00 p.m., 5:00–9:00 p.m. | viernes: 7:00 a.m. – 1:00 p.m., 5:00–9:00 p.m. | sábado: 8:00 a.m. – 1:00 p.m.","gym, sports_complex, health, sports_activity_location, point_of_interest, establishment","[""https://places.googleapis.com/v1/places/places/ChIJwwyKUAAD0oUR72tdr732aKM/photos/AciIO2fILCB7oUvWhuPZEJm0uRx52rhiwHJChQwq43rdleOEo99FjVfLx1di572PifVervnX3RVG9fBYT2AMO9YqIgRMratJPUk_y-xEtqEz0tRtghCZuovVK9N81CUjii79dRrDTIHRz13Zjv24RFPmMFgNkJfjxvjYqaQP6a2L8n14ClkUzEXaqi6f7ByijR8nhIm4-djcog4dJ8Bj7Tvej_COsF2OMTmODoHc6q-QwtKHtr_5Klf_P_Is8DzQKofSnpuLYmbSagJjLvVdhZ50wEuCD8Nig_NsHA5rVACCptzZyQ/media?maxWidthPx=400&maxHeightPx=400&key=AIzaSyCz0w_6ziQlJVYzINlEK2bj_7YAIKLtE0c"",""https://places.googleapis.com/v1/places/places/ChIJwwyKUAAD0oUR72tdr732aKM/photos/AciIO2eXfpdlH86C-fkr_KjI6hhGeKz5htxwh7vwpNqOY_6_z7ETmFIlqJOxkabdxibnLyTG9PWoirAfaVtFTiOo36pPSmUJs-bQBqwrCJq_vyu_OSzprZ0W_KsS0Tz48BP9SHALP1V7ylqfd51MV3Qqu0ANOXpFNQ5K67uJt4WRYi6KBtrdiH4Evgutu3KE9YiFgRhnS56AzKpyaHpJeZz_EHAA6Gg3zX8yxfFHTiMrHnGaB6UtubQTgBp1tQRhRzWQTAGtKE3YBWXjNj81Nf6GGnn6z6pUyfehKSucgiuIISAUkw/media?maxWidthPx=400&maxHeightPx=400&key=AIzaSyCz0w_6ziQlJVYzINlEK2bj_7YAIKLtE0c"",""https://places.googleapis.com/v1/places/places/ChIJwwyKUAAD0oUR72tdr732aKM/photos/AciIO2eMhNvfR4r2EQyH3vdTCUhbfSEA7Fog6N6-L1VTWl3Y8uDoAPo7R2hwYx9Ky3YPBMP3XcHsbElBNQYGNKobJaMwZay4d3HBPFkBjD7VVQmsTbsJ91FI5JAbo8RVSexRwBC2_uLquv6n7isUovsr9dQoe6tOwxvoYX8HTxQPW46YOxyM6W05XENxT2CzOu81CkU0ZQhUUHVf1JWLnGq6c9ooWJI1Qs2S7wX9ODMUEjMfoAt3fuBBwbmKRDkgOjTTVJp7l0VjdkgdTm8h9RmtbHqlCUZUB0327OkulJG-EbrQ8w/media?maxWidthPx=400&maxHeightPx=400&key=AIzaSyCz0w_6ziQlJVYzINlEK2bj_7YAIKLtE0c"",""https://places.googleapis.com/v1/places/places/ChIJwwyKUAAD0oUR72tdr732aKM/photos/AciIO2fv9caN08TTExKunF1_zBVr8G3aOplx2g0xMLXKwI1VFnG95YpOucv4b0dTnWXTKlaJSKcrH_6wR5hD1kg64VimXprlbwSO71U4yNMIh5OKNr19AhiQcunQNNk6KNBYylyuckeoNNu7snKwMIIHh6y_Rfkdwj9b0bPUPf1KS-3DKpx2wz5yw1-Qsgq1NHnD6T49mWzW49bfhTIqmA7Uk9itN3iMYDRzF4Xr30byQr734za8HK8vJvMPpiuVwrc3zCuBOiHkVysMWsdPe3bq7hVLF1EvxpQYK-q4jWAfvPueG4B__gF-pwi7szcrQkzttKl-_CO1u8_tK7NVfv7ksc_eJcjMPpsMpAsev242atT5p9HsfHJnIP0poDCnBlrIzuw3iPPWK2frEQNYJSQrRLzMA88KpL1rj7UVzY1XarjJeNZ88zWfcGaXR2EchQ/media?maxWidthPx=400&maxHeightPx=400&key=AIzaSyCz0w_6ziQlJVYzINlEK2bj_7YAIKLtE0c"",""https://places.googleapis.com/v1/places/places/ChIJwwyKUAAD0oUR72tdr732aKM/photos/AciIO2c-YNAd1i9U5pb5dfXnEL4_Iw5IfHxWdrRz4Afr4mXNJgJMsc8JsV7HuPoHMoHG3B4zIt8UgBSd1wp8047P4K5_D_W-dngH0IhH5T9xLqZyr4hbvI896LJDniAYr_pufAjIIcY9Z4f39_51NK_yepSE3sfKxWKfTWgfkRkBjoZ3VxkiEQu6WNXNxqXMv8tslmBgbCrCYr73c-zLRu2OPta4MSPmNCUWs37XDxZGQxRIOucB0gckAIvN9n5sMyuK6mF9zWMvq76O1AHCCrp_ECTPdfrHg3Ok-T9kz_6lQkL9Rw/media?maxWidthPx=400&maxHeightPx=400&key=AIzaSyCz0w_6ziQlJVYzINlEK2bj_7YAIKLtE0c""]",,,,75,2025-09-30T19:53:03.836Z
ChIJqys2hQ3_0YURGN0g438ZyV4,Atelier Pilates,atelier-pilates,"Río Guadalquivir 93, Cuauhtémoc, 06500 Ciudad de México, CDMX, México",,Ciudad de México,Ciudad de México,,México,19.427721,-99.1699409,55 3577 1171,https://universo-pilates.com/sucursal-cuauhtemoc-clases-de-pilates,https://maps.google.com/?cid=6830018346946190616&g_mp=Cidnb29nbGUubWFwcy5wbGFjZXMudjEuUGxhY2VzLlNlYXJjaFRleHQQAhgEIAA,4,32,,,,OPERATIONAL,"domingo: Cerrado | lunes: 7:00 a.m. – 1:00 p.m., 4:00–10:00 p.m. | martes: 7:00 a.m. – 1:00 p.m., 4:00–10:00 p.m. | miércoles: 7:00 a.m. – 1:00 p.m., 4:00–10:00 p.m. | jueves: 7:00 a.m. – 1:00 p.m., 4:00–10:00 p.m. | viernes: 7:00 a.m. – 1:00 p.m., 4:00–9:00 p.m. | sábado: 8:00 a.m. – 12:00 p.m.","gym, sports_complex, health, sports_activity_location, point_of_interest, establishment","[""https://places.googleapis.com/v1/places/places/ChIJqys2hQ3_0YURGN0g438ZyV4/photos/AciIO2d5-pV7b7Kf-p2onrgVM_8BxBwLdGlV_9ZCrL02frbeYej0hJWL4SnZJ3QH2riWaYf-l7_vim8DZfWKMkjVqsEoRded3pueMXuhQKFOPcD1nroSLiK_F40V2giCLS5qRVCwtXBaXTRBrE2Q8UQmocT_YFSVJXxXzH0mQ45jOREPpMW3RHzd_lO512XAfO46yF_1HeLT-m2jDMORcJ4OqBqGmdO1v8s2t2wgK8NoC4FXJWhd9ZB24pGeIhvEHyeC2KXoDaLvhSQVX2xaOqrX8A3xpJstovLA4F7l7FrHs8YP3zg146ruLQk82Ft13mNZlVXlB889ZUA4Sh4foRnC_6Dx_2bL4_ORGbM7GSGsPgXk0Eqg_-rU1zYqr0tsqs2AhgRDdaRXNhu-wDLem9k9_R46HjZoYpaKPViAqmq-yJhiCi5c/media?maxWidthPx=400&maxHeightPx=400&key=AIzaSyCz0w_6ziQlJVYzINlEK2bj_7YAIKLtE0c"",""https://places.googleapis.com/v1/places/places/ChIJqys2hQ3_0YURGN0g438ZyV4/photos/AciIO2em4HHKm4ceMC7bnuRUdZev_KwOkMcwA8eLuhJYMtqwcdUrluXM4fZvq2xNy7DRiYcl4OZcMqgd52aTLxKV4wntY8zR0AROva6NtW0f2E_MLW4WgsvBYZJKUeiQ1i6uvbSbydpuhVg_A0temKpS-10ThjhhlYtXQ4ASXaMwprL0JA-1Eyjovvt9mmpCwh9i9sds938IAwaAR-yNL-OFPSKSiPrT-a_x-LXxOH2r4VuD4ACYfActUHRwjEcfGn6SlFGae_5jr-MhTJcYF2zOz188De6Kt4IBBw3bA6ZXjrkWSw/media?maxWidthPx=400&maxHeightPx=400&key=AIzaSyCz0w_6ziQlJVYzINlEK2bj_7YAIKLtE0c"",""https://places.googleapis.com/v1/places/places/ChIJqys2hQ3_0YURGN0g438ZyV4/photos/AciIO2dm1AxZ0Xxk228CDHP4skt5oT8PoA8YUq1w4UELQ6SqMu2CM-64_DGC-v4s4J_6yPkke-wTaGdLBoIwlvurzyqTcnnqMxdKaHFzb2BbooOBqfxohRVc55DdkiNy5W_mvtMqlhn4aB21wW4jmVRNzpQRuIWX494WBHrkqg8StlcoMl5Y3GFHKiGrJA9HW-CtDZ01RPNicDw2brfKd_l_Hb1XQkvY2cmMwVcM436Zy9GDd0g1yuIFQnAQh3xwGhx3W3HpLiBNYKW7uYU-qLQDn0axwG1XYbnxhPCIalnPqjOqCw/media?maxWidthPx=400&maxHeightPx=400&key=AIzaSyCz0w_6ziQlJVYzINlEK2bj_7YAIKLtE0c"",""https://places.googleapis.com/v1/places/places/ChIJqys2hQ3_0YURGN0g438ZyV4/photos/AciIO2eJOAArtV8oTaWrwGzbKEs3HGBN9xoNepqkk4AYPv8jNP22Y8zkD5qurox5TJw5VpJN7TeEYKL3yzQ91F1i5oqIM8RNwqRL6WwL1256Nr0JSYyOCG-BAVOZWwVdOt8DlUAWBIrNpDGMAAuJ-wge_ZrF7_AkeXpVt3WBKnbKOPzHI-GvcaORf8HS8TcRug_lCZ_HSOSAwSlvlzrGHQUrIibJvKkpQijakuo8RljD51D7wCt6kKYgbjvww97VHMS7dwBXgE5GTH8MTXuc9pYCntceuuDjcrmqt4Eo7JTsjw3jeQ/media?maxWidthPx=400&maxHeightPx=400&key=AIzaSyCz0w_6ziQlJVYzINlEK2bj_7YAIKLtE0c"",""https://places.googleapis.com/v1/places/places/ChIJqys2hQ3_0YURGN0g438ZyV4/photos/AciIO2dJOL4pTy3gnJBHNps3LC26s-AzsK2uDB8v24HMbnPj4EB3HJF07_Ck_QIBFEjFL-nEfEV8K2F87hasJbdlRSSxQuS-P_efgdHUipuZJlIRO7_5APiyv0fgWwDfaSJ-EBorxOZGD8_K0tm8NYeEgXZBG04UQJWVPs3wn6ZVw4Km2xXVhFGw_kbwuZrITxQgPXUW6ZZFZT814VYMLbIXkco6lhXmZPBb4Rr0GQ-au_Oi6zNn5juf0r1GF_n4hpxZp5q--BUV7u94H3zZYkePWYY-_lcy5XkevCvoYz1DMy_jqQ/media?maxWidthPx=400&maxHeightPx=400&key=AIzaSyCz0w_6ziQlJVYzINlEK2bj_7YAIKLtE0c""]",,,,85,2025-09-30T19:53:03.836Z
ChIJD8N10U750YURciWfqAtr9w8,Control Room Pilates & Barre,control-room-pilates-barre,"Av. Horacio 326, Polanco, Polanco V Secc, Miguel Hidalgo, 11550 Ciudad de México, CDMX, México",,Ciudad de México,Ciudad de México,,México,19.432949,-99.1866824,56 3298 1810,https://controlroompolanco.com.mx/,https://maps.google.com/?cid=1150505927634265458&g_mp=Cidnb29nbGUubWFwcy5wbGFjZXMudjEuUGxhY2VzLlNlYXJjaFRleHQQAhgEIAA,4.3,34,,,,OPERATIONAL,domingo: 9:00–11:00 a.m. | lunes: 6:00 a.m. – 9:00 p.m. | martes: 6:00 a.m. – 9:00 p.m. | miércoles: 6:00 a.m. – 9:00 p.m. | jueves: 6:00 a.m. – 9:00 p.m. | viernes: 6:00 a.m. – 1:00 a.m. | sábado: 7:00 a.m. – 1:00 a.m.,"gym, sports_complex, health, sports_activity_location, point_of_interest, establishment","[""https://places.googleapis.com/v1/places/places/ChIJD8N10U750YURciWfqAtr9w8/photos/AciIO2cmmXv7MIbOEVvm_fUoCV3s_1-96n-Zr4iKsmIc7EBp43EQqsFeoxyXFIkR-Qf4EQZPGQ-ObgVjkdDz1sS2k4D0llP9lkUtg1V6ZFwMlXHjZ0nNEkuLq45bX2HcLgdOXOgSOYA9keutY91n965j_ayNQ5WFis9czGR0jGH_tgPYM-pi6kNUP2qjWBgpJWMy18wMkXuEoB9PqKdvWfIlGaWPFouUlh4mmi0YVG5D_8Mx5P2WcIfOGEZs1YVrcVOZUMjqlQzp8htEH9uUJ7jSydnQIlqSun6vNzSCBskBK2IY9g/media?maxWidthPx=400&maxHeightPx=400&key=AIzaSyCz0w_6ziQlJVYzINlEK2bj_7YAIKLtE0c"",""https://places.googleapis.com/v1/places/places/ChIJD8N10U750YURciWfqAtr9w8/photos/AciIO2c20bBsOjU0B2ZXk7SlZ20WGmvYvYxSPK43eN3hHEGQl90STgLXbDHOeYuyEU2h7glA-h9NhVQZIqv63dgQZwyof-IwsU8iwNMR6laeSexyJ0kvV3Kt36l6itcV3GTOxOKataTwAcZAXtU7vsqvfNBG5u4cco0X9cah1D22EfL6E1qM2GXoGFw6k7ehP3uDi8xlZL4HYR-70OOVbEKkNpckkSCjKgdsYvsrwHmutG_hk_1HDnOJwmefWh_gmmvVkwVc0yN3Trir2mIQb8cHKeH_GiNQ5X6PQ0ehR6-wCqPY4w/media?maxWidthPx=400&maxHeightPx=400&key=AIzaSyCz0w_6ziQlJVYzINlEK2bj_7YAIKLtE0c"",""https://places.googleapis.com/v1/places/places/ChIJD8N10U750YURciWfqAtr9w8/photos/AciIO2dDdn1ULp_wNaq2hna9ZTpngbFVeqYZwvZZHbLN7fipUcxeIJ23UQnA1kv8mNWOnA4SRasNwK_NzDijH6EpNGZdTckmpJiBLqYZdcJekqEnh4Il32lAIn7XxegDAXo7GX1OvY0q6akCGDtP1rxmzdqBdDmMwrSaH2KaSP3xIH5GiHBoi00PGRCBYMKDzYdbSgtAIsotx1hS0S0ElA68jRjYLK4kDgbe6n9RtyLnbJEx_nANuPOKtZkx-POkAHzq3qEqEG0JYmZw4BrwRAFKtaNTGjDI8zoqkxAsaK7rQDobDQ/media?maxWidthPx=400&maxHeightPx=400&key=AIzaSyCz0w_6ziQlJVYzINlEK2bj_7YAIKLtE0c"",""https://places.googleapis.com/v1/places/places/ChIJD8N10U750YURciWfqAtr9w8/photos/AciIO2cwrbWDQjEELyy97w3NMLOJrz5vQtcZhH1gZPaU5Pg0JQLfI6R33y_Txt82plNG-p9bHnxTjUxuM88vf29mbwoJt6N93iDUbiU8-5LZY2Ne8m4lCbm6kl-aFp0DJ6LKmQ2_flpdJWsts6oCIqTNCVQH8KDd-pw07d0ONNorFaTSWb9gz1qEEpHPcC5DK4S7sT7sj9anp2TvWSy-A8Nxd8Tuq4eKrYlHIgUaHLUAkbFribeMsSS9LoGaEACmYMEp0Tz_4M-lwBHzLkYdt3PwsAE8Q1vbQX9DcS7ZnDMcNkl6ag/media?maxWidthPx=400&maxHeightPx=400&key=AIzaSyCz0w_6ziQlJVYzINlEK2bj_7YAIKLtE0c"",""https://places.googleapis.com/v1/places/places/ChIJD8N10U750YURciWfqAtr9w8/photos/AciIO2cgzSC-2yiWTifCh6UEa9np8fwPCsRXSw2CHYhsM1YcrSJE7xfD9mSUyjmfN_PdyXPL8vmpvtL05JcUsjnze8wmftfu9lM9BBdNsK_-2YHF-14tLsixhIsYrKPe0ROfPWFz4T-m2HkUapuSakAkO9APAPxOmiB-ed62Xp024ds7tuKv37tsFIM6AecoYTaXlk98BKcrmZB8q985IsqiA4Tce520kmJcA9o_eLRJBiawvauLaOQo_XwZHSxnfB-F07n4KzPNR30EYtZR2FLMyRzqIQ2ukyyHwNNZDX7ps1W4nQ/media?maxWidthPx=400&maxHeightPx=400&key=AIzaSyCz0w_6ziQlJVYzINlEK2bj_7YAIKLtE0c""]",,,,85,2025-09-30T19:53:03.836Z
ChIJr3H-oXP_0YURrT6xJr4-RY0,Columna Pilates Condesa,columna-pilates-condesa,"Avenida Mazatlan 83-Piso 1, Colonia Condesa, Cuauhtémoc, 06140 Ciudad de México, CDMX, México",,Ciudad de México,Ciudad de México,,México,19.414146799999997,-99.17739840000002,55 7865 4094,https://www.columnapilates.com/lessons?studio_id=1,https://maps.google.com/?cid=10179611519154732717&g_mp=Cidnb29nbGUubWFwcy5wbGFjZXMudjEuUGxhY2VzLlNlYXJjaFRleHQQAhgEIAA,4,59,,,,OPERATIONAL,"domingo: Cerrado | lunes: 7:00 a.m. – 12:00 p.m., 4:00–9:00 p.m. | martes: 7:00 a.m. – 12:00 p.m., 4:00–9:00 p.m. | miércoles: 7:00 a.m. – 12:00 p.m., 4:00–9:00 p.m. | jueves: 7:00 a.m. – 12:00 p.m., 4:00–9:00 p.m. | viernes: 7:00 a.m. – 12:00 p.m. | sábado: 8:00 a.m. – 12:00 p.m.","gym, sports_complex, health, sports_activity_location, point_of_interest, establishment","[""https://places.googleapis.com/v1/places/places/ChIJr3H-oXP_0YURrT6xJr4-RY0/photos/AciIO2dJkXdzn9fqclqRMm2CFRBaRHxBxIaJ7sSKpCbs_EecnRrh7fzOoNGmMQ8A-K6CJGJe7Onxwkefwl-sfqJck-g9wDSwovUE_69kkvZsuSm4celUpqPL3ZanOS9_SdZ-jaISoKM56ujn_V5sfFNUsiqzOdr-5SAgNyGxbqfbBJaz6HPMySpxVmyr8MG84EqddEO1hGwHHjbMH6w_6WUinwt_fx0rfMiwHRqSTvF0p32uvoPgmAL0KvogTL4fsaDJDPxP3hwkkOnySarbEe4mB8pYV6u64qly5UNpHjEln9HBwg/media?maxWidthPx=400&maxHeightPx=400&key=AIzaSyCz0w_6ziQlJVYzINlEK2bj_7YAIKLtE0c"",""https://places.googleapis.com/v1/places/places/ChIJr3H-oXP_0YURrT6xJr4-RY0/photos/AciIO2fgM_hroVcsUyV2d8qCc9i54TkVJLPAKu4jgL9IvdBeY4AG8xHSUl5qn7rO6SMAaykOFEjF4-pdwj3Mlvg-DlIb0SWRlJ_ibvPVlGX_q-DHThwaf023l1R9DTF1gr8yEzRA5b4zl3ycMf4n7Dy7M0ASKD-YbSAh3-UFfQzNXV1c9QYZv_gfElHtE6MuChn2aM3YEYFrBl897jtBYN4jN-CZurRv4a8AoHnrZNdRmy87yIMYAUIWv7E9aqz0rU2wmQXUOV0UhCN50uQKLkrk0dgvWNxzklJG2xK0EGJRswEXfpv-ctjdrb3L6gAUz7pwiUodIoMScAP6_rUVfbsFXdlaccpETg9TlWPJD2kx_ZRngzmEFcGePlrlJagrJNs3yEQuSXfVBbnvpT6lN2WC_gY3HwQKcuCWYMaxrIDySEdO-7ZP/media?maxWidthPx=400&maxHeightPx=400&key=AIzaSyCz0w_6ziQlJVYzINlEK2bj_7YAIKLtE0c"",""https://places.googleapis.com/v1/places/places/ChIJr3H-oXP_0YURrT6xJr4-RY0/photos/AciIO2fWtv26Dt3OFvXzWnc9kMS11gDqN2AAkVYBqlPyVMHAq97BIH5RJv9gXiyuNLmX7xrMMLKC5Au8OMX5l38QLus07lT0n96TERJI3KUs6v7-MkO9fzVZ9IXwIQkHji7SyvdMViNfcc_r4xv4VpXS6ZPHnRwucdVrv-I0RLZ-yYuVn8ip3ECQcgNjmRqxV4asJuzS_TRsJehfmpN9z-8hlJ54XYdg3MLUa0fOPJYgiva0HOSXNQuADygk3zzgRgwnHsH91NlLBTwQRrtqIXAOdoInq7p2ed75k_GawSovgxp6mw/media?maxWidthPx=400&maxHeightPx=400&key=AIzaSyCz0w_6ziQlJVYzINlEK2bj_7YAIKLtE0c"",""https://places.googleapis.com/v1/places/places/ChIJr3H-oXP_0YURrT6xJr4-RY0/photos/AciIO2e0QZvXto1XJQ7fPXo0zelOh20BzxYfp1ldpiygQgdx8E4NpxZ99UF3wybq8-TNjPIKhOQMETExrSndPmppQE11E78JP1wtL4EHopGtPTEYBo7PIY8vDoMJ8zoEM89cdolUE8iqRlg-I6IT8RNVn4EKFhSq5R8rnFoP-wT7YGpSfLft6dxi5fr9sHxK5BNCu3DvGkVjCH8TlHNGO_bhu539jMxJbCUV2zSUv9j6hUX4AkvCg3SGn0sMAsMbqMvtgZ-9i4dKuHWrAsHORtqh60N2dvId2GMh4ckjaswTK--JI56Wto92mu0njjJnlxipSsCYLg_OfXWKsT6WdayzfA6dPFjMNI0kTMwT3Y0MhqUZvZwrOEAMK6YGcy463HdrKRlpjBw94FAKOLX8cyUvl73xemne4dDqTptuPlZunspKLQ/media?maxWidthPx=400&maxHeightPx=400&key=AIzaSyCz0w_6ziQlJVYzINlEK2bj_7YAIKLtE0c"",""https://places.googleapis.com/v1/places/places/ChIJr3H-oXP_0YURrT6xJr4-RY0/photos/AciIO2c2y--BHvlxkSdNnUfEV-IDyoJVy80D-yYYRVHJcybmAetPilS6KrG5z_TwWYCQfntG5WLOd1cTrqRwoK4x-e2lj8QXrsbH08bmED_rblGI3vWj0E-ibnTMST4yvKZhPfuFq764na4hlNxm66LbzWpvbGJofEFvIgVTfe_fYWkE7SDzvrAprrSwRTqNAAq5m0OGgGhmu747M-wvKKzrRc2TG9Fex6f8p1wSIO3w1IwPR7J5G3-zSwM8wb87R9ysI5R5cEIy0x3x03f0c7IQof9uzvVAMB7iKzK4lOPkmJiqdg/media?maxWidthPx=400&maxHeightPx=400&key=AIzaSyCz0w_6ziQlJVYzINlEK2bj_7YAIKLtE0c""]",,,,85,2025-09-30T19:53:03.836Z
ChIJC4N68NED0oURqlyZMUNuQ9M,ENCORE PILATES & CORE COLLECTIVE,encore-pilates-core-collective,"Edgar Allan Poe 94, Polanco, Polanco III Secc, Miguel Hidalgo, 11540 Ciudad de México, CDMX, México",,Ciudad de México,Ciudad de México,,México,19.4328444,-99.2000729,55 1111 7741,http://www.encorepilates.mx/,https://maps.google.com/?cid=15223132400316406954&g_mp=Cidnb29nbGUubWFwcy5wbGFjZXMudjEuUGxhY2VzLlNlYXJjaFRleHQQAhgEIAA,3.8,54,,,,OPERATIONAL,"domingo: 9:00 a.m. – 1:00 p.m. | lunes: 6:00 a.m. – 1:00 p.m., 5:00–9:00 p.m. | martes: 6:00 a.m. – 1:00 p.m., 5:00–9:00 p.m. | miércoles: 6:00 a.m. – 1:00 p.m., 5:00–9:00 p.m. | jueves: 6:00 a.m. – 1:00 p.m., 5:00–9:00 p.m. | viernes: 6:00 a.m. – 1:00 p.m. | sábado: 8:00 a.m. – 1:00 p.m.","gym, health, sports_activity_location, point_of_interest, establishment","[""https://places.googleapis.com/v1/places/places/ChIJC4N68NED0oURqlyZMUNuQ9M/photos/AciIO2d2jjTO188fTqgazINmJ_Qqoq36RbaDBPkdYyp7l2L1AhlIZe3rakuST-1ZuUVxMch02j0gnFIfd00v1gFOKevHIEFo6bPTh1uY0eiM4gddPwluqiHockHlmEVkKIbwYLHM2aStm2cSOSgKOMX_4t0uGM1GpR49zGEBZKfcG8qhVFdrvmlwJ7yPP4VBqIXNP_ocMGs92BN8DTFlIygxuEGOZhUprUgQDHEhkzpkl1st6qwDg7wxD3uXMzoI_jfa7jrc1JFLCXvWhvyx2wFwPaoeOY2H72XphSc6iUafEV_mpgGTQ8vEnncV3562Xxr8bMS1eyrukzA0iMbMd_j3KFJdw-uXxbs-keHlt6xN49yre7l-n0TyiZ5fqGmA51HWSb1aRUgs0wDVothqezARwcSLpYIlCK9pOepgl_jNA1PdUGw/media?maxWidthPx=400&maxHeightPx=400&key=AIzaSyCz0w_6ziQlJVYzINlEK2bj_7YAIKLtE0c"",""https://places.googleapis.com/v1/places/places/ChIJC4N68NED0oURqlyZMUNuQ9M/photos/AciIO2eTK7nMNPXnJgLALh_v3seuDyAZXdfZ-8O_4ulNkjGvY9fajTuePUT4lX5LcK-DJ4dbaqf2Zzh7p1KEaKRCwCyeJ3gSwYcmQ0Ff5qlw5Hpc-rN9WydaHV8kpXZbouqSVj8MjQFI0GS0DOzjt0V9dPLUvsxM_sUWERTWANI6iPhzRnsw5cSP8Uo96Kj2ALiVXH9GOCmvcu3g6wIBaC3ZU-JGkSl7Ec1SseHbCMHXtx2Unm2UJJjVyYIiVap0I1aRp2l8g4v4iwoNHdPsg6TkBgIE1e91BJiToRZPi84LjPGE-tW1jN5dut9zBI1S8WC8_i3YHnNu4vLgBx03krcQS0OM2BX0A6FA3iCxuJea7vRGIaYc6kApfL58-PKFZQkgcHobM8GbAEQb5Y16ydhmf7p2_ICtZ8vAG6n9dfHhMUEEFHpq/media?maxWidthPx=400&maxHeightPx=400&key=AIzaSyCz0w_6ziQlJVYzINlEK2bj_7YAIKLtE0c"",""https://places.googleapis.com/v1/places/places/ChIJC4N68NED0oURqlyZMUNuQ9M/photos/AciIO2fsYv3sH6Of0m0LIa9PF-fQyoBBuR1L4JczhPP38HEK-e88HszkGoFikmcrSPTLxMEyLkmcfrgGRgvt3AwbvhlMHc9J6xaYiQya-fuqMJTci9LwAfWT_feO46X_09kdeZUlsMvMjmYy33tKuu2cpAHS67dzJsThAIpgwMOCqMDAX1L8CeF8zM4xnanzCSDaSQ2douR9h1jKDYvNXWfdtw3gHoq7ksJJZbI4S9xhaZLoN9Ct25W0Kn_i-BTnEa6UGMs545bUAPaEZ2f-TrEyLuTPve4vbKhMDVrG7wI7FpuZjg/media?maxWidthPx=400&maxHeightPx=400&key=AIzaSyCz0w_6ziQlJVYzINlEK2bj_7YAIKLtE0c"",""https://places.googleapis.com/v1/places/places/ChIJC4N68NED0oURqlyZMUNuQ9M/photos/AciIO2e2A_PDzOGhsABu-Iust4eUagZcqa2tvo-sniEWLWNM08G0JRAo5qFZncLWMxuI-QJWdHgaUIGeNcMT5q06j5k16kdY0Bh6VfjyRwMiVQs6MKdSPy24HxYvQtwaVkoPof71FDstJBNw0ngU9Z6oj-6qv5yqDUf_grzmYashOOkYJrA9bpu4AfGuWMV2Xy-AAJKAyieb2pWSpICQWkXbTBr3RDp4UVmh3X0LIcQ5tHYU_JvHPryuM5IG8yOHl8gS_VdhX9TGzlTcW0ytF2d7jY0gDceu2bshI5s6JWt58gx6Ns1Zd8qqKaVGibegE33FLgRTc91W_ZsiYyfg31reqlgXVAdzLMdhaw43WM2I9HP-WMJAvLFAWSvcmOpd3WTfGc1aK9YxAMvM7VkssBg8GMPcPJ1A2f_GgRdBtz4-8Mq83Sst/media?maxWidthPx=400&maxHeightPx=400&key=AIzaSyCz0w_6ziQlJVYzINlEK2bj_7YAIKLtE0c"",""https://places.googleapis.com/v1/places/places/ChIJC4N68NED0oURqlyZMUNuQ9M/photos/AciIO2dKeaOJy5x8SOpRwXb_9bE6dej4kH7G0A6Qm2skfM13FYEYAmgzNqFhbmc84FEHkxCNMRD7pjYr09TWPI7rInGtTWe96pmNsxzA_1yxMkWxoNsP2HaXqSIqRopT_LbT_1Vc36l_P-19tciWC1oTSxELtw86WGgDiP6bcsdbNa_fpW51JJtF2Tcdv6PV6NDpNsP20lS6q518gOGQZhWwFjwGoCNl4Rptf6Vq0qlZoHcSaGZoMkQScL_6EJkFHHLF6ZOeVq7PUCvFINoIxdlBpB9BFGz1sQXCwsjWFuLSCkgkWw/media?maxWidthPx=400&maxHeightPx=400&key=AIzaSyCz0w_6ziQlJVYzINlEK2bj_7YAIKLtE0c""]",,,,85,2025-09-30T19:53:03.836Z
ChIJf84P4kX_0YURZMQfv73rENk,Body fitness pilates,body-fitness-pilates,"Durango 332, Roma Nte., Cuauhtémoc, 06700 Ciudad de México, CDMX, México",,Ciudad de México,Ciudad de México,,México,19.4181203,-99.1733909,55 5211 7417,http://www.bodyfitnesspilates.com/,https://maps.google.com/?cid=15641260706045609060&g_mp=Cidnb29nbGUubWFwcy5wbGFjZXMudjEuUGxhY2VzLlNlYXJjaFRleHQQAhgEIAA,4.1,39,,,,OPERATIONAL,domingo: Cerrado | lunes: 6:00 a.m. – 9:00 p.m. | martes: 6:00 a.m. – 9:00 p.m. | miércoles: 6:00 a.m. – 9:00 p.m. | jueves: 6:00 a.m. – 9:00 p.m. | viernes: 6:00 a.m. – 2:00 p.m. | sábado: 8:00 a.m. – 3:00 p.m.,"gym, sports_complex, health, sports_activity_location, point_of_interest, establishment","[""https://places.googleapis.com/v1/places/places/ChIJf84P4kX_0YURZMQfv73rENk/photos/AciIO2fMDjZQsHqsBdV_iozMtjEHXtoFA1t_oOp4bjeD4Tf_U78C-Pvjgo_XajIWsX888j41mFhw5S18cqEnRM8FC82lTmsOCLNXWsbawgnD-jy7vWn8dQslHuzPami5ysjKuxUIDm_0ygPFwCtrtyLFr6iuiLrb7G2TKfxVCkf6m46WNVRHGu0-crGb5LCqv-_Ls9B41wP8-SQgTDF3TRF5FNqw26xgWke3VainC8keOhnrhVaQzjwZ1jKYqiEltzZNljxNKirlyl2sj05176ChGMicfYFGzlRTIUi-18nSAJTIrQZBqrqtjcgRU_1KWSzZzTSDWmHcszrhLp_CidY5GcnwUMHGbpXTD8ZpaKAqHmBsu6yaVc5Xp_GGFbLLpgVTi6Eaa1V63DLUr3agzbUMW1GPVIrBH9U71Qk2DE3fFRXrx3n3/media?maxWidthPx=400&maxHeightPx=400&key=AIzaSyCz0w_6ziQlJVYzINlEK2bj_7YAIKLtE0c"",""https://places.googleapis.com/v1/places/places/ChIJf84P4kX_0YURZMQfv73rENk/photos/AciIO2dMEoIzfVj_neOZFujIBbYBkv1EwdHWqZtsyqfU6r-CV8eArhHUIlQ0Y7UkNI-U-Gz9oEs-taOVidp_4NuwTri8V08SYP-WuQLk9Z7gwE1QEZ-Cri-gztw2CRV9ZzBwH_HQYvE0FBmehEyYrbT_xYff7mPhc239A3dWDOmnBtozvbJqKouKsN73EP0H1zSPQa5IcFL865bYDSwHdrohR4o9kOH3A9A754Gd0q2Qij9ULOeqGABGM__SUtDCFT_3x3QWxTy9Y9KsgDFgeu1RPhVj6roMefpWYmkVez1vPnTXjv3WvkWG8NgLRITHO8AYEPzcqNY_aOvzt9XUiZ4-10lbqTorEHdydePeiOnJtAgJ-Utj4DLwz_YrbIsLdlCvzyzte_eQwiBrEVzXWuHzFdRiudUHHEAZm6vzAWngdhP_6A/media?maxWidthPx=400&maxHeightPx=400&key=AIzaSyCz0w_6ziQlJVYzINlEK2bj_7YAIKLtE0c"",""https://places.googleapis.com/v1/places/places/ChIJf84P4kX_0YURZMQfv73rENk/photos/AciIO2dAlaHdVg3VwXZ8qkfJy2kwmCfrvZqmVMsrpPqQByvzGta941bIH-FGQ85efxa_I18EgqLLHKaId3x6hzjF3LLoQP2n4cx3w3uM9XX3pDOePy4CYGgp8uL-WaEXNclSAZfK_EZXcnhRaQNs6GrrbDfkFXDz49cLNkuef1CAlOTw5IUOgwm4p6MlIwEeA6YXqRUJKSpVJm4YxRtjrkLLsr2-yZFP9F-gtccGoOvhfxvvu_aKB_ANm8_vBFamlzCnyIlljQoRz-7ov06xqY652ueJerG3K9KyqQXfs7sHNbwE4C2Bhn2Na5tHV4jgv5Mw8VkNNSukuUhkwqhfSh7qs1KmEFECbR2N8XwtT7kLHNY5xFFyVl1HrM4BzOTj_UKLaH2pGUhrK9Jlbp0f8rvn9GxVIQ77K8U5jB5XaWjWZAk3Mw/media?maxWidthPx=400&maxHeightPx=400&key=AIzaSyCz0w_6ziQlJVYzINlEK2bj_7YAIKLtE0c"",""https://places.googleapis.com/v1/places/places/ChIJf84P4kX_0YURZMQfv73rENk/photos/AciIO2fihFg8yEL0tLFGe3VNDXxrYqmv-vxgez9PNNG6-z0fM8berDVL_cy0slWtEIkIqDvPFNRZmnAFaRTRYubjv8vd4sFYuwNdx3Am93diqWM0xT09CSqMUairbujWWY2k03ii08Coovww-A2cXbC68Z8mDhyfNTE5rolQ5y1eflqJTEt-Nc2JPtCpDvsiyNIeFxZB2KEHENoTY_g5a_ArSG0ahGgIGBng-qo6zR2iflF4orru9Ac0xyVBRtNFHNgCNJnkSx6kFXxANrmyso8LVHVzbB6Fw4QAoQAmRkWRliF3vR_73sqRXWfWnN2THcHAXJcId4_F2sVYuymWJiR3v-x18oqld_qPgJNlMxDueVTK5C752kqFlrd7flKKCQOtB2BbMiUrBSA9FqZ8eBM4V6hyYg90qXwFuv2sfMe9Zl1ecdMQ/media?maxWidthPx=400&maxHeightPx=400&key=AIzaSyCz0w_6ziQlJVYzINlEK2bj_7YAIKLtE0c""]",,,,85,2025-09-30T19:53:03.836Z
ChIJmcumEID_0YURptAqHmN1QSI,The Mat MX,the-mat-mx,"San Luis Potosí 127, Roma Nte., Cuauhtémoc, 06700 Ciudad de México, CDMX, México",,Ciudad de México,Ciudad de México,,México,19.4140266,-99.1605354,55 3758 9176,http://www.thematmx.com/,https://maps.google.com/?cid=2468383139344076966&g_mp=Cidnb29nbGUubWFwcy5wbGFjZXMudjEuUGxhY2VzLlNlYXJjaFRleHQQAhgEIAA,4.3,87,,,,OPERATIONAL,"domingo: 8:00 a.m. – 12:00 p.m. | lunes: 7:00–11:00 a.m., 5:00–8:00 p.m. | martes: 7:00–11:00 a.m., 5:00–8:00 p.m. | miércoles: 7:00–11:00 a.m., 5:00–8:00 p.m. | jueves: 7:00–11:00 a.m., 5:00–8:00 p.m. | viernes: 7:00–11:00 a.m., 5:00–7:00 p.m. | sábado: 8:00–11:00 a.m.","gym, sports_complex, sports_activity_location, point_of_interest, health, establishment","[""https://places.googleapis.com/v1/places/places/ChIJmcumEID_0YURptAqHmN1QSI/photos/AciIO2dQQTP1faVXJS3OmZD190e21Los4trMjLrN4fwOqIeIw3pb9zqrZJGDmTWeeNd-sdKGtG6LrfUrO5WfOLUQYT7vD-3_xLCk0XjfBgff1vCdDIj0OA_voZ8q_jbB0EdaVhdY5gX_cTu-G4R94A8_fBCc_o3c4KqTiylbQ3rqzkFbEzkjWGvaOXefdzt2XYZsOZq0V_quVax-n9fLK-59VUBla5Zy1e7eEwBzGIV5Gx-GVcoF_iHsUbbQEy6CRDQTmP62agd1WLnkC7qc0fDpVqSQg1dCoVmcUcstuvjxSrsaOps2sCi7O5F3WfOmwcfB1OPr8Ms0MMI75kksWyAOUj0sSv7G32FHkDUcbc7DNc3KHevdoFA4JEaOQftnNfcflJdt48jAJqqphjGosMkGjdydakH-DbaiUTaH1K3wuE8/media?maxWidthPx=400&maxHeightPx=400&key=AIzaSyCz0w_6ziQlJVYzINlEK2bj_7YAIKLtE0c"",""https://places.googleapis.com/v1/places/places/ChIJmcumEID_0YURptAqHmN1QSI/photos/AciIO2dIRUS_q4eMm6rNHwiJYBfDyfKweBy_J3cTOFUXEcTbR-kvuWmLUzkzuzol-awyEgeWL6IRj9tMPb5rTMtlRCwQ6TnTBKfDVmKE24afdj25VT1sYHEx1nkkYzsRnmR1R0hL0U-vpyvwvCSXrleuknr1EcupnZsZQ47-RywH2hFvzuj7Engi-w7B01S1wP5BJZGb4DHlxBEradZ8STdzuUlPEaWgYYqv-vjhnnaWsR3vg7gM0m65IIgw28lsCAYBDkqnjMw2sEGW0dtgdcWmZPzMz34ZtEjPl-OBq7xYOAWWTNYJ8JNJdqEvTtcYXwL-6omTydnwuH_ri-Fp5yucnullUOzkEvimllloAZcBrgAKFJCgU1hLkmO91YFr5lKcPtShfhfEtTCkyfeqC69z92e4uvS1ZkN5vv6oBLBAHyGb9g/media?maxWidthPx=400&maxHeightPx=400&key=AIzaSyCz0w_6ziQlJVYzINlEK2bj_7YAIKLtE0c"",""https://places.googleapis.com/v1/places/places/ChIJmcumEID_0YURptAqHmN1QSI/photos/AciIO2etPQbO3SJkcLi81PLKBExbvBFWriI-1BvlCfjWBFxWyon-jEKKaJQO35n34Qa9DlBxzBHWjeF_Wb9BYreDdnrHqtWDRIozopm7ThvI_x4cMj4U5a3G3RFKts1BaSF9yjap6N-B8X59TPVVCy5IhYEivdB2cC-fJgLy8w0_75YaR2-74YJdR884fCRmYOiJjIJvrfqpEqdZeK3oAQZA-wExBSCp92nGIJFek6KSwpGLrJXtPltesJF3KH22_kWbrttJmadnOh3YjAeowCl9Nkb44eaZ2QCJvwqV8qFk2Mh54L7hyFxJsp0ScEwuz7UXgKXTe6jldvkwD4EFmP2n9fdfuhhAo0hFSw80tsd53sxrYxj7t2Ttmf_JSiFEiPDOap_bmvRol5jkvIIT2haKC88KMNIOorJt9WDl_9v77aU/media?maxWidthPx=400&maxHeightPx=400&key=AIzaSyCz0w_6ziQlJVYzINlEK2bj_7YAIKLtE0c"",""https://places.googleapis.com/v1/places/places/ChIJmcumEID_0YURptAqHmN1QSI/photos/AciIO2eol4vfMkvQy66AAu21iqIHpG-pO_Ntq8JYLZZFhvSzdqBgvtBoVIThM7sStirf_KCQclVNc6DB3L_anQyDEGXUn1C7KbAvUROBFb6KKt15eVHUjPH8wxAZKIhOEZSSOlU6Q5rrhQQTebw0JyM5OhGOfLcXk01MmiVDmM7E1eHw-q1CH5v1PVoUej4deY_nMChdE00wtTByq0uTwe2Sp5Ot9lAhSF0ERSMW0Aq0nezcFJ7W3YlDGHjUpHT7KTx65qxl8jl0owy64WZCfBx0pPR-s0kc8r2uVPhzykF22ibP5g/media?maxWidthPx=400&maxHeightPx=400&key=AIzaSyCz0w_6ziQlJVYzINlEK2bj_7YAIKLtE0c"",""https://places.googleapis.com/v1/places/places/ChIJmcumEID_0YURptAqHmN1QSI/photos/AciIO2fmK-VqRNb2lczHJU1C8nNOsqUvoCAG4UZ3Ev1anLq0DvnkOJSEKwJitCCyST6UGghazclwZzy5ZNqt80yQagh0x_jEbWWrP29ppfYdD2IqKJL4rnvBvnpmrS040gke9G1_vCSAPqThcFP30u2oFTgf1RBjZtQIf5dMSpb_vbJr5M7O3JFAB8q1unx9ZPNmDCgCvQP7ChP-zc7jJdY_UTHuy8a--4h2TD8skLwFYCQq090Zkvs-EoAoT418eoOEqa-vfOU4dUekvLr_HQkrX_ykGa4IClaeAh1WR30NrKdO2DefDrcz5iKPKACSLIJAcMARRzy7hK19WzNVI2Z_UhYcYxRuFLWNMRksQu2QUfgA_px184VW-5lNOmTL3EGuQc0bGVduL0ptjMyJNDDE8hZphgDcUiPM_oB39-uOb8c/media?maxWidthPx=400&maxHeightPx=400&key=AIzaSyCz0w_6ziQlJVYzINlEK2bj_7YAIKLtE0c""]",,,,85,2025-09-30T19:53:03.836Z
ChIJl4EZ0VABzoURZ7GGJSQCibc,Soma Pilates Reformer & Mat | Yoga | Barré | Sculpt,soma-pilates-reformer-mat-yoga-barre-sculpt,"Santa Ursula 28, Sta Úrsula Xitla, Tlalpan, 14420 Ciudad de México, CDMX, México",,Ciudad de México,Ciudad de México,,México,19.283452699999998,-99.17600209999999,55 3432 5126,https://my.fitune.io/soma-studio-pilates/activities?date=2025-07-04&fbclid=PAQ0xDSwMu91BleHRuA2FlbQIxMQABp6IXpuehOlY0cywvRZH19IPJdeSB0LJq5iVvgRRvdwqD7Q6rcE3fznO3nFAL_aem_-1zNxJacH10He_cRm0aleQ,https://maps.google.com/?cid=13225104135021834599&g_mp=Cidnb29nbGUubWFwcy5wbGFjZXMudjEuUGxhY2VzLlNlYXJjaFRleHQQAhgEIAA,5,5,,,,OPERATIONAL,domingo: 9:00 a.m. – 1:00 p.m. | lunes: 7:00 a.m. – 9:00 p.m. | martes: 7:00 a.m. – 9:00 p.m. | miércoles: 6:30 a.m. – 9:00 p.m. | jueves: 7:00 a.m. – 9:00 p.m. | viernes: 7:00 a.m. – 8:00 p.m. | sábado: 8:00 a.m. – 1:00 p.m.,"gym, sports_complex, sports_activity_location, point_of_interest, health, establishment","[""https://places.googleapis.com/v1/places/places/ChIJl4EZ0VABzoURZ7GGJSQCibc/photos/AciIO2cNPyL5fPlkbEEejMo-5DY-8f3msFuO_LKjTQvx_Zj9ngcuBYsLH7D-qjFINf79nEXoCbhlcB8HYYEUazzbn9FKns3Bp2ohtB0F-ct5MMLeEN0-q4fc6BxtkgH_EEJY54_QMfbK5Z52e0yhYz06_O5SP5GPgrdq8SsoBOBa--W2OWisoKW8sEX5pppUtwuCx7ib6RIQvvcXcxiN5cbygGriZVFoZTYrY6vWX0momqou6SxgxdfiSaEodBy3B-OPzrLlT3qFxBl9vdSMleG1ADdrfzxIRy25PfbheDGBjrdVaP1cB6LZ40cRM3CRzX93BxWDUwKbfTlObORi4aDCbFqdfycFQOUWjHKI2cU0X_xkwWCIJIga6zhbfAYAvoX0Pb3Cdp6TfNDmAKWAcv5XNsDQFxv-usogY2Z0Xpw-Kz5NA0cwOuBJ0mAogV70lQ/media?maxWidthPx=400&maxHeightPx=400&key=AIzaSyCz0w_6ziQlJVYzINlEK2bj_7YAIKLtE0c"",""https://places.googleapis.com/v1/places/places/ChIJl4EZ0VABzoURZ7GGJSQCibc/photos/AciIO2fjckEZfRgcQrKmaaxg6_Rrrsd4iOJ_bhBZgxXO109yJce1WWObHFQOVd3jd8AHS3Tqa1DYzEf6LVsnKbbdSj3Mb6e44l92_rSsPjJI3_1ZROs6zccKZ3R0flUiFPgCP4DcBq33ZoqfiRAkNRawyai05nQ3Ru-V07wwRfEqwt6taiHPOTbRYqkahSm4cV_dvM9dPnaI3SiA_q4rRrgvFrpUDfhkzn-yp9rxG3H_TzHpsxit2x8Ovg4MSAWiKLqsfVZaaga6cbEGunbBSdxDNAqqlVZLKQjzRLJL0TPtGlCuA1FmbzjcPXq_i8pNbpjKNkyKXbHwKEvoJS1_ZncsTHKUynb0_XqwSUTVvFa9EsRPbA-2_rOEWNFhUdcQ9mDRKyRuMZ362MCdEn16BsGxYOQYITV-V-e1KF3OGarunJv7iEPA07s4cs5ypnl42bDM/media?maxWidthPx=400&maxHeightPx=400&key=AIzaSyCz0w_6ziQlJVYzINlEK2bj_7YAIKLtE0c"",""https://places.googleapis.com/v1/places/places/ChIJl4EZ0VABzoURZ7GGJSQCibc/photos/AciIO2fOlpbt3V6oJUp84djoHWyiyIB6nlTB44Bt9IapaprTksp1ErXuy8t-Bk81OakAQXKtHF7sipAGP4BvfKEF-WZWXnfulcRKDQKIXUyydPdS_fBpXcvlG02PRexiq-UI0HzNUgMU9sU-lFP-cJPKVKUBIgC-L9oFPrruZMchOtXsVC5c4Rkcw1IhiyB7M5MAXSO82oWN1ChHpe_ZJI7VwF3ZpaVuCHdUg9P0znMHP63Ig6pmcOnjV1yjOP8xvp0iTlg-6XQPXH5uOgkU2l4QI1R5wx_xrKwHaOpWu7bx2YhCVw/media?maxWidthPx=400&maxHeightPx=400&key=AIzaSyCz0w_6ziQlJVYzINlEK2bj_7YAIKLtE0c"",""https://places.googleapis.com/v1/places/places/ChIJl4EZ0VABzoURZ7GGJSQCibc/photos/AciIO2dZao-RNT1V0PcKujFDo33uKMiL4dlB04YNSz3wk7RebWxhdHbqNQcqQ5GmLSFbmH_NgTR-HNV0C_njqQF6FLyqGN5trXJtcVGura9VY1xh2JrVb5FajybOfDP_7e7nPehgSHg2N0E3_AuSTDRD_k_7YF21mlNc0BmMw-rO8N8A85RSFdszlqvOS0dkR6_OrKielYBwcFrIodUUDBEe-x30JUyNaUrT2vUvCId3VsjLNt8LtrHxawmM3TJhUo7OxnVKwOiGkIn4eC-hNLNpsynLSkrczLov6Hw2m6GvbEQ-4g/media?maxWidthPx=400&maxHeightPx=400&key=AIzaSyCz0w_6ziQlJVYzINlEK2bj_7YAIKLtE0c""]",,,,85,2025-09-30T19:53:03.837Z
ChIJ42utcSb_0YURVoWYKeKT8wM,PILATES,pilates,"03900 jose ma velasco no 63bis, Col, San José Insurgentes, Benito Juárez, 03900 Ciudad de México, CDMX, México",,Ciudad de México,Ciudad de México,,México,19.3641966,-99.18593249999999,55 2991 8194,,https://maps.google.com/?cid=284733801024226646&g_mp=Cidnb29nbGUubWFwcy5wbGFjZXMudjEuUGxhY2VzLlNlYXJjaFRleHQQAhgEIAA,5,19,,,,OPERATIONAL,domingo: Cerrado | lunes: 6:00 a.m. – 7:00 p.m. | martes: 6:00 a.m. – 7:00 p.m. | miércoles: 6:00 a.m. – 7:00 p.m. | jueves: 6:00 a.m. – 7:00 p.m. | viernes: 6:00 a.m. – 7:00 p.m. | sábado: Cerrado,"gym, sports_complex, sports_activity_location, point_of_interest, health, establishment","[""https://places.googleapis.com/v1/places/places/ChIJ42utcSb_0YURVoWYKeKT8wM/photos/AciIO2eTwgSUllroOCsCF6Po4C_nHDmDeFftj3jBglIB9QSEPVUYqUkA5Bg_So-gEJ9XiQR77qPho34-iJ9G8p5bFwUDZUVpfmbootFzDHfXte3kswiUQGpcSDIyPHmEBLTP5QcIFIeeGMDjYGZb0C8UpYj32-YTSP6bve1vgbOYEr9YsyD9gdVFVHqZxZ1FXsH9erA-Y3r0XiV1FTQYj7nEnkuY1nqCPv6A-wvejDdTaD0uyB3SEICflcLjBDycKtxgTbgu_eEV07XU5a2V6-nBADSCFP3dP8EaCwvquoeX7BLwSoy2Fh5CppKC6kEflUheVbubMB5ZFbW6o-ICC1BzFi_iZpiEgaJBhaOL3hyn_WXzPcUBrMWW3xidQ79Yt8nS4yykEAAuCbQjxW-6Iyd_mZVB6eCi6fxiBaq4pQXuvdq2Xw/media?maxWidthPx=400&maxHeightPx=400&key=AIzaSyCz0w_6ziQlJVYzINlEK2bj_7YAIKLtE0c"",""https://places.googleapis.com/v1/places/places/ChIJ42utcSb_0YURVoWYKeKT8wM/photos/AciIO2ev-zuaK1JUcZ7m7TzUax3Rtc_1hzQxbTMK442cKLXSxxhAEkrUn1CiUSULcnGj31wedQzLVgxAWRK6m-PyKfXszmYty3-gZjoQfVW8Ab556rO_pW54uZf1GlgTFYl_tBwYds9QIN763YxrLHOJTn2Lq9z87wZ1SHCeaorEba7Cr9B4LlwpoRI7Wmf6TEkEkAn9k4EPdnTFhEBpxu-30Ut_SLaNOts0KuoU-dzQHPb4zf0GWnfMbBaMKE4vOXVZ2GzBMfriijIsM0EQdfD8aT8ucpiCwuZjJA3PNFONmVu-GPdFQpTShTOgYBg4sKPjVnTZ5PUVFd8zzLziadNd_x1XKoptNPAr-J7KfKjIRi5UY9Ya_fFquDJ86Xx71jpBX5sY9Th61LM5qGsE6WSvvniSWmlpaZUpFzpGWWFqnlnHHA/media?maxWidthPx=400&maxHeightPx=400&key=AIzaSyCz0w_6ziQlJVYzINlEK2bj_7YAIKLtE0c"",""https://places.googleapis.com/v1/places/places/ChIJ42utcSb_0YURVoWYKeKT8wM/photos/AciIO2dczs-iCesBX1isy45g7QX0wxgnAntrObf_dMrAQmaxd4SdTYYqPXiJZpDXZyqj5TqkIlMDhIBOhTeTxLDHurRF-RZzKYXnzpyk_hobKHeptkWdwQoNSWBlDaqc6Ph9ebm00IjTnTz7lqU6bPig4peduubX9f7pCFDxXS61YiDeQBQg8ZAdv3HBdwCAeSpzerhFyY4C6O9IKOG3aDdHROGeg-7qj40XrP1CXpbIprRnDTufJIya00Ubgr5biqfHT0s4iN5B2rG6HE940nKLBFX6jR-Q-8-PjqURMW_pZSvrqNDebpC4u2Yb9d9sj0bPuNiVXqWgemtC3HeatwiaMa-sAowU6znIZN06Vw3qjEgOIg5kBuHZtTsNz2FqagDmZHaFapppeNlcQajBJ7rHrdAd98Wf3PkEmyYhivPvClQHvbWm/media?maxWidthPx=400&maxHeightPx=400&key=AIzaSyCz0w_6ziQlJVYzINlEK2bj_7YAIKLtE0c"",""https://places.googleapis.com/v1/places/places/ChIJ42utcSb_0YURVoWYKeKT8wM/photos/AciIO2fS7ZOCmmqMYZPc4rkuf0DfRE4qAmVfRilq1kfiTcW2PLnoncuCIhgxY2-_U52kIyNgIZutf3uM0kFo5ByPmArHK71xAImi8Ps1j3KJnyvvGojOXT629bcCQhyXkvy0zLb-1GyceL4X0wusTgjyA3J3KeyYMEcHpWQ3w8fAqP-z7bYQxYcx3iPvnBo_t2ecjAnJHjapaXW9d4rHjgr3nW8I1o46g3sHmluQHPcouRCbjUZYZQOOyZQWIMshQamOWvMP3nyJbrWV61c56QsSGTR0AjTgQZFtKKc579ddjqrBFRRtj-i37_NbUW_dUxJhJdhDS0teucpOCFWX0BFSB9IxqaiaZXdUF6JjHokQAOUE5mS3f2uV-W-SBXFHLtHDjZqwwVKSVi7o3LmBr8kep72p1UDI3fGji4obmhkFGXO1oOsi/media?maxWidthPx=400&maxHeightPx=400&key=AIzaSyCz0w_6ziQlJVYzINlEK2bj_7YAIKLtE0c"",""https://places.googleapis.com/v1/places/places/ChIJ42utcSb_0YURVoWYKeKT8wM/photos/AciIO2f-pooxQVRWEd4gPEL8x-S4L08C3LTswPQqXYlIPTdxSwP_C7fy2d3xYLkQKIiG29SawaBTmocZ2Ydx_PPXIpTUr5qwQ-hFWMQI5Tb9V1N1qyokHkw7C2iZNn-ujT5ct5FWGwqeyEoIlqhpKLYfO-b3Q-qGp61g811r48MwRpypazEfT6rUBMKMYuMA5HCesARdimTQG_7dSlygNwVI2CgLePE0NdJXibGJcy-yFE6jJe1Qqm0Cdn5sI1AYrdCaDt4OkKJEs7Udm62y3EOmqg9fIIeScWBK4uS6cU_aSa3MNm2Zk0xLO35eGJum9ojjGR4JUnGVpc0ghiy-aB6xo3_fNoxxiuVeLfogHBpIa80AE7WLi6j8pmRgd-XCGYahSbEquYjDzxMLzLqewoUZQ2EsuRBbb2xEeLsxtF4dxJfPuA/media?maxWidthPx=400&maxHeightPx=400&key=AIzaSyCz0w_6ziQlJVYzINlEK2bj_7YAIKLtE0c""]",,,,75,2025-09-30T19:53:03.837Z
ChIJt4YiZMX_0YURfWTG_q9YJ_Y,Entre Tapetes y Pilates,entre-tapetes-y-pilates,"Av. de los Insurgentes Sur 216-1 er piso, Roma Nte., Cuauhtémoc, 06700 Ciudad de México, CDMX, México",,Ciudad de México,Ciudad de México,,México,19.4196058,-99.1639405,55 4007 1248,https://www.instagram.com/entretapetesypilatesmx?igsh=MTh1ODdjb3E3b2p1OQ==,https://maps.google.com/?cid=17737243170338923645&g_mp=Cidnb29nbGUubWFwcy5wbGFjZXMudjEuUGxhY2VzLlNlYXJjaFRleHQQAhgEIAA,5,11,,,,OPERATIONAL,domingo: 8:00–11:00 a.m. | lunes: 4:00–9:00 p.m. | martes: 4:00–9:00 p.m. | miércoles: 4:00–9:00 p.m. | jueves: 4:00–9:00 p.m. | viernes: 4:00–8:00 p.m. | sábado: 9:00–11:00 a.m.,"gym, sports_complex, sports_activity_location, point_of_interest, health, establishment","[""https://places.googleapis.com/v1/places/places/ChIJt4YiZMX_0YURfWTG_q9YJ_Y/photos/AciIO2dVERYFa2jIWNCH5SgTLsgM9Rtp_wDdHxYlZmH4fVERfkw95zscUI4zGpENaBSPg1YpvC0dBG11n_j-Op5FC04T1LNzwKvY-gIkdIcknGoB8hvR2rIlVabYswGlrW_TVDZ2NLHzNIIrn_1Do7D6Em0AMcSz3qYWSCkSu6gb0PfFIoTij23Mhu_97n2_9Mm9v3Tx4gdDOZ1NKwSEgQME6PqGRLiB2sYrqBAseehePw0Mt7-0eWlIo-wpWCYKLXOyFATVuc8RijcSKHDSzg0gJXnd1E5vZ4xQXYez-I4RBHajZw/media?maxWidthPx=400&maxHeightPx=400&key=AIzaSyCz0w_6ziQlJVYzINlEK2bj_7YAIKLtE0c"",""https://places.googleapis.com/v1/places/places/ChIJt4YiZMX_0YURfWTG_q9YJ_Y/photos/AciIO2f0RUEr_Y8_Xp1k3EOBc37U-M4XkGy8lqBKdEmZ2VoVDjWklQ2UJgcyXArHb_bYVCMUf6HApbYazliN89JX-CLyHIN2ieO76vs361kXM5qZTO4UxruRhUr7wAaik57TH4dog-v29KKgNWNL8S_58vBLIjAhlkElrk--K-cdqkrUYaXJaXa7SmrK0Q9CtceA3TTd2JKUbtMrZ9W97PYc80NtDA0n9IMFKah-MiQdXXHaqPY7U15VzJQyYygdwI_Cp7oUlEEpQLR9xVN4Wc7whdPSnXSmn-lcuLWsTugTntVPkw/media?maxWidthPx=400&maxHeightPx=400&key=AIzaSyCz0w_6ziQlJVYzINlEK2bj_7YAIKLtE0c"",""https://places.googleapis.com/v1/places/places/ChIJt4YiZMX_0YURfWTG_q9YJ_Y/photos/AciIO2d0qM113pZxvc5o3TG6KJg3MRMGa4hweVZi48Wc4ofT2rS-iekmUaJoI0rOSxTJJEvEYXg7PKOjz8S_DjK38VOhjmQIbPHzSi2zPhJhluJx6mzVL80fFfVz7ZKfYc2eIQ4yzQuc1A03eLE9kKBjU_a8x3FsGS_WsLamcn41jSqrUp8EVyqzo9xgvimelspjKEOhanZvQkpEezpOyGRM8MLpzhXx-QSnd4cbLgmMhXYl-_uR7e8fEgUC7-CNXLlWFyJvXhSX4c4ZIx3hqbPkTmDD2eTOnQLSG5YgHFTrCIwog1M5YUuE_v1SAUGVKy5b1iGDqYJTFt0RASs0clKaZBZUYxLrsFaFBBYEhAv0DjSaLIK0rx8EClIehfVeSgYqH8tXZ-g-WgfAUVkuvtIUB9XTfQrJgiNzITP7orVRpUG4dXA/media?maxWidthPx=400&maxHeightPx=400&key=AIzaSyCz0w_6ziQlJVYzINlEK2bj_7YAIKLtE0c"",""https://places.googleapis.com/v1/places/places/ChIJt4YiZMX_0YURfWTG_q9YJ_Y/photos/AciIO2cBXQYP2oJCX8DW1dqD1wQhPPp0qDuA0pOEAx7y07nJEE9lDFa_eOtzEoKh9SsRB4okfewDW1YcHGahEpvCNcndfXCbDMyx-vqltgjsMvht_xwgfrchKrNAw_7GNBT7UH942bb9_NJF20ZnxRrcoxzKcdKWm1I0Ja0zCaf1p6dUtNB5qxNoycLb4K3l9M7_jNsFM7zNOVUxUd6hRMuVXehgnVSes55Gm6W55-gBxp9DbOhaZggD6NpCwNBhIM-eh69fBfpqk_0PG4kTlHLeqrvI5DjuAmcQsijeQv9AuQq8Xe7c32V9njjmK0-MnRc1kIhjOoIDABjOnN9KOVaNSfkSky-xTFA2SDy0PV6qqJDdelmLK7rNfae85k4qTldJErTXpX0D3fx-EXKucNwxWZrcKqFbuDw2lW-Ijei-_NJoxjco/media?maxWidthPx=400&maxHeightPx=400&key=AIzaSyCz0w_6ziQlJVYzINlEK2bj_7YAIKLtE0c"",""https://places.googleapis.com/v1/places/places/ChIJt4YiZMX_0YURfWTG_q9YJ_Y/photos/AciIO2cAhv5iiut0G9AHXFqttb6E5fuW0Gkr6yzcbj20yKrCLWzwE9imYtlSFxmfDFdLFM4CtGdK_CWvJsYTu2G8GQj6kFE4T0n5liX8oflvMtXt52yNsKi53SoVkPlwIFbAYWxyW3b8JFRrCFye-Qjlgd5tFHM0DJ-dop8_0Zy-HU4sk5i2FBbYHHGOkqtGfCmoB-dN-TJffsdqt_m3HaxGPyb7bmOxr4ex8swnaPGDn2GwNu--6JOJfZPReFQdtGvf2EllAGzDJ3koRRe0bQej8xNwdHVkWyXeEFbtrolwxZ0u1Q/media?maxWidthPx=400&maxHeightPx=400&key=AIzaSyCz0w_6ziQlJVYzINlEK2bj_7YAIKLtE0c""]",,,,85,2025-09-30T19:53:03.837Z
ChIJ46A7IgD_0YURswYkM7BEeFI,Duna Studio,duna-studio,"Cda. de la Paz 15, Escandón I Secc, Miguel Hidalgo, 11800 Ciudad de México, CDMX, México",,Ciudad de México,Ciudad de México,,México,19.4047563,-99.18207729999999,33 2890 3362,https://dunastudio.space/,https://maps.google.com/?cid=5942575231878301363&g_mp=Cidnb29nbGUubWFwcy5wbGFjZXMudjEuUGxhY2VzLlNlYXJjaFRleHQQAhgEIAA,5,17,,,,OPERATIONAL,"domingo: 8:00–11:00 a.m. | lunes: 6:00–11:00 a.m., 5:00–9:00 p.m. | martes: 6:00–11:00 a.m., 5:00–9:00 p.m. | miércoles: 6:00–11:00 a.m., 5:00–9:00 p.m. | jueves: 6:00–11:00 a.m., 5:00–9:00 p.m. | viernes: 6:00–11:00 a.m., 5:00–7:00 p.m. | sábado: 8:00–11:00 a.m.","wellness_center, yoga_studio, fitness_center, gym, sports_complex, sports_activity_location, point_of_interest, health, establishment","[""https://places.googleapis.com/v1/places/places/ChIJ46A7IgD_0YURswYkM7BEeFI/photos/AciIO2fbYndPyaMkpLSkppD-PvUGTICfgaebXfq0sdP7JvR1Ssb6R75QBHTGWFBMUQeTIz-eYzzXmIDHkeJdUGZVHkrdUJck9mEXrcJxepQU3kwDqx_bNSznDOaFevkt3j24rzlHuegmw_J-ePurf8WW6aiU1-13I4X3-iWz2ci8KAzGFi32aXbS01l5hu0GnrtEgbDPE-YVAoZ7OKpebpPuMR6Z6KlRDNDVxYbo3sOYuPB377p3-DTwwk7t01DidLQdSO5-vTeiut6tAMJsMuh1WSziZG7DKz7Rzxzig49S5TYtmUloYVeuJyRtkZg7O_WwQlt9pSqo5xSyQQM5WHdgK3YXD3nsxnapJUAlthub_yTwf2BA1swAQDv-tB0pVbt2HijvoeAGX2LzdU8wKJgPRv8NTvcvEYDmwdUWZg-F5EkII4hKZ8XKzOMc63AW67tV/media?maxWidthPx=400&maxHeightPx=400&key=AIzaSyCz0w_6ziQlJVYzINlEK2bj_7YAIKLtE0c"",""https://places.googleapis.com/v1/places/places/ChIJ46A7IgD_0YURswYkM7BEeFI/photos/AciIO2fbOyMvjSIMarNmvZwxA1dzA_mUKxSIyOX98bfKNBRxIssSkwGdHN4yL8egQtic1CGvC_AjR2UVedBHby7AgGO_U370C5HuKC3IOwsIaaAsLhM_p-0jOq9uYl9ST6gjlxJHabTR5e3PxL7tjgkQA3aRDKaZdbWNjpqOoTGXOd4MXp-_i5rSH_IUJ50A45j90RAM-9DgbCg_9Wz6phqfYme2im4ZNTKMRBTbAYsed0sHVftwC217imkCGIBd_FkKvYgJAOuhPhEl1UixoSkhQgMBsmKnWpMNL78sInuWQofvWA/media?maxWidthPx=400&maxHeightPx=400&key=AIzaSyCz0w_6ziQlJVYzINlEK2bj_7YAIKLtE0c"",""https://places.googleapis.com/v1/places/places/ChIJ46A7IgD_0YURswYkM7BEeFI/photos/AciIO2dECof6ah4MwB9msN9aQKwNQ5k2pNidP_cpQBdXca9MKmeHDvM3CXyEBpPF12cPNN6D0z1wGohxa9XiuQlmZxeY72HjChYHTEWuiYrElrr94LQWJTokQWJsv7AY1Oyyd7PJBsItNfrGPlZL7iDw1WD25qGokEgrNzqO1kN9BRDozx1v0dJnmSjswZXn928V-ZBWGkyT7hxCFt3fgvAUFePgexOuUM6niX_WNQ9SpPKKbJ9XmHctztPwYr3vE0eg5FRIE1jS3ZyiI3Z0PBjPBQGodz1AaSY4kJLB43xlU6aTXQ/media?maxWidthPx=400&maxHeightPx=400&key=AIzaSyCz0w_6ziQlJVYzINlEK2bj_7YAIKLtE0c"",""https://places.googleapis.com/v1/places/places/ChIJ46A7IgD_0YURswYkM7BEeFI/photos/AciIO2cke_1B5X39WagQWXDd6ePOmy9iEvQI0CWn2PihauBtvX4U241E696V-CQojhGXffXFGmdf6BWHQCB0Uu1luleflxzye_qGm9J6QnAcYHogkdQ2OxPDwgW7PhUW1D1BtfLaDaGgBYo2m6tHmnhp2YUmq_5srY-7T3lj9ZTFIB0tpZJukJ-j2M5kuebgZ6cWq06E916jOkPjT-pDqdj4EQFS2cTwy3-VYIXId68mFMFYz4sFz6Yzjd51bEzIMjrUiznS5MtwvCnugtktWSKvb1csMr3cdQDGJY-CCZhFIN0Y16aCQHVg7LyXIVKLxZS7z3ORS4u8h8oH0sbkDGz4W_wK61gm40UIjYZxOBIyogvTmfy0zcE9VRon8YpzkGo1VkmW0b-GCmoYs-E_u-t4Wxj3yMEUumzFM628TSi_bMqSngSafTx7ajDXDhJ90oWH/media?maxWidthPx=400&maxHeightPx=400&key=AIzaSyCz0w_6ziQlJVYzINlEK2bj_7YAIKLtE0c"",""https://places.googleapis.com/v1/places/places/ChIJ46A7IgD_0YURswYkM7BEeFI/photos/AciIO2esJ4tiaLAPrIfQQLL8IKKzZbOVDzCeR6XmmLPSZn2l9Gbl9cbZUnr4qjYYoToVj3j4LJNKQO-W1Qs1tiwwljVns3AuRDSJtJKR5bF4t_lnm6MKmjbwZkuBUJKqeb-9xgqZnA0Vubr7X3aQATPEKv0uDojJXob8TiyxXw3jnjIv8mxo57Mf68RchEZhPOW_yu-wkgLJwZeu86P9qBrNMUXDpZ1eIYkF8TP4axEtYs2jIBR_kF07v6CeBsXOow1j6ny3bF_O50VqJj86XKTNu27C7UpzhgHSFhvF9zPcmvGACNbTcG3KOO2YJgEyE4OmAwRQdBemjDIbDTArimLiQ1lTUxlRqG0R1T8Dg5ZlZieoN1Wxmpl6ZDQelGVOAGdNCFy5zFgjq6vd0wDuPfDDaoaoKBf5bmW8Vc6SLUQVWvPIDUXxaEk3s6trd-gwcOfO/media?maxWidthPx=400&maxHeightPx=400&key=AIzaSyCz0w_6ziQlJVYzINlEK2bj_7YAIKLtE0c""]",,,,85,2025-09-30T19:53:03.837Z
ChIJzxbSJOn_0YURiIt2G8aBmYI,MAAT Methodo,maat-methodo,"Fernando Montes de Oca 69-Int. 201, Colonia Condesa, Cuauhtémoc, 06140 Ciudad de México, CDMX, México",,Ciudad de México,Ciudad de México,,México,19.4137044,-99.1758241,55 3500 0939,https://www.instagram.com/maat.methodo/,https://maps.google.com/?cid=9410695584231623560&g_mp=Cidnb29nbGUubWFwcy5wbGFjZXMudjEuUGxhY2VzLlNlYXJjaFRleHQQAhgEIAA,5,6,,,,OPERATIONAL,"domingo: Cerrado | lunes: 7:00–11:00 a.m., 5:00–9:00 p.m. | martes: 7:00–11:00 a.m., 5:00–9:00 p.m. | miércoles: 7:00–11:00 a.m., 5:00–9:00 p.m. | jueves: 7:00–11:00 a.m., 5:00–9:00 p.m. | viernes: 7:00–11:00 a.m., 5:00–9:00 p.m. | sábado: 8:00 a.m. – 12:00 p.m.","gym, sports_complex, sports_activity_location, point_of_interest, health, establishment","[""https://places.googleapis.com/v1/places/places/ChIJzxbSJOn_0YURiIt2G8aBmYI/photos/AciIO2f8_Ru3Z-aJceMMfx1cG-YyYLdvatVFDqtdENqmEu_Hefi-9vwPhDz7SrQhs5ijtlgFg9izcfAIfmOsercFe4Nlck0Qsp6wJfbd1Lo0oC9FgztKioObw3vMUxFek8Qfu09eu5SzVVZ7rzU-BuXFPBRYTe123NCB8BZgb_fFj8ZPuEEpZDndwIgOATYw8XfrfAPsY50FwHbnbmomB6tz7gohgCiyDS6V8XDrrKXHVKqLUnbupXCJFmobtoiS_UVga1bwhAv77kEtGNnWfP7UBAfWoKccA39jI9nPLEEtw3v--A/media?maxWidthPx=400&maxHeightPx=400&key=AIzaSyCz0w_6ziQlJVYzINlEK2bj_7YAIKLtE0c"",""https://places.googleapis.com/v1/places/places/ChIJzxbSJOn_0YURiIt2G8aBmYI/photos/AciIO2eoE4RwWFPJYVYmx-QTDwUwnFpZdXafHbhrUoXp8JJWofvAELwxiPPvJZgpuNDHxgmxir28OR90ytXqjwKKb71-R71_JsSoRkUhm2b1Ycnc-ptPhn6jD6z7BJrvVqNggQ61KzfCrH5a1k_U4vX8gPjov03z5nPYByQ88HZEN6OFolMiprx5kjmP2zDeJ-MV3BMiaKg9YhKihAkpFA-81xyXmByO7vS5Lem9P5N8vk43zrvmocSX8EYE2z1MMuCHWCzRkJzSJR-eUWCvBo5Z6EJ9gde29KCvIumH_8XWrNPZU-Hc7j9ZSZso1xX0bQHPJf0cdb6gJpvdJqncX0Ec5JTTjccFsc3ZGHjjMCsOtVuCXgI-TGCvC3DZ73_5_OnHVN-nwiducrU59z_DzsPgaOU8YiPC4tG6-TbF6fWXaJQhHQ/media?maxWidthPx=400&maxHeightPx=400&key=AIzaSyCz0w_6ziQlJVYzINlEK2bj_7YAIKLtE0c"",""https://places.googleapis.com/v1/places/places/ChIJzxbSJOn_0YURiIt2G8aBmYI/photos/AciIO2cmS9EU2FELdGAFPzi-6YKXsM08GbGFBXqC-G4byjugG6mM0L_hw3tjqR_LiSyqt1cPw7sqHVlDWZBsSUAHL_NrBqgoMwnGicDG3LH72nr0fQKs5kcundizENHA9G7nHi4gEd5puTpjKzGJy88AiCW2348tYXociPDEdJuPwQsHVhebEI6XSyEJq8LbgTnWueuVV-Np9bOuuEkOyHj8I-ZBfxYeuPuhyaCamqzdurk5Jo6HAkCcm9Ms9XMBGUS63tdfOLjZ0AcLddYGmtoByK45kg39I-8HYZb8chXyp22DcA/media?maxWidthPx=400&maxHeightPx=400&key=AIzaSyCz0w_6ziQlJVYzINlEK2bj_7YAIKLtE0c"",""https://places.googleapis.com/v1/places/places/ChIJzxbSJOn_0YURiIt2G8aBmYI/photos/AciIO2eZpw58ERlmZjuM2JWpDluMItlsiDhZIwszt7m9rHDsmLa_B2khQBxwFdRQNWzIBzUOwC0_baQ1fited-D7O_NZT9_vGPfGrHfM3kUZUyyjHJCPZr8tuGuB1DRR9SN93trdijbF1P563IvaPKeeW2_HaK0C5Umo79Q-yVop2rCun5oK8sRm3LXodxfeby8FoJdr0ByOzbR2-7dTT97omwi1G55gWecv3oHcMYSJ6F2j0lOrRu3YXeipBen0bqFaNxpc2mCVBmXOjMfVZy9YPsB4rSsAro7KDhvomD4PBCLRjw/media?maxWidthPx=400&maxHeightPx=400&key=AIzaSyCz0w_6ziQlJVYzINlEK2bj_7YAIKLtE0c""]",,,,85,2025-09-30T19:53:03.837Z
ChIJMdoDTFYB0oUROOmNwdEhNpQ,The Fit Pilates Lomas,the-fit-pilates-lomas,"Monte Athos 385, Lomas de Chapultepec, Miguel Hidalgo, 11000 Ciudad de México, CDMX, México",,Ciudad de México,Ciudad de México,,México,19.4192273,-99.21489509999999,55 1857 6328,https://fitpilates.mx/,https://maps.google.com/?cid=10679760751134894392&g_mp=Cidnb29nbGUubWFwcy5wbGFjZXMudjEuUGxhY2VzLlNlYXJjaFRleHQQAhgEIAA,4.5,37,,,,OPERATIONAL,domingo: 7:00 a.m. – 9:00 p.m. | lunes: 6:00 a.m. – 9:00 p.m. | martes: 7:00 a.m. – 9:00 p.m. | miércoles: 7:00 a.m. – 9:00 p.m. | jueves: 7:00 a.m. – 9:00 p.m. | viernes: 7:00 a.m. – 9:00 p.m. | sábado: 7:00 a.m. – 9:00 p.m.,"gym, sports_complex, sports_activity_location, point_of_interest, health, establishment","[""https://places.googleapis.com/v1/places/places/ChIJMdoDTFYB0oUROOmNwdEhNpQ/photos/AciIO2cYbun-Ue6dswww0IH0Mj7PK78jpC1kG6zx2IerNdVZH0wdfsLVqskkApLrh3Okx2HiSV2kiMxPnjWny6UTNW52ouWSivsHW5x99FecHPzzBvZ_NsIxjWUKARE7rEyHKz7Yc8JBEVLwDyvR1TZ0_HdzRC11PvA9gZpXrbQeGqFdOAGTa5fcZ3d5zU37HYIKq4vO0KLqVzAyYz59Ee34G3ulwIW26TCUyjgu2VQPvPyqW-P4lfbb1GEDVsI39H_zVGb_GyxVkQWZiocs9UXZMofgvYR6SmcfqzGfNHwcchwkwA/media?maxWidthPx=400&maxHeightPx=400&key=AIzaSyCz0w_6ziQlJVYzINlEK2bj_7YAIKLtE0c"",""https://places.googleapis.com/v1/places/places/ChIJMdoDTFYB0oUROOmNwdEhNpQ/photos/AciIO2fDf3GvWpygoAvd6lf7qw05gO5AUD0RPkophiQ9v6OdvzhJg0GzHtI7rFpYThjsksj23jDQrdSXrflcOLjdMR4Bq84NlACWgpPlJTIhe5I_X0p1dHBE6WL07lafOpVaGHCXRKsC-umaNALosyYJPEou2vnwyWtUJ47VC5ZdAiBR8x-IJwuTvtYfGTVfrDlofBzcvLmBZxDBxXVPgH2YLhjL7I1HiiL0vRrxjQ8zxuS9w6n5bFfUsPZBznufr9KM22GLUqZ0ZWuf6A1B44f4_iV0ZNNALtdh4Xvxd0N5vpvIHg/media?maxWidthPx=400&maxHeightPx=400&key=AIzaSyCz0w_6ziQlJVYzINlEK2bj_7YAIKLtE0c"",""https://places.googleapis.com/v1/places/places/ChIJMdoDTFYB0oUROOmNwdEhNpQ/photos/AciIO2eLg8V4kRo3SCjVqj8AmvUcI6YoK9iWBRXSK79SDK_ZTUxNufBEofynQDQt3IaMe6WvGyFNrjWzCJgpxrW8-u_BtPPtiU82-CKiJ5EMIVGTJrgPBPhKfdxuziD-iCrekv5b9IPWRsZ8oiy8_vhGv6FrBC9ViYDIB_xQUxup-lzkTDC9cTdGB_W84hz0KXm-Hp1yIRtEZ_qnnGXErVopsYnraSAxiOOVPE-2daz9XcGauypb2bZkpiuI67I19WDl0phzEY0l7Hkq2Oc9QYmRo9ul850Wr4j4sg_655lcd-NoWA/media?maxWidthPx=400&maxHeightPx=400&key=AIzaSyCz0w_6ziQlJVYzINlEK2bj_7YAIKLtE0c"",""https://places.googleapis.com/v1/places/places/ChIJMdoDTFYB0oUROOmNwdEhNpQ/photos/AciIO2fwO8VnrQG3uNAv3_I_deqS6JFylmUBqHSVh8rasTvT39hBRhskHewvjpe3xvYvlFpWBJ7UUsclMj3lXc6iEevkDxDB_nupAsKBGGtiSk5zqUqrbrz4i0PLE8xFbn496-0ev4N4229Nb1_rmOJsTu6dwAf5Cc18ZOPfy73GtihzOo0nJrpplLzP6VJBPV4fmbB9VYdgk9IWwICWUxtn8PWagd5KGKdQNG9epb9tyugITFxRII_r9LghxZOqFaDY_HhUT6KhyQmN0s3T8qexe6ikqjjmkQi4OScNDivbLsK4YbCJpIq8CRFFen7w-fl2mNziVJTjIuBIgilUJPNekkEW_AOH70JbEYbOxdeQP_gLpprnohdVxj5ZWNw8YtB6m7X9Q6gRXZoJKMaCSX54k9EMsbzUU0hoeW92FlLrBPNjhw/media?maxWidthPx=400&maxHeightPx=400&key=AIzaSyCz0w_6ziQlJVYzINlEK2bj_7YAIKLtE0c"",""https://places.googleapis.com/v1/places/places/ChIJMdoDTFYB0oUROOmNwdEhNpQ/photos/AciIO2dHk_EzqZ3jH9XQBfQ1I1jFTFQbcxl1WP2qCiBN0GRE2_ltgF8yOuZnEn-brl52WRhpBTcKZZhjo3CHSt5mMZEaomrgXslbl3VWq1ZzgSGN0yPMk8XzXZrG9s4lic9HAFDavVpgqHgyt3NELNmiEDDZPAy_BUxlHsUVx9yr_ENMDiRxVzAvUWzmUm-RJU__DNqO91tH3jjAzirHDXoIrldwLTp67NDIklH85Orc1UKEHfvZQOUGtQvFojIoe14XEO-avxaqtAFtE93pYEUCvE-RFg-3FJ_T9eQ-Bd97YpaRXw/media?maxWidthPx=400&maxHeightPx=400&key=AIzaSyCz0w_6ziQlJVYzINlEK2bj_7YAIKLtE0c""]",,,,85,2025-09-30T19:53:03.837Z
ChIJ59KaV3b_0YURSvhezoJysYo,Pilates Force Center,pilates-force-center,"Londres 104, Juárez, Cuauhtémoc, 06600 Ciudad de México, CDMX, México",,Ciudad de México,Ciudad de México,,México,19.4256547,-99.1632408,55 6167 0508,,https://maps.google.com/?cid=9993894954245486666&g_mp=Cidnb29nbGUubWFwcy5wbGFjZXMudjEuUGxhY2VzLlNlYXJjaFRleHQQAhgEIAA,3.8,24,,,,OPERATIONAL,"domingo: Cerrado | lunes: 7:00 a.m. – 12:00 p.m., 3:00–9:00 p.m. | martes: 7:00 a.m. – 12:00 p.m., 3:00–9:00 p.m. | miércoles: 7:00 a.m. – 12:00 p.m., 3:00–9:00 p.m. | jueves: 7:00 a.m. – 12:00 p.m., 3:00–9:00 p.m. | viernes: 7:00 a.m. – 12:00 p.m., 3:00–9:00 p.m. | sábado: 9:00 a.m. – 12:00 p.m.","gym, sports_complex, sports_activity_location, health, point_of_interest, establishment","[""https://places.googleapis.com/v1/places/places/ChIJ59KaV3b_0YURSvhezoJysYo/photos/AciIO2fb2biGCT7-NpSvKnwvTfdrt1e9muuADoQlvRi3awAAWDVL8u6LhUtIha0yXGUfMrVmSCvPwXWB-dlnHI_WIik2Rf5ae6Pc9Ac7Z1SrYatbePpTa_ruRLRRH74ETBukgxnCVn-tGwfZbG8D8ieDpcYGWnq_fwVxD4Vm7ANxy9RPHMFfgu2-PYLa1EXTOKy4C9FB_EJk2MTcrtG2_v6TBOX0lsqAIWkn2Axl1vjurhfyFrwKpsHUfNkfDp5QagM5YrySh-Jk27Qbly3OZfzD3G-ZbFxk1XGq59HtrpXPONZDlA/media?maxWidthPx=400&maxHeightPx=400&key=AIzaSyCz0w_6ziQlJVYzINlEK2bj_7YAIKLtE0c"",""https://places.googleapis.com/v1/places/places/ChIJ59KaV3b_0YURSvhezoJysYo/photos/AciIO2dtJWSzcNVs0DsOcP9ScxqoJK0sZPYx_OggPAn8WCqrYD27TECwULgb6RwkpA_LgOhasZLfirxak0XWGUJsTfVpm6L2teQK5QMsjlcaLFHpHLpYsIfjbKIdYq7_N5oqto2NBH--w9S0RAumbMvVfutLl_7rp8n8EBuiY8TxzkA4GyT1Jd4_yGTrsFUZUY1DpqxBN53xsoFY5_d3V6QKO65N6q8mnyce4BXqpsL5agcPRVhXYigdqNdVEy8CN4oFVe2wPguiHrdMDr5pnG5p17D4z9L6FwDurSizcbfYOoVIMg/media?maxWidthPx=400&maxHeightPx=400&key=AIzaSyCz0w_6ziQlJVYzINlEK2bj_7YAIKLtE0c"",""https://places.googleapis.com/v1/places/places/ChIJ59KaV3b_0YURSvhezoJysYo/photos/AciIO2eOIG8kvgFeSezdrHuXW4hB4Ti0eJZevoLwgUz0x7DwzdIt2DWFYiys3fDjTcDF6E3nVK4W7pLnQsClZyq2dGcrBF6t5gLf8PZ7XGCeMZQYiUA0yVOkZ17PSESKKNeWUI4kEAS0K1Giopir0rnz2MtkrQvZ8lGGlGQKOlEpXK0O2fGdWWpnhdofyav0CTOXJQIFgPQem8pW1W4Nqqs8weOXw6_qgtVyfJ8D1kHOKqVTQ_qqG-QmNWbXvSn9cuDF91GVznP854h-Ze5brl_Gzljrhv24V913Qe2hBByoF--Naw/media?maxWidthPx=400&maxHeightPx=400&key=AIzaSyCz0w_6ziQlJVYzINlEK2bj_7YAIKLtE0c"",""https://places.googleapis.com/v1/places/places/ChIJ59KaV3b_0YURSvhezoJysYo/photos/AciIO2cV4_-sauADlH0Txpw2YXkkxU331dZMHEXyMfc7lKqZZlTgyltmCqNVNjvaQFXoDZxaSr5U_Hw1oK48sMUiasYcO5JDX9qArM0NJfJ6dasBsTHMNtnCEu31FEcLzIgUHoDHQIHTMDOIXwISPf2hwW9G7Fen9fe4YSq_QMYIJJm1IcweS9Y_tqWuqvrX9FiMSABz6nuHEanV76aazFQtknF5Q3vYAkeQPZ5b2mTUQNzL1zqpz_D4twieYyX6415BCuik2-SEKb5ypmc51AsWWkPPKg3qlYcCbIsNlGMHGN3G-sK4v47uz2_bUOZC98M8rMoHYKnzoJ0RnDBrWsCpEON5zF4u9fZU_b9nFnuEyAxPFO0OsUXkEfJF3M_nruj5JhuvFvMIN3OHlwpO5cFChAZyiyL-jKV0PVMdOefcotOT_6FY/media?maxWidthPx=400&maxHeightPx=400&key=AIzaSyCz0w_6ziQlJVYzINlEK2bj_7YAIKLtE0c"",""https://places.googleapis.com/v1/places/places/ChIJ59KaV3b_0YURSvhezoJysYo/photos/AciIO2dNx5wV2jIjijOPquxwPGz9zBAmq-bvEC9Xrs-W3UU16piv2xMQy_1q3xUtWbc9klOSWADVV3FpGQylkdOe8CBPJ1ZJwdN_BLwgVbFihZinslpf_dXC1nIJUnviO-p4BysbyRVrkgm1SsDCNrZAhFojyl34NQqMf-5ugnG6tdPbFO0F01WsUR2qIV9jz6I01bSZaQUCfI8vblIl44JLHYFqMl4N6CCL95JfXrCfkeIKFAoY43E7-Tvi3XG_QTuJOEqnheCrgLnvDzmqmnC3IIjrnFl0IqBupYfQG0GeQbS8TA/media?maxWidthPx=400&maxHeightPx=400&key=AIzaSyCz0w_6ziQlJVYzINlEK2bj_7YAIKLtE0c""]",,,,75,2025-09-30T19:53:03.837Z
ChIJH5omTAD_0YURa5iJq9sc8X0,Zanna Pilates,zanna-pilates,"Chihuahua 201, Roma Nte., Cuauhtémoc, 06700 Ciudad de México, CDMX, México",,Ciudad de México,Ciudad de México,,México,19.4168244,-99.1634648,55 4760 7379,http://www.instagram.com/zannapilates,https://maps.google.com/?cid=9075066453929597035&g_mp=Cidnb29nbGUubWFwcy5wbGFjZXMudjEuUGxhY2VzLlNlYXJjaFRleHQQAhgEIAA,4.5,42,,,,OPERATIONAL,"domingo: Cerrado | lunes: 7:00 a.m. – 12:00 p.m., 5:00–9:00 p.m. | martes: 7:00 a.m. – 12:00 p.m., 5:00–9:00 p.m. | miércoles: 7:00 a.m. – 12:00 p.m., 5:00–9:00 p.m. | jueves: 5:00 a.m. – 9:00 p.m. | viernes: 7:00 a.m. – 12:00 p.m. | sábado: 9:00 a.m. – 12:00 p.m.","gym, sports_complex, sports_activity_location, health, point_of_interest, establishment","[""https://places.googleapis.com/v1/places/places/ChIJH5omTAD_0YURa5iJq9sc8X0/photos/AciIO2cNrLTaS_aHUlfXoGFtljHb0PLxlC_uGc1Xyggtgw_L_0w3uqVImksZOrnz57qimBzjax1wRiWwOGsbl4tO95nSydoE7ZRIPsEkw3RkAkhPPqQntgoWYjR77e1S_Zsbi3reTfCpDR9zW7oDHGQoRFakYci_wAopfMZ1-22Q_O3MhVwvoELYc6Y8moiptfhGR7MaTnXRI6YZrMksZiJOPPA-_DxByWmBngvZdzpDUQhI9Cn5LhmyJc1c0yjIBmN9fXXNV-npCvU7R9zvJ3SpRM_rSikm-KK_-8BBU8XCC4Kt5-yQ-2PtpyQsyDMG4SH-Y5yFe9drc-fnDiBfLogHd9pcUzj1PJ34yH-GbnhFddKvlmZk-2J53hRORxUarWklt356_s7K6MyC0mTgRxuL-wQc31XojIWefB66eKGAP0YDA7ea/media?maxWidthPx=400&maxHeightPx=400&key=AIzaSyCz0w_6ziQlJVYzINlEK2bj_7YAIKLtE0c"",""https://places.googleapis.com/v1/places/places/ChIJH5omTAD_0YURa5iJq9sc8X0/photos/AciIO2dWDp_0KJFTxnn_LKk-fc9nRRSr7VWXGBwkmHV4MPNnjzmnQSdBH2UTehVVyt38qkuwqwuOSb2kkY_OZzYB9ZIe3zPWTR5ET97Hk2j26E5v-9-fliKkSFiDn6byzOho_N2k4qcBPD4tX4uvAiplbkMYGiw5bbF5LqIYa4C6CXT9Zb1ezAATE3-zB7S8Xy0tpguqHnfUZZGTpCIUapMHTaWQklm-TZkbU-Kz9h2yctENMiBqtSaYRgyPZpzV90qADehQGPCRxLo_Je5ggQINA6zTZchmmyEJlLi9BQ4Eu8ql7ssfEvteDEcUvF10kWP6emORU-ZEdNyIyr7FOiu0Dtpo3xL8MlCcc4B2_ZsPlWRZRfX52zbjJbKNpFkQtwr__TsXYlSw2ohiXpE1L7HhFPEsFb5vd5PB0IlZ1EO9HzTgE0Ux/media?maxWidthPx=400&maxHeightPx=400&key=AIzaSyCz0w_6ziQlJVYzINlEK2bj_7YAIKLtE0c"",""https://places.googleapis.com/v1/places/places/ChIJH5omTAD_0YURa5iJq9sc8X0/photos/AciIO2dHU5Tg8SzB-Ubq8-X7xB2FGnfU6OcuYZq1GCHw-DVWLCwDlAg0EFWhiqSfiU7DDzZcWkePtsY8hJ4pY7brUgeXeV_12WPTmSam-sfyKgVtrOVDrI4kSkjkcyd2A3wj9gEZKd0CfwlUErJ52F3iRewLfvkPfZY6qhJ_WK_hw_xPneKqsPm39eCqRNXGnNUn-e9d1YHwHYOM4Wgi9YJkg1ansGH3pcXdJfYwm-RqJQNF3G6I9we73XqBnNYRekkXzL2Zb7p7-8KfwjJw9WJYWQixcXGfNpAN-ugLldN43dLg3Nb6M8RICSIygN7sbyaOfeA8SWZnBTK-DADkHmJr5bb49vzokM3YERUUgjVKj6AS6QCSmCIXPAMWQdXzj1DjFtTwoD9p6KvUAP3VISrT-DFixaVt2FxUJwCXbBXEhErQuA/media?maxWidthPx=400&maxHeightPx=400&key=AIzaSyCz0w_6ziQlJVYzINlEK2bj_7YAIKLtE0c"",""https://places.googleapis.com/v1/places/places/ChIJH5omTAD_0YURa5iJq9sc8X0/photos/AciIO2e3iqOaQ3MA8sIkQUGsZLJ0WtcL1HfHh_hjBnbbUA08qZ827YJrZV2rXgHkGKmcErMHdXccsVIShsKF9lpKML4YotEE_UgXMqASoCMeI8CvwcsJrS6zzTPZO-l3sO3KH1dWc1DoOzA1aBMmkUYAPFx6ELDNbHVpia4H0I4cfZSlaCNgHCp8BccYx49DEh4YLrnJGDp8l2SRqUn7D2znG2Fg2z0JseHQmp4ktX9jB4WAtNhs0if8AAwto2J5hEKxLxlb9UVZN0EgT3GMoAoOm_mhlkMS3SqH9VTxHCf77V8EI7f3CZSxuvN_gk2tgaRj8uI3FXke4rW8tujBTL2v2Njam_H2gGa9QvCD8lGih5WhB4iFppJ2W34XCwZTBbMisps2b4GdENT8L4YcxE6FgfLvp4s_X73PZ543N-4NC7BpFA/media?maxWidthPx=400&maxHeightPx=400&key=AIzaSyCz0w_6ziQlJVYzINlEK2bj_7YAIKLtE0c"",""https://places.googleapis.com/v1/places/places/ChIJH5omTAD_0YURa5iJq9sc8X0/photos/AciIO2fn70k83UMdRzhwENR_vIC0dWfEopNVe4tf2jlEO-rPqUK_mLWTT0uSLzSO9CUQ1dyvPj10aRe91wBZuM-XgBFMAbnkEPkQlSUBQcHen9Hse9LGop8eNmhDCRNvag3aYqwzrka9dS54gi1hLYeIRCzEBXvI3k2BmogjZf6p22RKiUXF_49XYZ8Xf9wqEt4wJO5t_kYKbqOtvISltHerig9BzrKVMjXlXjHmAfK2ssOH8tD6D5BbgkIS17LozeLXiZhp2HzJ8lyABF_ARQs9PRRghr2xLRUxzCpoDS7jcx6KwAUDYfzSu2k9x_IpV3LfVl15yHnq0vTWvoIo_4nSbF7lts1fWvOgaL0BkoayUBtmnyWBSVfRsiSrbgZph3ha5n-QMHadt2o9WnhM7TqQ0JBZeJo6-UhdQv2azYHAxCTY-wQgdTMbQ-6CYSaN_yJ1/media?maxWidthPx=400&maxHeightPx=400&key=AIzaSyCz0w_6ziQlJVYzINlEK2bj_7YAIKLtE0c""]",,,,85,2025-09-30T19:53:03.837Z
ChIJa1lLnyL_0YURBwFBA7tJpB4,Manipura Pilates studio,manipura-pilates-studio,"Pennsylvania 81, Parque San Andrés, Coyoacán, 04040 Ciudad de México, CDMX, México",,Ciudad de México,Ciudad de México,,México,19.345899499999998,-99.1512381,55 1502 2654,https://instagram.com/manipura_pilatesstudio?igshid=Zjc2ZTc4Nzk=,https://maps.google.com/?cid=2207970784880689415&g_mp=Cidnb29nbGUubWFwcy5wbGFjZXMudjEuUGxhY2VzLlNlYXJjaFRleHQQAhgEIAA,4.5,14,,,,OPERATIONAL,domingo: Cerrado | lunes: 6:00 a.m. – 9:00 p.m. | martes: 6:00 a.m. – 9:00 p.m. | miércoles: 6:00 a.m. – 9:00 p.m. | jueves: 6:00 a.m. – 9:00 p.m. | viernes: 6:00 a.m. – 8:00 p.m. | sábado: 7:00–11:00 a.m.,"gym, sports_complex, sports_activity_location, health, point_of_interest, establishment","[""https://places.googleapis.com/v1/places/places/ChIJa1lLnyL_0YURBwFBA7tJpB4/photos/AciIO2dYy8Rkq5iP1qa_rc_66XOc1EjUavN_S9OftgTSlY92r4lf4sqsIXHYlrWAgdefRhTtRaYQEZLsji8M4NpkAHN7VhTdeqTuMghw-jvUTL_YwVGv5ZnyPwpUVFgwjlWkk5Ph-dDkA0OJk2ws4UOTVfZ_EoV52WTOPQ_QwnEnhYrRjIgNR48TnJmVxg-i08lBUQDBE6GoTiH9B8DF9B7wdRhEsWEME8Vp3VtdoFaaqvPxDARk3dMef6-Sj8XdBs-bh0Vt1ygTcY6FYj5ZoMYpr-YTSLzZhj0Jhg2ovilRTOvMVJzY1kuvdzLMF7_cFAzfYKQc_QU0moBXF6rO0QEoOzuD7_xUEgdTUajjY2D2yyV3rkZiETBNHqWKBZyyGvy9tPwD3NpvFZVr5PQSlooj8KofVTx5KxlJWuy-HNQsevahKJA/media?maxWidthPx=400&maxHeightPx=400&key=AIzaSyCz0w_6ziQlJVYzINlEK2bj_7YAIKLtE0c"",""https://places.googleapis.com/v1/places/places/ChIJa1lLnyL_0YURBwFBA7tJpB4/photos/AciIO2ej4Zj9HSkQVQqU0IJ3mRbnWE4c1SjxW4n1-zLgkAgjvD3LgVKvuy5Is-GUBQoQtTN24jYyN-c94z0L_uWu9eof5znBNXB6C3UFRsWnlEoMeZRy8vOWgi7UkAINNNdCn2cEJZFB39eL0TBiTetkl3Dt9rLtgqMEoSZ-e2SnBsZ0zzcJkkLtYztTM1H2iSGB17R6v-a8VJUJs_PK5krBs5EFbVtUZU9NJm3CBqKnHbIuZPbMSw_63jYPqFO8QQVYNHQtoPIUW23iq_mqQEfXTywKbOZgLYoELHpahUguhj6BLQm8Dzes5kb0C--ZR1VRUpwk4YoPOXpND36y3tx5qw8_US0C8AF9CfVkpAydv5sKv47LqyPZF6c_fEryRO7dyx9ZwiDIJFPNsFParG2pD1iyC4q33aoDq8fllAr4WYE/media?maxWidthPx=400&maxHeightPx=400&key=AIzaSyCz0w_6ziQlJVYzINlEK2bj_7YAIKLtE0c"",""https://places.googleapis.com/v1/places/places/ChIJa1lLnyL_0YURBwFBA7tJpB4/photos/AciIO2cKAbiJhni8ifrC0jVA0Lm8j5jS5O2_e2XmTC9LzPCyKjKrNerZ1I7NQa6NET3XDbpL2rgxxIAnPaOYGSwD2yLMZWcsDnWj5_T7LfKMEsjpupaabab7F_IV59hsJ9rCf3duFKFFcaQih_FAnvA-hUrAWe7_qz8Kg_uTNF9WbXk04g6i8CkdOIVysjXqHTt_DVTMZdszLMq-NK047ZW77DYdTtYfNMAh4w85sjefvfbIgsxc5IEeWGalaLpk1jwTEwDZy3ceDo3MIoo-AvKf02uXbVPwwBVMQiW6iXJwrG8A9_kqQGlrRvUrbVgySOpjDdh7ogCt0OOwzB67-udkxe3z22N8uqS8Odn1f5joApZSIhCd1Jg6S9GkDcrVfuJpj0Hd40l_lzT5ePZb14u06gPKhLIHBvUoVLPHQJFDEJ5JbT5g/media?maxWidthPx=400&maxHeightPx=400&key=AIzaSyCz0w_6ziQlJVYzINlEK2bj_7YAIKLtE0c"",""https://places.googleapis.com/v1/places/places/ChIJa1lLnyL_0YURBwFBA7tJpB4/photos/AciIO2fAjQFQ4LOjMVyGjmsRLyuJnMligQg4nYRZpZy0ZEfV1DhM3YSi5zIRQY97kKI8H5n7pAJMwetHoT9MzBJW8fOZZtuJ-1rnMaXv1PzJ_gRvU8Guq83DuLyVDla5RF_UBnLhl1F1m4yz182vxTI8Ho4Ncbv319NOG01xZZGCPu5K0nlPCTxTQkcVthP3XFcXcT_ea_SbNBgI8xhvzxk0BvU-0UvNq1TJUDLwO5aCwvuhdBhfpicFgOCDo8JDYKInl0AjSwIFstYpWMaB6ZFPiD7y748nzlitYa5Ug-zL8KlFlSMoJ4HNU9D9_oASy0pIkN7U8C1hWpRVqohwEQlMzgDfWo4DrJByKuqw7Ji4jrzWOMbVRTaZQ9-vOQuRUPNNYeg0cJAqdas7FIThk8453KoFO5oUGzstmYTfgUxYz4p5WQ/media?maxWidthPx=400&maxHeightPx=400&key=AIzaSyCz0w_6ziQlJVYzINlEK2bj_7YAIKLtE0c"",""https://places.googleapis.com/v1/places/places/ChIJa1lLnyL_0YURBwFBA7tJpB4/photos/AciIO2dM9UV9OCYftQ5L57YTjUGzCo0p-zZBRjpx60CAKwwJsnr1WuzFhEN1VzS65bN7TBGihGSEGhOpPqZoWV5jGqktD6fnQComay5zQXjiLOZMH_xIgEBDymht1JTbyy93MQ-v2yJMgHths2km7HsaEhu3gJwieR8S2sGYk_ZRwi3F8f6JGkZz4sAKyfGfIwbSbC-Au_7VmfKf3FVPnlRMOqFr4io9Ofx7ygsQmtR2o5AX8a5ESt6dVVIPWVixe5bIMnFTth_5w2LdVYG3UqpqJK7X4uDRWGzZuLJjX8PLR1R426T9JHe6_K8qmVc87otgcely9I50fLslzpW6GZhyNGP9DYOGji2de52o9ZFxuPQY5I6JMdrTVbTaSYGhKyI_gEqLOupKkXAL32ZgWCdxobXzRbYJJYkOy08_vYZz0_mTWA/media?maxWidthPx=400&maxHeightPx=400&key=AIzaSyCz0w_6ziQlJVYzINlEK2bj_7YAIKLtE0c""]",,,,85,2025-09-30T19:53:03.837Z
ChIJAfq6CrP_0YUROhd6YUz2Ktc,ZENI PILATES,zeni-pilates,"C. Dinamarca, Juárez, Cuauhtémoc, 06600 Ciudad de México, CDMX, México",,Ciudad de México,Ciudad de México,,México,19.429087,-99.1593012,55 1193 8361,https://www.instagram.com/zeni.pilates?utm_source=ig_web_button_share_sheet&igsh=ZDNlZDc0MzIxNw==,https://maps.google.com/?cid=15504475475089692474&g_mp=Cidnb29nbGUubWFwcy5wbGFjZXMudjEuUGxhY2VzLlNlYXJjaFRleHQQAhgEIAA,4.1,17,,,,OPERATIONAL,"domingo: Cerrado | lunes: 8:00 a.m. – 12:00 p.m., 5:00–8:00 p.m. | martes: 8:00 a.m. – 12:00 p.m., 5:00–8:00 p.m. | miércoles: 8:00 a.m. – 12:00 p.m., 5:00–8:00 p.m. | jueves: 8:00 a.m. – 12:00 p.m., 5:00–8:00 p.m. | viernes: 8:00 a.m. – 12:00 p.m., 5:00–8:00 p.m. | sábado: 12:00–5:00 p.m.","gym, sports_complex, health, sports_activity_location, point_of_interest, establishment","[""https://places.googleapis.com/v1/places/places/ChIJAfq6CrP_0YUROhd6YUz2Ktc/photos/AciIO2dt_uQN0A6b3P38yEFXHNE5pKvi_X7yVPgsqB6qJClSyJgn8HYQIgidzzvEM5x6gPIa9hJks-HSp8GijOUvPdosvjUrmpjgXLB-_i2goQc8HesdhD6qEmkL6Eg8v5t3KWB7QZRqLhG5zawATkrU7KYeTzK--HzOJGXredkVvU-5S4DkD7z-lyM7ZAHXrhr26ryDFkKuOuU9-rMs7G3p6jRMsgNIkj3OmVevsVhtN8ddfXL4Pj8HXAsQB_V94Fhrxzyg7yOzRN5HXb1JDr6Y7tAsVBI3lm2WaH8U4XrqcIcDdw/media?maxWidthPx=400&maxHeightPx=400&key=AIzaSyCz0w_6ziQlJVYzINlEK2bj_7YAIKLtE0c"",""https://places.googleapis.com/v1/places/places/ChIJAfq6CrP_0YUROhd6YUz2Ktc/photos/AciIO2ejmwbRWhZgNQn5y8_0dy0yp7SupgTuFv0l7FeLu9rMwWZ5hAzeHyqgAGzvbdooAYv3v8fdr7npwHMyfaETZMC9vvaDQdpwq0k_wgLC9Vxrx504hpjIv2dZZ-e5MWqqkBqI0Mr_ME1H2fI-usmSgqbimpA2rkn6_H7MsX1C9Ftd5BtFNQ0R7s8ZjHIC3YL3mCWEQ48OxxFEBd-JMYN3f_GEqi_jzcNcBwAXWtY8Ty45IU3iFTAfbXwEMK58y-uqoGGxN4Wl4pPzscxJUJgBCOutQj8g8W6DCqCs0YS-y1OAuw/media?maxWidthPx=400&maxHeightPx=400&key=AIzaSyCz0w_6ziQlJVYzINlEK2bj_7YAIKLtE0c"",""https://places.googleapis.com/v1/places/places/ChIJAfq6CrP_0YUROhd6YUz2Ktc/photos/AciIO2e6j-p2H7jeNWS0IZQloWZ0idH_7jxbK_ZWCza3c_9j5h1y20QebIjGAY9rr6oKSvFmQzDYDKqE39wFQYVlB4i-4CvyPRq8k6zTv6CulqfjyHPNjK5FK-wFdC5c-h5nyQqLQI_tGlFLUxwuGApuv2VQvHrsf-HVWXp500o85jJnFMG4lBGzRejBIiu0q_Ir2nioD94gXRWwp_2PMFnAYRlE98TX-b2QUY-JDn7YBCKrf0DD92JUq_EcWW85n01IiiScPvOTCr-BkoYtcig3AdLlSrUNXFsUjZeE4pIYpd9zEHjOHe0futNk_NU0VNs7VbNfWeOQWi0nNKlZ1cUhAfcirkP_zBml2uptv0a8L_Dik0x11cugo0hNRmjiet2oRAIpQwS3cW-m75MT0V_3TRRCWhvtB9k2yTxl_5XAEBZjz6Mv7zZgY89MbzktCTV_/media?maxWidthPx=400&maxHeightPx=400&key=AIzaSyCz0w_6ziQlJVYzINlEK2bj_7YAIKLtE0c"",""https://places.googleapis.com/v1/places/places/ChIJAfq6CrP_0YUROhd6YUz2Ktc/photos/AciIO2ej5yNlDk8i78qgzFUz_z5XZJNZ5Z_RFLY0t676MEu_DyHHHJ7s2rUe-pf-VAY5o7IWW-wEMiw4OB83HOpCRzdQeF6lsae8hKpjoMSTZHHJS9nt_7rX_-VJnKZHHal-FmfRvJkFLSjF5dUxbAH0aGKf8yIEke4x8CwudmStvoQR1SBF9xQPyy8TowGl8p1QN2alp2jcBiwWeJzVLeO7MHm08g06NfEe7x0uLBuv0jsB9w9bNEKZIlWcVPxgf39frZ7cHjoJrzRgE55uoM2V7y-so5fU3kyct4JOcc48EvRGs0lft3_m00nqn5A3NAtNS5uJa4_WPFOqIYjfQjG_CjDtwUali-y2NApF0-AKoX5VfXM4S2vOZ876j6DnR2W8L45lWWuEeHytGAjQwrPAypbYzRgu7s3zF1MKlhfaXBq8493pin4idMtyfe1KIw/media?maxWidthPx=400&maxHeightPx=400&key=AIzaSyCz0w_6ziQlJVYzINlEK2bj_7YAIKLtE0c"",""https://places.googleapis.com/v1/places/places/ChIJAfq6CrP_0YUROhd6YUz2Ktc/photos/AciIO2dKu8la79CENe3dJrpfsIrxqPLr33o0TliJKNTJUZMQ8WrwKwLDOxixsL6vKoCVMi2po4lqp3B78-XnKVqKioooeIotkXoMNc2AXagfCUUaM-B5dIHJdSzLDSA3-l4OMvvyfcm6U7GRX7vBfovqbVPCWLIkKsgTmhAJFx1btLd9wK_b7vZKbOgYdC8gNEsZ4pHWVTrWZrE74s2Ee-QacXC0wsXQDox_w43JeV5gGhr-RsMrdrVLvCoExU3ATK813KeGcneZgsK4trk1qichMw008y-nI-zQ50WL0mg5_X7R1A/media?maxWidthPx=400&maxHeightPx=400&key=AIzaSyCz0w_6ziQlJVYzINlEK2bj_7YAIKLtE0c""]",,,,85,2025-09-30T19:53:03.837Z
ChIJcR_xcQD_0YURTxbOUFErqrg,Body Fitness Pilates Reformer Studio Guadalupe Inn,body-fitness-pilates-reformer-studio-guadalupe-inn,"Av. Insurgentes Sur 1783, Guadalupe Inn, Álvaro Obregón, 01020 Ciudad de México, CDMX, México",,Ciudad de México,Ciudad de México,,México,19.357855,-99.1845082,55 4062 2729,https://www.bodyfitnesspilates.com/,https://maps.google.com/?cid=13306495677267580495&g_mp=Cidnb29nbGUubWFwcy5wbGFjZXMudjEuUGxhY2VzLlNlYXJjaFRleHQQAhgEIAA,4.7,99,,,,OPERATIONAL,domingo: Cerrado | lunes: 6:00 a.m. – 9:00 p.m. | martes: 6:00 a.m. – 9:00 p.m. | miércoles: 6:00 a.m. – 9:00 p.m. | jueves: 6:00 a.m. – 9:00 p.m. | viernes: 6:00 a.m. – 2:00 p.m. | sábado: 8:00 a.m. – 3:00 p.m.,"gym, health, sports_activity_location, point_of_interest, establishment","[""https://places.googleapis.com/v1/places/places/ChIJcR_xcQD_0YURTxbOUFErqrg/photos/AciIO2dF2siCmQ8lZEECAMv040XRMnToQ-HGiGDAPLU55WFIXIdbaSuSEahgvrK-K9wFTmDiL2rZlZ1i04Kh4GvNgU1Jrp3jkTTSMwVaW41fMqTMxNsghPZshBiPL6a7TlHLP_HcPRWILVc18eSuiRTPxRvt_JKcSJMqejwAh-zSWeZviQJTZGltC0Bb0tbuNiuQv3w8I6CKrcvGaazsduH44wBqfKfWZt5I85ymmpCuzlr4J_jOIdsUp4skRJoPXv5cg-E6D0YF81BdcRqsDDbRtxnt9rT4N3-PHrKagEnKFu9Iag/media?maxWidthPx=400&maxHeightPx=400&key=AIzaSyCz0w_6ziQlJVYzINlEK2bj_7YAIKLtE0c"",""https://places.googleapis.com/v1/places/places/ChIJcR_xcQD_0YURTxbOUFErqrg/photos/AciIO2fEufHapeau2AtHsxFHPFnfAn6I7u3ZaxEoJuHf9dFpz31i05LTa_Pvil6vbsUNLXEiAmMBJHUAxEeIdBK-jtMyL3RsvmPHLy0cQtoULbnUUQZiVzLWEJHs-piKei3aJup_n-PASH7B0awj1b1bN96_9gEx7XnPQPmqlm3Y7aNLY529cCX9ulflhCMixZa4DcHC4G-9p2xgWTC15RYNTIjXxbPxG7U8erYNlqGhswnKbv55GBCA3DQSzsECn-6j7A4Ofyp8C_agaSjLyHHP4foBUsu4stcSjbfJf-Axq4T714dPfFLVv-_OZvdlM6KqWS8V0I16i9fmEcxFHgQigGflqX9R5l-_awtnYbbZ3tYjBAFUzFMu8SsCk3-Fo4DIboddLAmWuO0QJG6zW6jPvXhzJQSzlnqEFUGU3hqq27S3hA/media?maxWidthPx=400&maxHeightPx=400&key=AIzaSyCz0w_6ziQlJVYzINlEK2bj_7YAIKLtE0c"",""https://places.googleapis.com/v1/places/places/ChIJcR_xcQD_0YURTxbOUFErqrg/photos/AciIO2fzOHzR1dbWKw80yMzSEnwjY3Qf5OKlUFjB9dmd3Zdi5eYobO2_-j3cDEnMvzKEe9QgsVNSZbndxjymAaC9IvEW2UAv-izX9GeX-X4Y959uvUisnYY5wbbAFNhYaGcAx2TjVXeV97sG8z0UzshNI2aDw4Vw1yVZu8SeMQkTIiaRk4k9iVUQvulu0bMSfCVKNve-zlSXWf9LtguBk4YtlUf4BCwoecLtZHBeedyneFiTz__lHmqaFOxIVX7ZWPmF6e-dr0NYbRxFQrjKK_rHlLfGip84p-m2kPpTrz8zzuEwyBsP3FGwQdNBJfPco7Myho51j1SdB4DFE4vZ9fZ8kZtPpfciscIaXFPJv9dS4AMgi_5-lKkyzQwvnGHaAc1S1Xef6uOsrzQoFUfyKF_PL7Xi2NxEqs0y0tm8JOgpDWGODQyl/media?maxWidthPx=400&maxHeightPx=400&key=AIzaSyCz0w_6ziQlJVYzINlEK2bj_7YAIKLtE0c"",""https://places.googleapis.com/v1/places/places/ChIJcR_xcQD_0YURTxbOUFErqrg/photos/AciIO2caK5IMzF97Iz4GjwLWVLQy-wXkvg1H7HBaDjkm-cnzHbG4mTMJ28CCExcSU6_O-FxmVVPREytNAwZeADeuR6h-DbN4U-2mR_hzpvpKOskGI7ogfTnvxHUn1WQpMQtYtPqnA4qckxdIdC4CiZH9JminnBPTYAYkFBrnK2TSii90hfCQv69dgN4DFgHKTT1ClO3BslBddUSvlP6oslkYm3JcVwVJx54R_PJ90dci78zqqyFmZISbrkwipELHYkiq1c1m7vUuce_Q334d_R-lggHmx0Dzjog3b6tGezb4fcu_iw/media?maxWidthPx=400&maxHeightPx=400&key=AIzaSyCz0w_6ziQlJVYzINlEK2bj_7YAIKLtE0c""]",,,,85,2025-09-30T19:53:03.837Z
ChIJKzkXjygB0oURsNKy9U5bv_8,PLT Studio | Pilates & Wellness,plt-studio-pilates-wellness,"Bosques de la Reforma 1803-Local 17 and 18 C, Lomas de Vista Hermosa, Cuajimalpa de Morelos, 05100 Cd. de México, CDMX, México",,Ciudad de México,Ciudad de México,,México,19.382853,-99.268288,55 5570 0617,http://www.pltstudios.com/,https://maps.google.com/?cid=18428548594911072944&g_mp=Cidnb29nbGUubWFwcy5wbGFjZXMudjEuUGxhY2VzLlNlYXJjaFRleHQQAhgEIAA,4.7,68,,,,OPERATIONAL,domingo: 9:00 a.m. – 12:00 p.m. | lunes: 7:00 a.m. – 8:00 p.m. | martes: 7:00 a.m. – 8:00 p.m. | miércoles: 7:00 a.m. – 8:00 p.m. | jueves: 7:00 a.m. – 8:00 p.m. | viernes: 7:00 a.m. – 1:00 p.m. | sábado: 8:00–11:00 a.m.,"gym, sports_complex, health, sports_activity_location, point_of_interest, establishment","[""https://places.googleapis.com/v1/places/places/ChIJKzkXjygB0oURsNKy9U5bv_8/photos/AciIO2cemyahKIgW6iA9fH6ox3-xPgYmFgl9DAu9-pehOGLdDzlSd3tFuvP9nMpSQqOMT_stflwpyFfT7z0e083s2K-Uy74FzT09RebKvdskGhxaHrVRuLtV9_OaB4f_aEV_waLiGAcAG3nJNAUgWMNbEf7VIlhBIdBSBHoyEqZCVbGsc1T3gD1bLb5VYr6bawKGK03rxvgjL3JOSWIzT50sFeOsLz2EXH3BJ9a50Ck_eHWw5RFu5RI54lqEQ860aVRVkbwxWGqPKsiEw6VSWHq2Qv5_y1rGQ4MNidY8GRcUrbR8HQ/media?maxWidthPx=400&maxHeightPx=400&key=AIzaSyCz0w_6ziQlJVYzINlEK2bj_7YAIKLtE0c"",""https://places.googleapis.com/v1/places/places/ChIJKzkXjygB0oURsNKy9U5bv_8/photos/AciIO2cH_AFUti82v5hh3hGEl0zBknvuvf_itcBV3brrDiFck74FNBUZ6S5O7fk3EpWOieKKo6QpJn3Y9BhzWei0pSYU5YRaom9XL12KfRGV3m0AouxMNawHb05TRNspdpfvauQjXB1RZhiLgl7kSHcjOP614_tgU4xPBirnAohjg74YyupxBVibp__9k8Ao5ELJMG3BZpleq2dUTv8BTPSBl_W3xhKRtEAvtCFw9i0jp1jFsiO0XkX5HUQAmMO-Zd3OTiY6P-qvGWY5PLqi4r17IncfgOgfDY8vwd_Ra5HuwVKXzmohY0FrYzQGK_CI73rT3ATE9ZZAeEYI-cOlcuu7k35U9Ljd9B2-hRh3AzKSjRrMR61aGgDA-OmQgB1j0HQDVvycE0tLW35cL7IuYu7kNevpczJXV6d9tC9gyDJ7dHYDIU4/media?maxWidthPx=400&maxHeightPx=400&key=AIzaSyCz0w_6ziQlJVYzINlEK2bj_7YAIKLtE0c"",""https://places.googleapis.com/v1/places/places/ChIJKzkXjygB0oURsNKy9U5bv_8/photos/AciIO2cFBMaVqz2-ClBsPFLWRqjKJeRJ6YhvVoLFrZpjtrIDGIgsXwIYnYEap9MXUDRR1dUf5MW16Iw9ciGUfzKzCiChQTsuDmm_PFXkpOlXGcNkhuv1V9bSTlS9M7cf3kk1VDS9lq9lysDVZXO4p_eFzWXzd49YN-8KtdDvQ2aj1X90DOlE5dyhoKq2gosICPIYfHXtgFvljvcoJJaSlKpqBC-zUt57ShYy7LnL6rv5kumpBPQWP6qoSXToDBR6SNlqqosFO5GWw-_oGiCExz9TJg_N5wUD1SjZ7dA70wYNQE0G2Q/media?maxWidthPx=400&maxHeightPx=400&key=AIzaSyCz0w_6ziQlJVYzINlEK2bj_7YAIKLtE0c"",""https://places.googleapis.com/v1/places/places/ChIJKzkXjygB0oURsNKy9U5bv_8/photos/AciIO2ctnGE74oGp9MmkKHFpf1xZbI6i01XyF-TjlU2Uz0x5yagjvcrYcUE5aWBZTla88f62aRIOlODbil9x-g66qTfGiGBGhyO_wlqTtUiAaEyGOryqraOuEv4x9eak2moP7TyMSzP_uNKZusdEYnywN0h1fZyvYQtcW6JZW3w5fA4LcfkLCKj7Ymkda9fttZqmOaorliRltxusycOwH2m4-dZrFu7k4zIGAedUvNadEBTaCsAXICBQ6lss5SGiWN0pjQjSQsC3BNK448FYAnL9VxMkLMVq8cJU_wFW030p-l-YcA/media?maxWidthPx=400&maxHeightPx=400&key=AIzaSyCz0w_6ziQlJVYzINlEK2bj_7YAIKLtE0c"",""https://places.googleapis.com/v1/places/places/ChIJKzkXjygB0oURsNKy9U5bv_8/photos/AciIO2dDGYQrC32cIiIHy8fPFvcxHfZr4lNYyCjFE9d7TFKB3veWRhFU-wGHpODG8CYus8bY9WN3Gtzokmu3ieHeDsHbwZZdLcHStiQttcuuf3__ASoG8s8ccBZhTZ19wUnA5dP-ZlPqApQ8phsFS5Fy3YuYZ8lLPkuHqzuN7bdV2xtO9gdqmO47k15HO6Mb_mDFY4OQo5VC97I_olXxT3X027xOi2cFCYqTKT1gyaNrXT3D9FFVnP_u1ugJO_LJrY43BXu57Z7ytDWy1vkrfd7uwwyF1GX1JNtdZCR1Jlg5KF_35w/media?maxWidthPx=400&maxHeightPx=400&key=AIzaSyCz0w_6ziQlJVYzINlEK2bj_7YAIKLtE0c""]",,,,85,2025-09-30T19:53:03.837Z
ChIJqxiGDKH-0YUR7scHo6W17BY,Kinesphera Pilates Studio CDMX,kinesphera-pilates-studio-cdmx,"Retorno, Cerca de Oxxo Iglesias, C. Genaro García 24, Jardín Balbuena, Venustiano Carranza, 15900 Ciudad de México, CDMX, México",,Ciudad de México,Ciudad de México,,México,19.415243999999998,-99.1044357,56 2099 0733,http://facebook.com/kinespherapilates,https://maps.google.com/?cid=1651894886347556846&g_mp=Cidnb29nbGUubWFwcy5wbGFjZXMudjEuUGxhY2VzLlNlYXJjaFRleHQQAhgEIAA,3.6,46,,,,OPERATIONAL,"domingo: Cerrado | lunes: 7:00–11:00 a.m., 5:00–10:00 p.m. | martes: 7:00–11:00 a.m., 5:00–10:00 p.m. | miércoles: 7:00–11:00 a.m., 5:00–10:00 p.m. | jueves: 7:00–11:00 a.m., 5:00–10:00 p.m. | viernes: 7:00–11:00 a.m., 5:30–10:00 p.m. | sábado: Cerrado","gym, sports_complex, health, sports_activity_location, point_of_interest, establishment","[""https://places.googleapis.com/v1/places/places/ChIJqxiGDKH-0YUR7scHo6W17BY/photos/AciIO2fWgkJ9793TlCxftVY4zclaGc5wQmaXKiPY1GeCU9cP2HKxlDbkZqkwFYT2zpr-1VeS6U0qmyxFtkfiovt6Gdt0yqrar2_0zW5M6Pyvui7N8QsOKmk_W96mpgZojr0kcseDyqCgD5fGZOYn2uBAd2FQaC9gkykZ89tokeUnHR1MFCdVhfi-dq4g7Ed407tRhcuJTtfKeQE6kqQp_Xz35rzxRqFSq0r1lRI9p2pHj9rXSaqQjSDwoawWhKTLvJ66p2EQSAuJbOZ0BjDvPJPebcXS-9NEQOhebSvKoVPj8kmOuw/media?maxWidthPx=400&maxHeightPx=400&key=AIzaSyCz0w_6ziQlJVYzINlEK2bj_7YAIKLtE0c"",""https://places.googleapis.com/v1/places/places/ChIJqxiGDKH-0YUR7scHo6W17BY/photos/AciIO2ebKknswKH_xefqTaob0GlRxyhVXXBzUY12adKae8PzVx6Ki1bV6dd-oa8HCIhMR1qzFEVjX-RvBMdaj8S9A7r5Wihw2dBDdOdzAoUv-D0yOsnV-EqGhy3mp_cjF3IzUNmEWs5k-vN1zHW65RYbsN7969Dtjs8eymafQnE-Nun8Y-tqCj2tZmJZs0jFRTsik1hAFGy92xgN00ezuj6WYuteKA-kxae0dz1jfXsCNs-huEka_4LLLjc20qtnDXUm0dC6VhqtyowYbihM7_Ogh5uIGorjfROUXflxWMsYKZxZZw/media?maxWidthPx=400&maxHeightPx=400&key=AIzaSyCz0w_6ziQlJVYzINlEK2bj_7YAIKLtE0c"",""https://places.googleapis.com/v1/places/places/ChIJqxiGDKH-0YUR7scHo6W17BY/photos/AciIO2dZs3rPmlITu1mh8_YGJ2zIOM1KkZ_Ageoel9LRB0fim8fXzyEi0zk2X_TloWKOt8bFKmpl99V-Vlt-i2fUvBBS6elEcbHGPCu-Oo0YRRih-McVKI6YjUw5rb7k0MpRhjjtV16vDuBdAtclJBQofc45VrjE4dfMhvAXnSq-npwd1dwImaLcK41WNOUJbnZ2-Cn55KdcSAX7hVYNxRUqeeLVAuIS8Stvz1WTcVOaMz6Tk2hMViCr8Icud81FypU532LLFR2kVYG7HHYcDGL9PTe6D_syrIG2qPOi2yEUC2vUdI5QmgVzobXpDaHZWTN0290AqqhpMUb3OgSakd2-ExusVv9ijoaDldFNQMiwlm_tH_wsuSHCXoYSXZLih_tyPAXdxPYgWqmxYU2ENR-N_CMq-Kb7v_CE7sh-lnqpwthz5Q/media?maxWidthPx=400&maxHeightPx=400&key=AIzaSyCz0w_6ziQlJVYzINlEK2bj_7YAIKLtE0c"",""https://places.googleapis.com/v1/places/places/ChIJqxiGDKH-0YUR7scHo6W17BY/photos/AciIO2dacjQQk6Bn1ye8K313xvLZW9gHuHsvpAf3AM3_f1-EosqwScNMr3vRTGAEz_MmgkkQf4V1fVGlsNU2S0InJgsm5AZ-S-_Q1sgxPENIxd0wqBpbYHGXJDq4qgil1ymZlVuC83swzHVkfEYDettJtZ1R4HChu11WTOlObLU_7Kd_0myugEXWCKJJnX4POSNJoFA5WY28Nv6zVMvSBYkQsDJKE-HXYJH_-eRtf3KB7W1rHPHF4_XXR0entEW-5McYyaMNMX2sJrbwgzZvCjbWb2MtUsXNihsYy0-KDPqKtrTGtiAskjHApqWml0_q3b3Lkc0tF4nvtNyUX6foccJ7vFB0Cot89u5OvIJhBs9UNsE2Ia9qprygUG81F9HkV5gx2lWk97wrS1Wc0WaEGcevXEBnR32ys1RE5XJySFtovv2tKw/media?maxWidthPx=400&maxHeightPx=400&key=AIzaSyCz0w_6ziQlJVYzINlEK2bj_7YAIKLtE0c"",""https://places.googleapis.com/v1/places/places/ChIJqxiGDKH-0YUR7scHo6W17BY/photos/AciIO2f_rBMylxVW7McMrh9mfHsNZ3PkPIC4cKuUbxUKqKu3Iyh8Kj5pVjoUUNpFF-PCHwN-aUE1ZvOxw5vMuSI1Ul8j6THS5pGiZQafWPPznirOS40ITTa3_24mArnx_KwYdbUfZJe6QSSO1IkPQG2BnqmoAgjOj-7htAMnfPgIMo-NSLV_sYhngnQW5b1jatpGXLEt_oFp7TfEdbZFBW81f27CTtLPSL6zjpNFg-Tak3b56K23hFczYGHeCrWgNb3fm8MfpgCu7SSfnyTcbeRBayYBrnPCm6fhpMndp6fQkzLW7fQc4aPDkoZTLsob4yvliONUvapWsWuHAmrjHDK-YpiM1_JDoVQVxYDlgNXWC_SL9Jub2gnW9_U2uQg72aw9BK481mFRAPldITeatVN8NN7k-O1IWONaZroUJMZFQaD74bCY/media?maxWidthPx=400&maxHeightPx=400&key=AIzaSyCz0w_6ziQlJVYzINlEK2bj_7YAIKLtE0c""]",,,,85,2025-09-30T19:53:03.837Z
ChIJz2ucjNT_0YURLFwQI0Z9dQE,Marela Pilatestherapy,marela-pilatestherapy,"Londres 175-piso 6, Juárez, Cuauhtémoc, 06600 Ciudad de México, CDMX, México",,Ciudad de México,Ciudad de México,,México,19.424404,-99.166545,55 5407 4517,,https://maps.google.com/?cid=105127906502532140&g_mp=Cidnb29nbGUubWFwcy5wbGFjZXMudjEuUGxhY2VzLlNlYXJjaFRleHQQAhgEIAA,5,8,,,,OPERATIONAL,"domingo: 8:00–11:00 a.m. | lunes: 7:00–11:00 a.m., 4:00–8:00 p.m. | martes: 7:00 a.m. – 9:00 p.m. | miércoles: 7:00 a.m. – 9:00 p.m. | jueves: 7:00 a.m. – 9:00 p.m. | viernes: 7:00 a.m. – 7:00 p.m. | sábado: 8:00–11:00 a.m.","gym, sports_complex, health, sports_activity_location, point_of_interest, establishment","[""https://places.googleapis.com/v1/places/places/ChIJz2ucjNT_0YURLFwQI0Z9dQE/photos/AciIO2cjiZ6LGg0xR3c4n6APyzKIs3FC20HL81l7IptGk7TJ3F9hxB6XQkI45NMxNtNWjZ3qTkIa-osX2o0qIoNp8VRryjRw0ZPtidNrGXLXILuqwQhi6QQ2MnUEPZkIrJ32xzCo_Fo__I_3jfTNf6ntQ5xp82c9eernLMX1q2DJM3UO9Byru1zUJg98sHVJYD-cwEKgfK473zDwdrwoZzHgovdD9sQfdINhxhpOGm4zRzBeTsUOWGiGmZniQIUlS0mnZvGZ762wJpK2TZl75va_H96Mg2Xv_RqoS434tOA_vaiknQ/media?maxWidthPx=400&maxHeightPx=400&key=AIzaSyCz0w_6ziQlJVYzINlEK2bj_7YAIKLtE0c"",""https://places.googleapis.com/v1/places/places/ChIJz2ucjNT_0YURLFwQI0Z9dQE/photos/AciIO2eZ50bhd2XplvagiaRFgLnDdaTnzA0jv5vz-q024FpiGT6MHdMh5DI4c24RZmlSq3h7D5x-F3y-XUrPWqfS5CVmcrDv9Il0guyk33I-oLwWw0-gMsUPIs5GNti57_AaQi3amyI13gmXkgqSXPAVY7PTP71HrJ1GpffpqxJ1sarkPz3Z__Yy057yfVQ-d-epfaGP92-sX0QZ8WXWT96_MLJoqa51fbwvaJphJO98YYkivcngjcTS042q7cUAWn4DKZEM3yfUdhP6Bf1VKaqqDaNiJkAVQeMbVw0mgtuKcFC8Cg/media?maxWidthPx=400&maxHeightPx=400&key=AIzaSyCz0w_6ziQlJVYzINlEK2bj_7YAIKLtE0c"",""https://places.googleapis.com/v1/places/places/ChIJz2ucjNT_0YURLFwQI0Z9dQE/photos/AciIO2cK564762LLn43xnGnnGspkSkgNzJ-ZSFfoYU6EuZW8Rm9MckP9CcGidS4E4pgrYAJ9LP63SR9lOr9rIDt8mVPehQJQgqWBkTR3I4Y-ir3sePXImWqdHH1DZ3tOTdT6rtbsfXLQG7bLxf-4G-HdlrW8R8ixXYnUssvDDfKtcz5l_xCUFDT4Qazg2rJytsfuPSKHXttl8RJcC8b9wbwIQAdbJyhJsQs3V2b02KWiCo2H5OrF-oDEk7z0S9DatAsgVFmPexkYxDiqtxjKEPYvxEFpJVFI99ty4L-yFDqbYGfsBSvh6hH9MA6GY_pJxPu7Qu8Vn2N4otN8ou8kLqoLbuJ0p77mrzkHwOQX5LSoD-28DTx7ccT1IHAFd8uo09Isj_s_7l345g-ZV1heEvdOwDdA56VPnVuApXpyu5VgaCEnOwsiXXUblSY0kT6aj4Dm/media?maxWidthPx=400&maxHeightPx=400&key=AIzaSyCz0w_6ziQlJVYzINlEK2bj_7YAIKLtE0c"",""https://places.googleapis.com/v1/places/places/ChIJz2ucjNT_0YURLFwQI0Z9dQE/photos/AciIO2eq43r9Za8474AVhzA9efr_5JyqwVfEyBf9FP5Bzj_q9rMgSaX5sIGirChEzQnTLPvXd-XEoGdws9TKfa9XZ_ELhPzjS1T76qRryQJ509Ho9WekmtWJBBRO4vMCG1HYJK9jVU8VzezX4PpbQ2eGG-QztdAlXpN8f1vnp0A12yEERrFcSWoiCD_FEe4T5WObkZWa5PvvqcxHWUkFPL7F0mq44xdVYkRDnEWeJ9BihJ5doWzCTHq7RLiH6SNPA1ANxB0OvCD8qioHuxVlEP4KK8Vdp55SFspysAsMr47ZKd-dpJ1PHlpnRWBrsl8WXSRCPBoy-e7NDyC8bP_OVMb4wL7XjHHqg_PUcniw_h2gUnw97xbF7b2sOVXYNpDO1GdVU7JAivRXJD8chk1iz9f6hTDAXu-1zIjiv9aTf9lhbBTJLDLrctaXpxT6Qc1SmI0N/media?maxWidthPx=400&maxHeightPx=400&key=AIzaSyCz0w_6ziQlJVYzINlEK2bj_7YAIKLtE0c"",""https://places.googleapis.com/v1/places/places/ChIJz2ucjNT_0YURLFwQI0Z9dQE/photos/AciIO2cpDx3V_KQE4jjAWZVSBNRG2FPOZ4-rr1IHYMcfc5drRADwjV2ANfZJBOKmCPUGKPFKj1Gb_42Nb-kJq2cet821xTgDXKEYxZZtf6w1CkuNIP3qp0ntLoMOqpTNlcDdVuh293EnEaO0CP68pp5FOLLyg8R9zU2eoHgfWqCIr8QMU8VWE4X_ZqL63lNWLWe_al0PG8sZk52B6tpFeRsjlYdq39TQUMqTHaStwW8K_hsuU3LJxiyFXI_wpWt479tUWuuqr4e0H5P97eA7S4GMi0Coe1G7UhMYKzxA9VAg7oHlEoGWAU5B3Z-MexHKDdWp9HWATw5Lg3xcVzC_vMnNcxxZ_gSJ4fcunDzaUADybt2F9UDBX8Qw91AmoZPZrbDDlbSD_HvtOQjaTEGQG379czqiZEeyPnLZ6wRoiGMlmDOzLDHnGVyyztsgbtdyIw/media?maxWidthPx=400&maxHeightPx=400&key=AIzaSyCz0w_6ziQlJVYzINlEK2bj_7YAIKLtE0c""]",,,,75,2025-09-30T19:53:03.837Z
ChIJi6dvbTj50YUR4kKpTlGyEkc,Wild & Wellness,wild-wellness,"Calz. Gral. Mariano Escobedo 366, Chapultepec Morales, Anzures, Miguel Hidalgo, 11590 Ciudad de México, CDMX, México",,Ciudad de México,Ciudad de México,,México,19.4362966,-99.1828535,56 2837 0585,https://www.instagram.com/wildness.mx?igsh=dmlqZ2I0M3hoNDI=&utm_source=qr,https://maps.google.com/?cid=5121351788555485922&g_mp=Cidnb29nbGUubWFwcy5wbGFjZXMudjEuUGxhY2VzLlNlYXJjaFRleHQQAhgEIAA,5,26,,,,OPERATIONAL,"domingo: 8:00–11:30 a.m. | lunes: 7:00–9:30 a.m., 9:00–9:30 p.m. | martes: 6:00–9:30 a.m. | miércoles: 6:00–9:30 a.m., 8:00–9:30 p.m. | jueves: 6:00–9:30 a.m., 6:00–9:30 p.m. | viernes: 7:00–9:30 a.m. | sábado: 8:00–11:30 a.m.","gym, sports_complex, sports_activity_location, point_of_interest, health, establishment","[""https://places.googleapis.com/v1/places/places/ChIJi6dvbTj50YUR4kKpTlGyEkc/photos/AciIO2cARiWsaITaG7W837YyqFptgzz-EvV_5y8pfNJWO7r7_Y-YIx-wOemd1P8ZpFEOIhA-rn_QVXy_8nPFZwaRauaDvS1NX2vBLIGu5wDTolsEuiazgxt9pcQ5sqfujGhObZuwgwIHLEZCLWgFCS_yT1LRwgHLqKEx4HKZ6ThkUjc24bUU90Md25YwjfGQeOXU6Z9nwN0x5Ek84eBVL9OX3a3Idv4oWMJ6cUi6AWKODikBmmNr9wygISkDBhDyo2EBBhXl54Y3jiSoOmGzMbwgh5gL1O4C99xFQj7WL1-zWZBvkYKecPdI-thso35sBobjmDlCClwvoWOId8EzM1FGlpERdecW-jJJ25byEenxPASko9JZvH6mdKlmMlJZ7Xw8-sOR2HXx4mmY9KbEqw71TMudX4SurIjcnS1bjCQ9UHM/media?maxWidthPx=400&maxHeightPx=400&key=AIzaSyCz0w_6ziQlJVYzINlEK2bj_7YAIKLtE0c"",""https://places.googleapis.com/v1/places/places/ChIJi6dvbTj50YUR4kKpTlGyEkc/photos/AciIO2chfSAG5sBZp0iCT0bcCz3SMwHUvzL3xmL6pB0Gk4-ghAymAWGkGys5YaD8-0v2B0G2CcpdnO5IVNTiQYnmYm6f4qBMdUB-dSkQ_IZq1Tz7-lurY4fkoYnz-rFtNLQMySWW9Ih4HXGFufMQJutpgd616B_NP3dSSTB6OJfn2YoaRUm92ET0_KMmiLwms2HWgcDnObhVapEJrSaNio_zNxe-LSmbnhIwJp-vm6DHvgRs_3oBfPnpuq12Vz2fRPTMTOIdwtvG0zav037Wi5MU0ISS7zAQUWNx-m2Q7BH_mE_fU3AcyTz8p13YvDJOh_GtRKbv3aoXLaBr04NF3N6u2NNsJx8LPuc0jv3hgB03EVS-LxStl7koFNRO4lgpXePkUyjjvXb-72EIKNFR0ALKcYwe8QNO6z4ESglu7Ra9OB_fmtpB/media?maxWidthPx=400&maxHeightPx=400&key=AIzaSyCz0w_6ziQlJVYzINlEK2bj_7YAIKLtE0c"",""https://places.googleapis.com/v1/places/places/ChIJi6dvbTj50YUR4kKpTlGyEkc/photos/AciIO2cj-eIasLkxupy2uu0g-Bi9WyPdrD72e8Bpc0KNX62mDYG7cUG-YRE0s0WwhTJO7x8mz5qmaeZS_PH9iA-Mu_tDaJz2_bZp3UV6S_t20ZDzOiNsztyH93EQip0wV1pPSfe2iKgVJkZsJ3z3sIHpZNNCxEHTEAZCXfXT9jXKxzrL47DTPdlAqdtfLA0KS54T8KGvFx40LQQtwZWMU024lLWWZUl3wsDZogsK_5pIlZVqhSXbaxyvpXoYv-VdzKeTiV_csxYw7CwAR6bPp7ucuw64PRCVQQXfue-Hvt6_ucd9U0dVaBo3aNVZafEE69GUpmg_ApAJXuNEp8LIeLRYarLQo7q9G-txQLql3yt21b0q-FcH34z1M15583kb5IjvgFYKvvbiMi47r8TkJ8GIKmlXOnGBewVEaOC5k_yqVB2UTw/media?maxWidthPx=400&maxHeightPx=400&key=AIzaSyCz0w_6ziQlJVYzINlEK2bj_7YAIKLtE0c"",""https://places.googleapis.com/v1/places/places/ChIJi6dvbTj50YUR4kKpTlGyEkc/photos/AciIO2eXUmRnIaxy7un9rdyk3k2_5MLLPiBwf72cdbBiCLpFVpT5_r2AIOmkOMxLwHuLlMiA9AtprOL6oZEzcIaFozvBXqN1MoE2RS3DXrY98PoOI4tY3uVov5MDXBdi0chL3R2XvpPnYuSYG0z5niy7bXVaHTIgDWkmLIlw74Jh1quLoyIBXUjtf3Nj3DNBd5cCmItkjgBlbENrCC043iYDfwJs-vIhcHJeD0_QOwE7oJANDZvS_LjpUofu5X3-3SjjukM9qOiCskRIbnKeWlEBU8wRvHh8y0x8LF5Khp7b4fVxdx2IW1QZql6xnjvvUQUY9DgRaRSX_OHp9V54z_k8Nvjy-clyiNzHL9z7C_DtSuWZYk7yEwP5rlFSTQtr1xzK4jazR54fXUX7MjeFHHbR-BqMy5NhaJxe5TqON443wIHV31E/media?maxWidthPx=400&maxHeightPx=400&key=AIzaSyCz0w_6ziQlJVYzINlEK2bj_7YAIKLtE0c"",""https://places.googleapis.com/v1/places/places/ChIJi6dvbTj50YUR4kKpTlGyEkc/photos/AciIO2cKfqu3pdrjbZ3tdm_tf1vagZ-OWFObnraP5gtHk7xexMtt0Cxd2wqj3ZwHhH00c2B7lFzPevTGYmyINiLWp2IFufWTUgy9KrR_m19EOfBhqaeSQN55TGOhcIDYgLB29HcyQAWHo4uOlTQdOKzVp8LoX_8YZFwX2pnq57DRdV9rpj-LXpdQ1EIU4ea2VBiB9GH8PaeT9neLQfyhLbRPSjEqyNrrjl39_KWRf5Qcz4EMSmJmeXlnjZsi1gAreyzGZmXc4vCB9egLadoD_kCc7T5JaDRNtyAk9fAFxsIHN41jr_Rg-3VhH51QG61Ws4IiWwnjSAoHQ1UdNJ8SIrvmkeA_PnRIxbatWK1-LTwvl4DtCRI2226JHDXPji6tSd9qJe3_M-YM6rau_DV1ZnVVGhWDkiggZ50gFdMcaKU6g4Vj2A/media?maxWidthPx=400&maxHeightPx=400&key=AIzaSyCz0w_6ziQlJVYzINlEK2bj_7YAIKLtE0c""]",,,,85,2025-09-30T19:53:03.837Z
ChIJF_Obtf8B0oUR0fHXRo5PXqM,ALIGN WELLNESS STUDIO,align-wellness-studio,"Av Prado Norte, Lomas de chapultepec #525, Lomas - Virreyes, Catta Prado, Miguel Hidalgo, 11000 Ciudad de México, CDMX, México",,Ciudad de México,Ciudad de México,,México,19.427125099999998,-99.2129681,55 2533 4711,http://www.studioalign.com.mx/bio-link,https://maps.google.com/?cid=11771933948485562833&g_mp=Cidnb29nbGUubWFwcy5wbGFjZXMudjEuUGxhY2VzLlNlYXJjaFRleHQQAhgEIAA,5,3,,,,OPERATIONAL,domingo: 7:00 a.m. – 1:00 p.m. | lunes: 6:00 a.m. – 9:00 p.m. | martes: 6:00 a.m. – 9:00 p.m. | miércoles: 6:00 a.m. – 9:00 p.m. | jueves: 6:00 a.m. – 9:00 p.m. | viernes: 7:00 a.m. – 1:00 p.m. | sábado: 7:00 a.m. – 1:00 p.m.,"gym, sports_complex, sports_activity_location, point_of_interest, health, establishment","[""https://places.googleapis.com/v1/places/places/ChIJF_Obtf8B0oUR0fHXRo5PXqM/photos/AciIO2ckCLAosihiA8CqZFYZWjVfAQZTYt7MwxBN6u84mTwUXYb3rb9tSt5Yr4cLeI0szhKtZlqLLPsTDFJW3YFGwBdCbEXC14QQRUsyvd_0F5G3tpIdVDmGGDS5tlsypaxwZH15M-xMfvj3eSJuGm-1TPO4GV8WtCuEYHXEWUdRuOYvpkuAmCqM9oohnUd2dk7_lgYbryw378oUpTXlBAFqwZ2iOUve5aKvJD9R4jNx5rqitBffGjUt0KQe7pdnz3IbDLnQFZaLa6hYXwcN-LxwJNLU6pFnl-TJk2ytTm5iSWNzUA/media?maxWidthPx=400&maxHeightPx=400&key=AIzaSyCz0w_6ziQlJVYzINlEK2bj_7YAIKLtE0c"",""https://places.googleapis.com/v1/places/places/ChIJF_Obtf8B0oUR0fHXRo5PXqM/photos/AciIO2fWmxsm1CoClzOYcdU-BYr7S5HGK8Ze6xbmMwSHDzwQAE6hjrRZR5xRti6oYLl6vQ5-EXlYd9a3AYDGL5aNW0JUckD7FdWx4OITTQ1ftQ4ItMQV56-u9Dt_15OxwiTf1nPfslgwd5WzG8xbPK7wcNoDBO_izEnbMnPHQ0DKCR33ACtIr61GnJB8RgacFYPPEpWPrLefwo3qBILAR183PB5VptHnIbRdA3tT-cPO1ZQt79_vjhaVOajVieQMfWjceLy0cU4MK5cCUzlAedslPoRL2SUfT2qsN5PmFTM2X-TLng/media?maxWidthPx=400&maxHeightPx=400&key=AIzaSyCz0w_6ziQlJVYzINlEK2bj_7YAIKLtE0c"",""https://places.googleapis.com/v1/places/places/ChIJF_Obtf8B0oUR0fHXRo5PXqM/photos/AciIO2cMOiF4Li-6V4mFFAXBtDGelBVhmbBJ4_5gCp-LNuNWZp6IbygvI467qP-clI0IlvY_1CuZ_1R3klsCGpIDohj6elwlgKimzQifJNuomBo4m3S86tTnyvAHQPqHz0RM3sFbjkm-d4sBI_9FeeUFc1CcOh__V8zSy31zaHnlg24YWLBR3R7DkFXErRBaFO1GOEdIhmpqAzGkI9jVOm5S2_b1psCMrN2AQIl39zbKUWzxVog3RQcrciolNE2CddgwD9avMh7xt9whbOEe6Sbbr2xvUagpwuuq6Zz2robvhfLeJQ/media?maxWidthPx=400&maxHeightPx=400&key=AIzaSyCz0w_6ziQlJVYzINlEK2bj_7YAIKLtE0c"",""https://places.googleapis.com/v1/places/places/ChIJF_Obtf8B0oUR0fHXRo5PXqM/photos/AciIO2dkIeKANeYB-zW2_YEFa_5HYKR0NQjnAPqP2rX8evDm-MmAR8qS1lf9aT2LcpXJ91Z9d5ao4KQEQMruZzh0mbiuCNKMF0wwOqCdfZp8F8CvDLocT12f2AQF7MgOYk-CKjFp9yZxEwwIqdX-aFVXSAWDDaBLJFbQ1vXLfQZQLBaHP99Iwso0u7yuclO4xMrSeIIhdnVP7SmCSy_yd8EJg-6Bt0gidaXSTa4lIQ5OgRhW9q0J2ZXEsMyZzf0iDI-KqSqO7HHYWdQFNiqPtA9tFZvVBKqufWJotoZ6GhJ5EErJOXh5t_5LVfN2w0bGDWcy7k012TzolpfHw-1npbIu5FfQ-p-WphVQbZK9tYXyz0QjRFbuKZsROQe-dmw2tyHVsTjvmY6DzfAayjpivkn4gZW8HDxd54Y9ueKjNyJe-fQvAGLy4IlMbwxcQELXudb4/media?maxWidthPx=400&maxHeightPx=400&key=AIzaSyCz0w_6ziQlJVYzINlEK2bj_7YAIKLtE0c"",""https://places.googleapis.com/v1/places/places/ChIJF_Obtf8B0oUR0fHXRo5PXqM/photos/AciIO2e3c4tKHKl-wkCb-KY96Z-B_5hgL0pf7XppMJKx4_N4L9DjHS7mKJpwbEyQmP13mX5snR1dwoGDdHXrr3lETtv6Du0MbM8-eCZtlV_5CKR0mPJrKNuwAeJtnttc9vSnegVq0R5sEbvqu09HgUHzNubYSeCwwYJu-CbvzOsTmqWtcK1g1o7uXTUpp1b1LXdiKbiKGQIT6DomSEfB8dAbzcyg_b9O7W9CgvNvhf-eRdC379Ccg7Jwkr9WS96Z4vn53yYnUy6EmWcD41XOWqA97SJQK7K-j4VHmvgiIE1SOrA91Q/media?maxWidthPx=400&maxHeightPx=400&key=AIzaSyCz0w_6ziQlJVYzINlEK2bj_7YAIKLtE0c""]",,,,85,2025-09-30T19:53:03.837Z
ChIJ3Z8ZpZP_0YURuVAmgugg41Q,Melari Wellness Studio,melari-wellness-studio,"Av. Miguel Ángel de Quevedo 966-local 3 B, Parque San Andrés, Coyoacán, 04040 Ciudad de México, CDMX, México",,Ciudad de México,Ciudad de México,,México,19.343553999999997,-99.1529379,55 4017 8199,https://www.instagram.com/melari.studio?igsh=bGs2aGtmYTRtZjd1,https://maps.google.com/?cid=6116768901887316153&g_mp=Cidnb29nbGUubWFwcy5wbGFjZXMudjEuUGxhY2VzLlNlYXJjaFRleHQQAhgEIAA,5,6,,,,OPERATIONAL,"domingo: Cerrado | lunes: 7:00–11:00 a.m., 5:00–9:00 p.m. | martes: 7:00–11:00 a.m., 5:00–9:00 p.m. | miércoles: 7:00–11:00 a.m., 5:00–9:00 p.m. | jueves: 7:00 a.m. – 11:00 p.m. | viernes: 7:00–11:00 a.m., 5:00–8:00 p.m. | sábado: 9:00–11:00 a.m.","gym, sports_complex, sports_activity_location, point_of_interest, health, establishment","[""https://places.googleapis.com/v1/places/places/ChIJ3Z8ZpZP_0YURuVAmgugg41Q/photos/AciIO2e7ForhAvThNMXhxh3j8HcpczdCfrYxk03uQFw2_dTjHttYF8UNfr5iiZ059mg_vbVGmtAvGyPlEdh-nQOHjLIyVhsMAJIrTRXOguLXMBCRwm0aQcAFQ0R7MFw_DyBmNb_U7Z2kVfT-1Z-ObEEpk9U8IJiQfdQaWmqw1ViJACsyKCz3Rw7ttsJz4nBabduO_MUuDXFrIhkwM71oG5u-Wv2w4LkWgy605cNhTmAG1L0TfjHInwL172kEYzM7l7UGk-ln4-2sHRcJL--MGWmJtt7iZj430kQqaOX3_bna9u25pw/media?maxWidthPx=400&maxHeightPx=400&key=AIzaSyCz0w_6ziQlJVYzINlEK2bj_7YAIKLtE0c"",""https://places.googleapis.com/v1/places/places/ChIJ3Z8ZpZP_0YURuVAmgugg41Q/photos/AciIO2dvVtFFK22UfRsxygwcUD1p320PG9Mwsieu3us1JNaz1uGkeNAXAg9ofg2pEAcDXz9IEjWzL3a9fZfPFxmtCRl1eSFsjaia6n1_sp8jcy5ip08vCMA-yN4M5L_fqbta9EwlnTzQUFr0vmGNXlLTZ2w85YHllEHN2RL85lb7BrxMc0LkPjkuOYuNSzEemSrq8zU_tRvUTkC2eq4TBmQCYs2zIjWnlthfnUopU7jCh2aOaeTPhVKCOCppHXCYbbbxSolanxgTPnuvDXSJTw4snq78WUuAJ32GNfD__2vPBTBARw/media?maxWidthPx=400&maxHeightPx=400&key=AIzaSyCz0w_6ziQlJVYzINlEK2bj_7YAIKLtE0c"",""https://places.googleapis.com/v1/places/places/ChIJ3Z8ZpZP_0YURuVAmgugg41Q/photos/AciIO2eCNnz1LeQq6Kwh8WilCEZXSG405FC7mfCv003KP8InxIdhKvcESpDdcVxkayYApxckJvXGGLRd4-HqwXNBvKZfbxtQEENWL7JCFuk5eNZ3a39EXQ1Z49drlZkwBVh7AzSbFK69h6Zppt-dH9pG6uzRdGecrJ34zUqsYczJvgueDDRvXuZU61VSjWfVPQmxiEcJnHfLzm6trq_5t5gvqYY0bmupCANnfA1lKY5InhCG_2rpU1W2UShXRN-uZrl19Yfp6AQjUVMN8rPSm8u3hxc5DhRq0RXx6W4sbkktBSZQRA/media?maxWidthPx=400&maxHeightPx=400&key=AIzaSyCz0w_6ziQlJVYzINlEK2bj_7YAIKLtE0c"",""https://places.googleapis.com/v1/places/places/ChIJ3Z8ZpZP_0YURuVAmgugg41Q/photos/AciIO2cP-VbEsmgFmuvKiv2vcODYUihy6z0xy4qkRRE5cQsv0zPnkjNHyD3LJ75iXEmoi1QFWwA9aGnaCVGNjXyfJ6aVlCUme2SbiPxeEQNd5u0VPb5e-4ClldzSbAgiejIllj8ywhtuI08O5QEyeCbgsePBJsGQDj4CT78H86kEPqkoiSFY8q1rIioJwovnbLLVK5sXYJ4cx4Qj8uA2Mc-6ff4LQq7pFBAHjdYXQeR5ghOdL389Y28R-BL_q4BnAR5X-6mCN3PNxoGe-Z85msgzqy5yTpJsrJXT7eMqNjA4Ya9Qcw/media?maxWidthPx=400&maxHeightPx=400&key=AIzaSyCz0w_6ziQlJVYzINlEK2bj_7YAIKLtE0c""]",,,,85,2025-09-30T19:53:03.837Z
ChIJy_nrDwD_0YUR9gAJzRwTWno,Moscov Pilates Studio & Wellness,moscov-pilates-studio-wellness,"Juventino Rosas 116, Guadalupe Inn, Álvaro Obregón, 01020 Ciudad de México, CDMX, México",,Ciudad de México,Ciudad de México,,México,19.3559832,-99.1850894,55 7510 1894,,https://maps.google.com/?cid=8816380234951098614&g_mp=Cidnb29nbGUubWFwcy5wbGFjZXMudjEuUGxhY2VzLlNlYXJjaFRleHQQAhgEIAA,,,,,,OPERATIONAL,domingo: 10:00 p.m. – 12:00 a.m. | lunes: 12:00 a.m. – 10:00 p.m. | martes: 6:00 a.m. – 10:00 p.m. | miércoles: 6:00 a.m. – 10:00 p.m. | jueves: 6:00 a.m. – 10:00 p.m. | viernes: 6:00 a.m. – 10:00 p.m. | sábado: 6:00 a.m. – 10:00 p.m.,"gym, sports_complex, sports_activity_location, point_of_interest, health, establishment",[],,,,55,2025-09-30T19:53:03.837Z
ChIJKVX-5Jn50YURGmC76-nDCwA,B & B ATELIER WELLNESS STUDIO,b-b-atelier-wellness-studio,"Guanabana 285, Hogar y Seguridad, Azcapotzalco, 02820 Ciudad de México, CDMX, México",,Ciudad de México,Ciudad de México,,México,19.468823699999998,-99.16773889999999,55 2722 6976,,https://maps.google.com/?cid=3311634193539098&g_mp=Cidnb29nbGUubWFwcy5wbGFjZXMudjEuUGxhY2VzLlNlYXJjaFRleHQQAhgEIAA,4.8,20,,,,OPERATIONAL,"domingo: Cerrado | lunes: 6:00–10:00 a.m., 5:00–9:00 p.m. | martes: 6:00–10:00 a.m., 5:00–9:00 p.m. | miércoles: 6:00–10:00 a.m., 5:00–9:00 p.m. | jueves: 6:00–10:00 a.m., 5:00–9:00 p.m. | viernes: 6:00–10:00 a.m., 5:00–9:00 p.m. | sábado: Cerrado","gym, sports_complex, sports_activity_location, point_of_interest, health, establishment","[""https://places.googleapis.com/v1/places/places/ChIJKVX-5Jn50YURGmC76-nDCwA/photos/AciIO2d52B6fcz-i3ig_Rimlxc_igVrFHp6y1pWrb1YRKwzrMSegCXndcRGk7kEtZgZVDFl1hIzdkij_R5Fy6nHoy4bwxBL0jYhgfGQG9ZQiCrXconLhCfYSgpCkSEaW21g2_Hwo-zhxDBubAzZX7ddM5n-MX1SXtEFJdPRtgpAXtuywsaLd3Qt3BDxsLuNZ9KVw24P7RXqO6x7Efgy3oMJEr2tvmilF0tyruPQn0u_APU1mijAC1u8VWZ7EN3RPqRiSTPbJMRTZmGoCezhqAx92jzqqsGxVl_yzDpN55qC0ZbrT1Q/media?maxWidthPx=400&maxHeightPx=400&key=AIzaSyCz0w_6ziQlJVYzINlEK2bj_7YAIKLtE0c"",""https://places.googleapis.com/v1/places/places/ChIJKVX-5Jn50YURGmC76-nDCwA/photos/AciIO2cQ7u-AGJvlp6Rbjb-byfYDlkLoveo84mljY_wq9CHlPKdyGWQ_QSOkgR_oRBeKgkkHdNtf9gmr0Sg-PyDNQYQLneA6Hxp4OnHSHGUkwbTylu7kid7jNtdoDFNl-3R_9No7t4PNCA3zJ_SrBgSsPn-GGPeNIGtZ9To0tGxoHWT7V_RPtKCoSWTaMgW8r76oQ2C-QrikvSzKhKqQqtkvCEwPJXLRbW3zU5PhG6zIeGjNkrjUOIQvU3EuPGUviS7KjRUN40XU3QtQqOAcjThuVEn0NM_rXK8mfAnribIIH4acZA/media?maxWidthPx=400&maxHeightPx=400&key=AIzaSyCz0w_6ziQlJVYzINlEK2bj_7YAIKLtE0c"",""https://places.googleapis.com/v1/places/places/ChIJKVX-5Jn50YURGmC76-nDCwA/photos/AciIO2epJ1egpl18n8mG3tuggmi3NHXJmn8YBvOaH5HqSUtpLjKU7Kxb_i90YpS-WORKb-0FlTny20I-VFgxy_RGebC7x8b6mfyfOUpAFYwBfNXaY5fxtYg5WG4Nx9KCE24DZ_EFge6E7clqkm06X9m0oLNh3vixiY4Ah0N_2CSAPzcLdzk9lsujiz-6r0d-M7bF8tmo0_cFrqPisTZxS7lBVouDhswnh7HiWdwLqOCVT7RLjDzJnFP4UCjSllmYI95K4yFEoHUKcXdswlLEOHONHniXl25FBS7Oo13uHzVYLv89nP-6uHOTcg2Tasf7YTEne_PhRRQkwH6V75QVeParDcxPfs6KCmCOLUeGkIhBVLWI2if-sb-0zaijoi5_FA_WdjHxTpCs1HJEekwQGf9kMTflmoc8XiRaiGhOVdOKx3t3v_4nA4UsamxtOEDhyQ/media?maxWidthPx=400&maxHeightPx=400&key=AIzaSyCz0w_6ziQlJVYzINlEK2bj_7YAIKLtE0c"",""https://places.googleapis.com/v1/places/places/ChIJKVX-5Jn50YURGmC76-nDCwA/photos/AciIO2cV7tcgaYuXig_A-fAqUouKACkVr1FP1UJcbLSk4LAXObH-ZGI5VFQQHs4DOA1ugFROo-WGs96bCJ4jvSuTCRL71tYp5LdgPyRt4p0mpZHu8BNuVELdXdUWU6qBtqNeyn0aLuZ2lFowe7vF54-8V83a7eMJV39eQp90oQbiiMo-OaV_QynYpju2zWf4ieHCEOjgTHrDhUyNRzjpZZMH8jwSAjD5WL34N00ahLwV4XHIvQGp7Zg8yftT0fjf9Kcah_MKn-yUFs1TpgJW9vvRSrTAEa70ZNJ5lfdXqujE1w3KdQ/media?maxWidthPx=400&maxHeightPx=400&key=AIzaSyCz0w_6ziQlJVYzINlEK2bj_7YAIKLtE0c"",""https://places.googleapis.com/v1/places/places/ChIJKVX-5Jn50YURGmC76-nDCwA/photos/AciIO2fJtMXaU1kva_rflGsbUDqOyGSEtFDlMfrAGcJlwepID-5b-htC3jsnQmPMrwK4_teFx6efkqCFTuoa5-ty0CdjuDfErXLWNd3narHSbgFe9YNmRdLyrisk04ABv-uoPybkeuyTgJlXI-eHnrnUUgSDrywC5jo7CJkQK8W2Z51is8J9RSmzdgrGyZn5W0o4bIRYkCzDyTZ_QaM8B7UPEXJfPSENtncASb1j-dEex1XWsMAr-I2l1EB73wO8bIU5lNJC8FClJ_RWK78iE53j69hiYh1tDEdizC3ToaLAga6cUw/media?maxWidthPx=400&maxHeightPx=400&key=AIzaSyCz0w_6ziQlJVYzINlEK2bj_7YAIKLtE0c""]",,,,75,2025-09-30T19:53:03.837Z
ChIJ1RLXlScD0oURUMxfzJ7fRek,Studio 92 - Pilates & Wellness,studio-92-pilates-wellness,"Cto. Medicos 24-piso 2, Cd. Satélite, 53100 Naucalpan de Juárez, Méx., México",,Ciudad de México,Ciudad de México,,México,19.5077618,-99.23313739999999,55 3651 1224,,https://maps.google.com/?cid=16809087057356901456&g_mp=Cidnb29nbGUubWFwcy5wbGFjZXMudjEuUGxhY2VzLlNlYXJjaFRleHQQAhgEIAA,4.8,24,,,,OPERATIONAL,domingo: Cerrado | lunes: 7:00 a.m. – 9:00 p.m. | martes: 7:00 a.m. – 9:00 p.m. | miércoles: 7:00 a.m. – 9:00 p.m. | jueves: 7:00 a.m. – 9:00 p.m. | viernes: 7:00 a.m. – 9:00 p.m. | sábado: 8:00 a.m. – 12:00 p.m.,"gym, sports_complex, sports_activity_location, point_of_interest, health, establishment","[""https://places.googleapis.com/v1/places/places/ChIJ1RLXlScD0oURUMxfzJ7fRek/photos/AciIO2c5tlt9A4e34ey-r5-YHeDLaCUXpLZhjr6gvlBZ6VNhyOoErYIeukDXoFP9BqZsVME0meNl-XpuC6TSQUgxvz-R1s7_O9gqFeHlvXWdaFo_SzHcxcR4MAfMM0OFBZ0c61brcXknv4YG6Uqx01EvtrzYq66nyNwfAU72BcWa_28mLNchnToO4p9grZ_oSQNZQCUZUMUQTfuofvCcWMyPh_A1bM_TvVCW0qj2Q54eJwQHfsF_54eIV27pzwaqZzjfW_IE7msysbnGypkMj0Y_snUxZi9hdr8RoiP2y4gtvreNg9Zqu_pHtJSe65dJmfQPtBQNJCe3KIsPHyAMjMKhX3i3ikEOV4Kj-AQjoCuRD6llxYP-6avyBa5CtJAbeBfdynLiiWavWi7dm32SUiTZNl_NJ9fxD1HHyzQPAE4wte8jda6Ir3JvNuwp06SS9w/media?maxWidthPx=400&maxHeightPx=400&key=AIzaSyCz0w_6ziQlJVYzINlEK2bj_7YAIKLtE0c"",""https://places.googleapis.com/v1/places/places/ChIJ1RLXlScD0oURUMxfzJ7fRek/photos/AciIO2c9STnaZoG3yD2JQbE6LxXBf757lOCaqUvMTH8HQpreEp35s6_q-OfZlkNGFnWn3U8BKputSi6PF684p2mkfsSi6S6Umn5UpAliWu_fq8_9y8izL8ibZzo9UomFPlSEPv1OelY4tKUFT3epG63T5QPDA3vpE-P04diIhf7aSQiyRAkT5-RinZ_4hhadUH_qF6Jo6681opPZKWL9C7yhKFbz6uGh31eoU4VCMccRAzYWBpk7rlV-nHYTMxI4gXdIGNLb0OoxA5hbX3u4Ba1STQUritrvRvJoe_E7OVGA6dgRuyZA8cONLqCdirD5HvDZA1EROWd3sh_63SyjZj9lBPvx21_9BTK7KTI-ZlmShEpLj2u_Dlllx7SftD7c0NHcGMx9VCnNkXoYjC3XtywyQMVUxCS3UYPFQg9aDb_Iu-YgAHKVdSe2xGgqxXXkiaex/media?maxWidthPx=400&maxHeightPx=400&key=AIzaSyCz0w_6ziQlJVYzINlEK2bj_7YAIKLtE0c"",""https://places.googleapis.com/v1/places/places/ChIJ1RLXlScD0oURUMxfzJ7fRek/photos/AciIO2f96kXI6rjs4QiqjLup-1Bm0XAIlhkEVzVX7tPrAienJoSuX7OhvIgBL1VYj1RdaBHID2SCbTOxMJ9P8wIA3BA0EnrKf8InEfqs_6mtUv4AVxeHh_xocu3ftMsPK-CXWFiB363FLOX6jXWo7QGfqCmh9kMtl6awptRGbMwp7-uxCZeQFAy0A2AEzZcsm72209AoDhWZzWDstyZvrQ8wkJLQdfuQdAGD9_N6kCCYgS3cybKw4lHb7IKDSI7BXKG4K9wB40LBXC1HzZ8s1yu-pg-MqSzhvZ3a-N6_Rcqy39A-gw/media?maxWidthPx=400&maxHeightPx=400&key=AIzaSyCz0w_6ziQlJVYzINlEK2bj_7YAIKLtE0c"",""https://places.googleapis.com/v1/places/places/ChIJ1RLXlScD0oURUMxfzJ7fRek/photos/AciIO2daoW088y2ftP3-c-ka4--KaB8Udx5ce58pqg-UqAZc0xRLMQJpYjrs1rbOTQA2UXyWcqOjOeEqY2-Liylb6qjl0GJE684pxvOfIevBolVAu0PJCgu3zacfjs9GzqCt5gFD_bnYN0cIKRwZyCN8s4eH_l5cj0_GLjPFG3bHNs9Bd4-crGOTrfoEKMHGvE3DvTMlxzDrOXB2aq4iCUJ978riZt6OnHkBHGtWNnfyZsfKMBvg4_9V-NuQGVuD0lfDuBU0PWs_Cyk5XvXOe0KUnwc4yHqgDG1fhYx0SDAZ48dyWQ/media?maxWidthPx=400&maxHeightPx=400&key=AIzaSyCz0w_6ziQlJVYzINlEK2bj_7YAIKLtE0c"",""https://places.googleapis.com/v1/places/places/ChIJ1RLXlScD0oURUMxfzJ7fRek/photos/AciIO2dskvvhzJUyBla1ZUJGbIQJAZCzQ7VsVgIrFt64UK6k_XhS4iTC-53jxGKynXi1-2kVZAntNDJyoiWKTAoGGDoj5vOyLv_SJcrQJ2Ze6ktcNkCZxvvWFIhg8aijwXTcQSmWO3xlm2ySeWM0lNTLtd7oBaF-afOcZOIWorSPi12VUjCMLVie6ypiHB5vGTDtWJGuNaRG5a6ch9vEIFJ1WxcBcvTzOl8EntjKd016guA7EdzHFLA2qGmE2admj76UrbN0b_O8ju7WTuX4mwn_YHS3ZVNu78CxwDTb5OJXzgtt6w/media?maxWidthPx=400&maxHeightPx=400&key=AIzaSyCz0w_6ziQlJVYzINlEK2bj_7YAIKLtE0c""]",,,,75,2025-09-30T19:53:03.837Z
ChIJl41hqVD_0YUR3N78eVyf3QU,Mellow Studio,mellow-studio,"Calle Marsella 53, Juárez, Cuauhtémoc, 06700 Ciudad de México, CDMX, México",,Ciudad de México,Ciudad de México,,México,19.4256902,-99.1591893,55 4545 8582,https://www.mellowstudio.mx/,https://maps.google.com/?cid=422669159575117532&g_mp=Cidnb29nbGUubWFwcy5wbGFjZXMudjEuUGxhY2VzLlNlYXJjaFRleHQQAhgEIAA,4.2,40,,,,OPERATIONAL,"domingo: 10:00–11:00 a.m. | lunes: 7:00–11:00 a.m., 7:00–10:00 p.m. | martes: 7:00–11:00 a.m., 7:00–10:00 p.m. | miércoles: 7:00 a.m. – 1:00 p.m., 8:00–10:00 p.m. | jueves: 7:00–11:00 a.m., 7:00–10:00 p.m. | viernes: 7:00–11:00 a.m. | sábado: 10:00–11:00 a.m.","fitness_center, gym, sports_activity_location, point_of_interest, health, establishment","[""https://places.googleapis.com/v1/places/places/ChIJl41hqVD_0YUR3N78eVyf3QU/photos/AciIO2dkMK0LDnxIP0_t68y1Ls9uWiXqoYwP2F_FMnmrKgkIO1sdagGOkgqTaRLqTWTT7C5G6wfehugliXRZVwvpOSw8kdgUB1kZVk3762i6MsiOcLUKNEQldmmpQzpESjA7-ThR2stQBsLDWTbY_WddsnLNb524ZPG06aHJ6V2oM8oZsir9QdBXzN34wkha6H62gM-9MrxATxRBkS2fMjQ7-ZcNpt8ngLq6m0nYNDbqvUQVjRD2LgVPm4qUBlWpsY8ZEx1OlWVLFcLBvV1G794Q9DrvVFFchgiG_SMsuSK3NmaZ3Y2Z5YF8UjUmQZ2kNvMVnBggS1KSPd1hDVbElxODbUbO5QkPHJsj4jQRb2EtPMDYMU1rA5VAuggZnUrwW896d5zt8jFaHs-DouL8ow2HTorwSFv0nqQbNdlEjOC1uBenGYkc6GJPFWXu6s5PTw/media?maxWidthPx=400&maxHeightPx=400&key=AIzaSyCz0w_6ziQlJVYzINlEK2bj_7YAIKLtE0c"",""https://places.googleapis.com/v1/places/places/ChIJl41hqVD_0YUR3N78eVyf3QU/photos/AciIO2duXb-0Lfnjf_Q9vbtB0snMzYWKJykj2xwvzo2B8fKUjRK2_6WwO614npDLsHtQOGD1ITwDgspl2NdzkqDX1vxig__9oQQ2-SarC0O5YZix3fw7i_9jhtvbfW9w0Xq5h--O2kAxzfz5s_eLgoZ1310KsBzsyLMQkwdmkpXooU0ZJgQL3YV0BgP10H1Y60V0jYump-tWihT0ksl_0kDgqY8_7Rs778F59w3c7pL0P7qJ9_1sIuRHD3mt2f_k85d1x6EyxGwc_pIoLYdUKNrk1kBxPE-l4Gtl-B73zOxeNKuwCe8xR12mDgRnXuQyeLRfp9mkXhuOCNEVu1-ub1pKRkm6JtYFMelADaXVno2vzxO7dp2S-TpvIkc3HhpTpZWaVnAmLENQ_PCnd7nK6X-Pkp_5J_2x-wFcLRPYYeCTk5XIfw/media?maxWidthPx=400&maxHeightPx=400&key=AIzaSyCz0w_6ziQlJVYzINlEK2bj_7YAIKLtE0c"",""https://places.googleapis.com/v1/places/places/ChIJl41hqVD_0YUR3N78eVyf3QU/photos/AciIO2ftXhj-B0aGyzllMVhEH4X0IA5UH43DEtfSqf-_xjpTn1TC1yC9ngrIJBypqmxsdRYn3JbP_YTMJYe43pYcHmT4vQPxyX2PnMk9aJBPGDYEm8AjdzU1CtXJDKjeEqecqdi-5cHB8F0oVN0r07fN25dZAVXw_6T3Kfj4U0dmIOkpZ7or4qnCdoowbqIeYZTo823C82wMC0m7B38E59TnaGSG438_7DK61JCGhReM950g0EOiNgjVfVwTK5nBL-RVUcQx9PWdJhSZ37mLmfzGfj9riZ-CvpXtGlhsVcpgfrX-NA/media?maxWidthPx=400&maxHeightPx=400&key=AIzaSyCz0w_6ziQlJVYzINlEK2bj_7YAIKLtE0c"",""https://places.googleapis.com/v1/places/places/ChIJl41hqVD_0YUR3N78eVyf3QU/photos/AciIO2eyF0VptwJJSZW-HQ9M-_PpxL-45iNtT8IXlkGe1vWD3sEm-rmZHKPUQQFoX4eiAoWjhsS0LkHbVJb_Td5O2l4HWVSAA_EUkKGu0fwybvCfvvxzkjIc4LT3hucvS5vi5azQYGdGUoPzJsGCEkJmxXQewc8ncI9A2DdyP7pF7ADoF4CT9L76xEI2WcUiiyKzPB90pb-llHJc9dntXL_9GX7F8V460SdVAvGbu3wTgXAnl3zkbCE8i98u2467BsUTptIjTdvbdX510fZwOsWB_GvN9op_I5vR46nmG7jFuvz6GbjTsAkhonVMUqtRoCm71RzSA03NhxAh8Kly5ihzxNJEqYgqT1O4alaLJSgDBC-9nFISXKsInrNshQS1VXq1D-1mGI3Lup8GQ3S5QSWx3cMIFUaMVZRbNr1kDOwOgDAs124x/media?maxWidthPx=400&maxHeightPx=400&key=AIzaSyCz0w_6ziQlJVYzINlEK2bj_7YAIKLtE0c"",""https://places.googleapis.com/v1/places/places/ChIJl41hqVD_0YUR3N78eVyf3QU/photos/AciIO2cBOqtY4Ah5TEHT-Pb0bjV6MDKqwfEtMbp3g-6Er1BnVPLHIZ0tla0ZXGDEWk6Rs6F8fni-485P3LgsNGBP_BxOe8KB4ejciAG0nSH2fi5UDz12Vvow712pCJ2i5q7Dqx32nwzovnsQRN6hhl_c21b3GGP-K8JY7_LCIdC_exijSvrVrFDAmK7DkaWUEDnw2qwOcZeApy2jvpwDh_dir5qkozI9JXl8qG1I-vA90NibjEqvK21WJlejT2NQb8d2SI732G6CoqD28vkYCOJGKC9zP6hNhlNQYqXId_EheBPQRQ7m36emUbVG__ifdMgQqjovkEKDJBXjAEAlrb_6RzQQCGuzAmxAcntaxARbdgxgf4albHa-ywzKZ9wRuOPYdFyjHfV5C0ff_eZoGGinKwN_DkXxr8CVxXHi2XazEiE/media?maxWidthPx=400&maxHeightPx=400&key=AIzaSyCz0w_6ziQlJVYzINlEK2bj_7YAIKLtE0c""]",,,,85,2025-09-30T19:53:03.837Z
ChIJSzkDLhf_0YURRgbrGl9KkKA,Warme Studio,warme-studio,"Av. de la Paz 14, San Ángel, Álvaro Obregón, 01000 Ciudad de México, CDMX, México",,Ciudad de México,Ciudad de México,,México,19.3473622,-99.1878935,55 1050 0116,http://www.warmestudio.com/,https://maps.google.com/?cid=11569829215048762950&g_mp=Cidnb29nbGUubWFwcy5wbGFjZXMudjEuUGxhY2VzLlNlYXJjaFRleHQQAhgEIAA,4.7,38,,,,OPERATIONAL,domingo: 9:00 a.m. – 12:00 p.m. | lunes: 6:00–9:00 p.m. | martes: 7:00 a.m. – 8:00 p.m. | miércoles: 7:00 a.m. – 8:00 p.m. | jueves: 7:00 a.m. – 8:00 p.m. | viernes: 7:00 a.m. – 12:00 p.m. | sábado: 9:00 a.m. – 12:00 p.m.,"gym, sports_complex, sports_activity_location, point_of_interest, health, establishment","[""https://places.googleapis.com/v1/places/places/ChIJSzkDLhf_0YURRgbrGl9KkKA/photos/AciIO2fHCo6WCu5uAEZxPKglRXwHw01QqcWKkFORxwRM_v5D5CVGJ95HUn0bTW6cUzQwchL9Zx5HMcYp1pAho--aSCKcHdn3_0Z83EE73q-n1rvtbJRFEzmJzX1JQYBeeXdSPZBCSSMq5HvxuM4t9eVFn-N8gTvLlT_Dcw8QNXYd6xWRdvDBnXy6j4Wxcfa_VXWn9KaJsGo5w2KN_G8zaoYgJKelbEyMgb22JaRlbeP1BoOyW5Lpi1ITQ-BlGTlIQVrsmGvpGNkofJ-GsE__L0wMBrRniIP-jLGY3EFO-doNSIBzxw/media?maxWidthPx=400&maxHeightPx=400&key=AIzaSyCz0w_6ziQlJVYzINlEK2bj_7YAIKLtE0c"",""https://places.googleapis.com/v1/places/places/ChIJSzkDLhf_0YURRgbrGl9KkKA/photos/AciIO2chD4CWJFDRhN7yCCiJgBpAaoVxTyA_fHyY9ORDJu-RPxIc0hUhVLLou_QGRUxDMKAbhqVUgrhZyOYUrPZjqdOHrfyMDPlugwnm2kjxZL97Mu1cjIgglwVN4biL5sVJ7lIaXVcYpL_xHa0rRMimnva_pXIxUTNnvk9uLDC8-d0OnN4uvG9KSiA696Sxme1QkrpjbR8_0JdGz9YVtwjlssfablzlXNJevbX9WddOiRKbzhSHkF5FqcfN9LVn5bM3u-MEbpQCE1BsJUql5Zn-huRmCNzQ7QTeR1hm7gltvyIFXw/media?maxWidthPx=400&maxHeightPx=400&key=AIzaSyCz0w_6ziQlJVYzINlEK2bj_7YAIKLtE0c"",""https://places.googleapis.com/v1/places/places/ChIJSzkDLhf_0YURRgbrGl9KkKA/photos/AciIO2c93HAF3Uj_-XsdcqVoP8IAjKxRXE3MxInQ-g-Szp5qJ_1zN7xIc6hXMg-D4dJpbBI4PIOxuGcUJu3fpNP-FYo7pC8Ii54T5dvrTy-XbPQgARCowi-q-oOU4Evq_VSRlF0GD--LRQeUEiRIekgiAzOW7KEhbT-bg4HOXjAlACydMpJ5hSivN88mOWa1RX1ROA6xVKdl0NZbqFRkWeHff5UkuDtdxiasomaLz6S3BQWPr708LCb9R09nSOkr-z4fZ4jFXxrmbEfBphZWRIha-SSrgxoqdhHKVjCFrJFk0W34Gw/media?maxWidthPx=400&maxHeightPx=400&key=AIzaSyCz0w_6ziQlJVYzINlEK2bj_7YAIKLtE0c"",""https://places.googleapis.com/v1/places/places/ChIJSzkDLhf_0YURRgbrGl9KkKA/photos/AciIO2cDcdnnxdJAW_LP6wLDMTTYndER8ykGIoZccGhGGIpM54xMUvR-sjSGdz-GfMaAjg-FAWp3kLDTkiHWYCkYwOPU9FrkihfMZ4g3w6-G2IWN_0wvcK9yXDUdCc6YlzuzxyhrPWlGoBbaCEB8Po29BCj7OxI_jtzus-KOErp2gkdhvO1n-UAZZYLstJWFuOnR2dzIsBuiD7HcdRJlrLL1ttElM128lRMvPBPri9ir7hWu1ZuMkYnO9EnsFXaHXl_PDAWft28jeN4-S4UPG6IiZrLHvjTwYQIPDOiJ5xEKxBY-NA/media?maxWidthPx=400&maxHeightPx=400&key=AIzaSyCz0w_6ziQlJVYzINlEK2bj_7YAIKLtE0c"",""https://places.googleapis.com/v1/places/places/ChIJSzkDLhf_0YURRgbrGl9KkKA/photos/AciIO2fwnuFErVFfUHH8R4JTPV9kGGc0lsSGMR3Xp_WJn47r-2Zr5a8WxfocMCdWMvydIpyqBpFSU-lMtz0-EDd8TjvAIRHVyjnkMFnCAIs1Q37JjByLJxoE019tAuWZ1vnOhG3AB4FEoKaB1u-eNlhK9Ao4Y8pR_wyUzCZiqIdBxvWuhAFrrEK9w5EO6nLX4Ul9aZcSuMOhTEMcPmQHlSJ_sQ0PQi7yguKDwIbgpKQxMIcJzqHaim9fdLNHuogXk8AHVOdTvQhQxJ9mPB0lzQdavZNbe1QY9h4B-ZkbVUbFoNv5LMN9lshA6WY_OSaIIL_t1a7tYc5QRTowjZRekpvBhaevDf_PHcHLTXwu1j2DD_JXxakbRh-09rk-sj9me3-KUhApBApI-5JNtS7negxLVvphd9MWOtJBhYdIwXGJHiwb3g/media?maxWidthPx=400&maxHeightPx=400&key=AIzaSyCz0w_6ziQlJVYzINlEK2bj_7YAIKLtE0c""]",,,,85,2025-09-30T19:53:03.837Z
ChIJZUvre0z50YURU-7ZlnPbr3A,Pilates Boutik Wellness & Fitness,pilates-boutik-wellness-fitness,"Bogota 648 Quinto Piso, Lindavista, Gustavo A. Madero, 07300 Ciudad de México, CDMX, México",,Ciudad de México,Ciudad de México,,México,19.485761399999998,-99.1274615,55 7609 2933,http://pilatesboutik.com/?utm_source=gmb&utm_medium=referral,https://maps.google.com/?cid=8119949942670880339&g_mp=Cidnb29nbGUubWFwcy5wbGFjZXMudjEuUGxhY2VzLlNlYXJjaFRleHQQAhgEIAA,4.3,19,,,,OPERATIONAL,"domingo: Cerrado | lunes: 7:00 a.m. – 12:00 p.m., 4:00–9:00 p.m. | martes: 7:00 a.m. – 12:00 p.m., 4:00–9:00 p.m. | miércoles: 7:00 a.m. – 12:00 p.m., 4:00–9:00 p.m. | jueves: 7:00 a.m. – 12:00 p.m., 4:00–9:00 p.m. | viernes: 7:00 a.m. – 12:00 p.m., 4:00–9:00 p.m. | sábado: 8:00 a.m. – 12:00 p.m.","gym, sports_complex, sports_activity_location, point_of_interest, health, establishment","[""https://places.googleapis.com/v1/places/places/ChIJZUvre0z50YURU-7ZlnPbr3A/photos/AciIO2cul138vifjQpvoGFl37OvHqUWUFz8-sIPySXgoHzjGgxMy32mmbGFTGc4QCs9TkXP4l4dcwfDhimlAUszPJW6X99WWU96DA8cvXFNo3N-IYpGNWcNOduQPEyhIamodCcesmAABEyULB8aJaMJDOWIdwMOPLkm-ThOEtLuVwAPumB34LF-iGxmadhxH0cKTuOlAsxP9yLP8pHePwptJ94gFDwVBgQOV11r7H3wE_1f2MmiwlSEdoCKZcSkO8b8ChWfZu6pd8i-0pVFioCXewKnc1KQtIc3cq6NPEVvtB8fjIA/media?maxWidthPx=400&maxHeightPx=400&key=AIzaSyCz0w_6ziQlJVYzINlEK2bj_7YAIKLtE0c"",""https://places.googleapis.com/v1/places/places/ChIJZUvre0z50YURU-7ZlnPbr3A/photos/AciIO2e_emzF8_3RbcUK9oi2NH5qPX9lRBOtkO4kgSdcfav6RvsxT2eikMksMPCLXF9hfhgeGALcnoJW5MVrF_Qvg3eBNG6PEq3IdI55wXd6ddh8gnFnVymSrC3539uh7YuPBhgXQ-Erwrr5P3DeE8MbOf2T5qjN23M0K91ool_tf4j0h9YbDNqlw0cXKm-7G6-IJD9_h_j_IToOabs6JYV-Ki3zRV9lGAvBPsYEMEzDxvJswMzYAKf3h1Dl8Lw_t3BjZk9JLFHXX6Q3NvRsYktE1cYBZC_Erd2bEaJe4EVf6S_d9CktawZIdYlQ2ureUGrBX8kmU9b0CvNUZrLLnxnb6tch4t-C98xKDAH7UNkGsbvoTR5H3OYIZt7coZM0U1l54UPf5I9k-5LFCxTTK-lmv9cruDJSyg-9OnwWtUYFvAHP2Q/media?maxWidthPx=400&maxHeightPx=400&key=AIzaSyCz0w_6ziQlJVYzINlEK2bj_7YAIKLtE0c"",""https://places.googleapis.com/v1/places/places/ChIJZUvre0z50YURU-7ZlnPbr3A/photos/AciIO2d27hMUjnaw8QjNVuEWDl5V4VDKdQrWHJYZMLIL5RPsS2fnFnq6CqfvkTftsXJLuFL4p_G1d-mFzxj2NlZJurk9-rDmgPt-4W2taimAlKqB52hj5MwUEy0WLugGa2MQvdgPZBAvOFt6PpuZVr_RK_OE-NaQ8tEobcMn8dftOEBVUG7tzDmDR8lXtX8QoEnHGxePtb6IMS_AtugZcKGzgs-iWYWnwckegp0O-975phj8MNWRblhbPv_KMDUhDNtyN0MLxv3MCLeO8syt3Pr4FbVBsnbium8mcyld5bXUyrF2iQ/media?maxWidthPx=400&maxHeightPx=400&key=AIzaSyCz0w_6ziQlJVYzINlEK2bj_7YAIKLtE0c"",""https://places.googleapis.com/v1/places/places/ChIJZUvre0z50YURU-7ZlnPbr3A/photos/AciIO2czb8BI1Sqn6i5nbpsSPXITtjiAFibPPOcpvhehIcRlcApxzZYIUZuhUKlOCtWDRT34YhIakV9Zi7fnxUGNx4sxBmmyUNAxdhAvCKbUltGNejGuM-Rw9WgOcdAFXbsedesvThHH_39zAeOGjGMy8EBOjPmY5p10qIBty1gH80R16klfW_q3vTi_nY_IVAPV5-eDRxNiUIUmGGcHD6PIdNLU5hFMps3QJS2MWzNnSocCS6kUtd4mB_QBGMvDYuL_atu3UfAxRF5LQlCYQvAEppk5LzKmVHH68hPGizoxWVaO_S7dVZQ3E8U9z3AUE-SMIYBh2nFmwGGmz8IsdaTiBtItEgORcDh5vqqnQemEqm0s5NX6eWFt9rsC4hHJEGF1MDIQG2umdm4ERMzRD-sxbpTWvkquiZ4mmGNsiE7LavwYgKP_/media?maxWidthPx=400&maxHeightPx=400&key=AIzaSyCz0w_6ziQlJVYzINlEK2bj_7YAIKLtE0c"",""https://places.googleapis.com/v1/places/places/ChIJZUvre0z50YURU-7ZlnPbr3A/photos/AciIO2fLdOd1xwdeAyqsI5STcZLjgjxaZiRRMaIXh-RN2ztIGPh6abXHbpVd2oIqctcf97wpo3_bV2KR3WSVo0a42hnfwNGnKhS__Noi0ZdMXjj1utIk-HNALEDF_2tDRMPNH4qsLKMVWZFaWCbiY4P2ZJxOVBiUAKeP3hsE-IXnclUZ-DRCgCPGlah5-G6lQIGX-Kd-2CvwRJeuMnTP_8JQyqbIwhTrtBBuxgxk4Y_oUpljCnqNYdUwbxSQIm6aJSXhQsWidhXgUWxLW8bFGcvDtItzBwt7Bvrntsgx30ZDjCQAWqjbaWNZjgj9KJzZLXPWpR5PS_bVR9xgTqOf6SUDX2OU1-5u81tfe5aJ6inRyNlz21sYN6ccpVgwDlg23OCYXNgOybTeJh9TP12ppFZQYaXN8H5LibH347Wx-oP3jUJj5A/media?maxWidthPx=400&maxHeightPx=400&key=AIzaSyCz0w_6ziQlJVYzINlEK2bj_7YAIKLtE0c""]",,,,85,2025-09-30T19:53:03.837Z
ChIJ98y14vv_0YUR4mn_lxGWoXc,Body Evolution & Wellness by Pilatesmx,body-evolution-wellness-by-pilatesmx,"José María Velasco 31, San José Insurgentes, Benito Juárez, 03900 Ciudad de México, CDMX, México",,Ciudad de México,Ciudad de México,,México,19.3642875,-99.18706999999999,,,https://maps.google.com/?cid=8620336164072548834&g_mp=Cidnb29nbGUubWFwcy5wbGFjZXMudjEuUGxhY2VzLlNlYXJjaFRleHQQAhgEIAA,5,2,,,,OPERATIONAL,,"gym, sports_complex, sports_activity_location, point_of_interest, health, establishment","[""https://places.googleapis.com/v1/places/places/ChIJ98y14vv_0YUR4mn_lxGWoXc/photos/AciIO2eSgM6d492r-FOpktaT0-9S4mbe68bS0tGG6ztshkaAQrquWjaPF7zCxcBg6fFedS7ccoMpzK1XjAtW1bsXUBPfp_9rtKxmE86u1A_iLjC6tzKu8Nlr8zPF6LOOpYQ8VOW7dxDjwUUP31QiT4oXEUEyZjKP6THUjRuZSxSrt6a_Gx0ZmJd49emqPCyHnGZt3ZfVkLdoQGBeQD1ZT-TvXkIt-OPVpBjRSC0j-o5EDhID4x5YVkk9rrDl2vkdVN9jrGSQoGYpwZbg6T4ogaBiEjd24tu2OTBmgcJJhdnwq-uNYw/media?maxWidthPx=400&maxHeightPx=400&key=AIzaSyCz0w_6ziQlJVYzINlEK2bj_7YAIKLtE0c""]",,,,55,2025-09-30T19:53:03.837Z
ChIJ3RZkLQD_0YUR-EDryo3owZA,Sananda Reformer Wellness,sananda-reformer-wellness,"Av. Miguel Ángel de Quevedo 310, Santa Catarina, Coyoacán, 04010 Ciudad de México, CDMX, México",,Ciudad de México,Ciudad de México,,México,19.346432999999998,-99.176356,55 1914 0577,https://www.instagram.com/sanandastudio,https://maps.google.com/?cid=10430873907659227384&g_mp=Cidnb29nbGUubWFwcy5wbGFjZXMudjEuUGxhY2VzLlNlYXJjaFRleHQQAhgEIAA,4.3,6,,,,OPERATIONAL,"domingo: Cerrado | lunes: 6:40–10:30 a.m., 4:40–8:15 p.m. | martes: 6:40–10:15 a.m., 4:40–8:15 p.m. | miércoles: 6:40–10:15 a.m., 4:40–8:15 p.m. | jueves: 6:40–10:15 a.m., 4:40–8:15 p.m. | viernes: 6:40–10:15 a.m. | sábado: 7:40–11:15 a.m.","gym, sports_complex, sports_activity_location, point_of_interest, health, establishment","[""https://places.googleapis.com/v1/places/places/ChIJ3RZkLQD_0YUR-EDryo3owZA/photos/AciIO2eeA0NUQP3NCFce5438rFbj_tOZqdE1Zj-orohGbpqTjmfxUCIXDqmoIFFy39WATN87P2p4y4airtyXrwGIZSKCmQrTd2Spu1MU1kLTmqvKJk8wFCL9nIt7NCFcjW4pMyIsmBpfYV9dpRRRG-pZyUzqzNXn0yu6W9XDwS_x06PzH-ixkBoXAps_i3Zk74tqD8ATHB02tv1pvmBBdSXbgD0VpnLESp9XJDisapf5z1vy01BOxavnVvKlD2_XmvAqwCSHDd_2h-slGRV0AW6MpYsQqfm1BF8p6fAViUC0ysi5eQ/media?maxWidthPx=400&maxHeightPx=400&key=AIzaSyCz0w_6ziQlJVYzINlEK2bj_7YAIKLtE0c"",""https://places.googleapis.com/v1/places/places/ChIJ3RZkLQD_0YUR-EDryo3owZA/photos/AciIO2eQsiKB2_gbzXRK1SkAUYg7QWOPxbV5h6HHsIEIQK-2aUP1-hAPxbCo7_nnqCuV9ZIF6-Dn2urEO0b7vkmzCYDGHpWETugs0eBDhGEqeBsCihEFhc-6Ixx05N9yggzE3fOd19qEqNhNU1skynvQW05IhexNrIKf0W0al7dUxKdx2f_IFPAQUnhADJA5KUmdBxgSX8G5Hlxt4PWWWAO-muSL8A_N-RalxiHpw1rEg_yZ7r-EgsF9tv0uk5W5mxJmZwzFQQZGhfFePhNKP3RVVa2GJMSPzCBot1n4VPKj9x6lxg/media?maxWidthPx=400&maxHeightPx=400&key=AIzaSyCz0w_6ziQlJVYzINlEK2bj_7YAIKLtE0c"",""https://places.googleapis.com/v1/places/places/ChIJ3RZkLQD_0YUR-EDryo3owZA/photos/AciIO2e-tJZLZqYwGe7Eaej-1Pb1dHdEmAEwjCzIJOcPwCX1jXDA72gaHD2ge_zCjgAeFJglTnG5fzgAjnNmAn5g28kxAHv3J-TFzYv5KVinyR2NSlrh73Fykh034QBp8R_lgDVorKvml8nT3huNPqutpVC71Yba3f-6wz2srbZKJYUDzW4sXm6_iOI0KYPW5G3SWZq0qsCXNMQoslGhSVUM6kiZJ5GZcx4zHsRXfkBm3_j-cmL30_CWbd5Xj3OhWFfsVDrX10C-8ZgavUrGwutvNqi-B840ojTVzh4UjVcMHyFOMQ/media?maxWidthPx=400&maxHeightPx=400&key=AIzaSyCz0w_6ziQlJVYzINlEK2bj_7YAIKLtE0c"",""https://places.googleapis.com/v1/places/places/ChIJ3RZkLQD_0YUR-EDryo3owZA/photos/AciIO2di2BDm0MqjCV-ZiaDnCHBtdalPySfCJSKL6CyzeaxlfKJ-RRZ-ZUZg6vISNt8CjazTy607kZ3b1Y_-k4BNsmaBKx2kNT0AOHAMWHe3tsh2QQVKVo09OQsvXdzF2dblXzjmL6jwwcclQcnqZzDkcdCmpoFSI1DXYHFQ_3Zmq8oBC7QV-2_LqneiU6p6_FGOb_hUULe7gvIL3fJCWAPxvItlHIthdPq0lEsgkiq0SsRlx-eo7txnuWaYzrkNpgn25jPo-t9yG5cvcf6YtVhdE73kpwpMHXeK_hD2rPHEqza1wQ/media?maxWidthPx=400&maxHeightPx=400&key=AIzaSyCz0w_6ziQlJVYzINlEK2bj_7YAIKLtE0c"",""https://places.googleapis.com/v1/places/places/ChIJ3RZkLQD_0YUR-EDryo3owZA/photos/AciIO2eWPOdvR1kyNIzmS7uKfPCQXWrH5QvHv0ugJGuxrA3RBZo5hOW2HsUWN2ssVlynJ26GprCA2sOgQgaILoUh0Nsyd3YAc1aFXTmKOB75UPhBwKqTNcZVhBgKlPGJtpg-mUJfQUoWrRo03v1QrKMpwI-vqTqESZlZxq-RNdCIgeu3IX-hYwQpOE4rTQi3EKDvAwbsNSyBuNFstq9Bpkjsif8TJFjEalHs9O0tuFyDhh8yzBA4tH8kacsaFUtxxx49GLcxHuyCtNNTDLS7D-oga958rGspn6V7-qHDIuxVOL9tug/media?maxWidthPx=400&maxHeightPx=400&key=AIzaSyCz0w_6ziQlJVYzINlEK2bj_7YAIKLtE0c""]",,,,85,2025-09-30T19:53:03.837Z
ChIJ3UzvPzgB0oURuhv-zGyY3fQ,Balans pilates club,balans-pilates-club,"Calle Julio Verne 10, Polanco, Polanco III Secc, Miguel Hidalgo, 11540 Ciudad de México, CDMX, México",,Ciudad de México,Ciudad de México,,México,19.427403599999998,-99.1975836,55 7423 4796,,https://maps.google.com/?cid=17644426508170566586&g_mp=Cidnb29nbGUubWFwcy5wbGFjZXMudjEuUGxhY2VzLlNlYXJjaFRleHQQAhgEIAA,5,5,,,,OPERATIONAL,domingo: 9:00 a.m. – 12:00 a.m. | lunes: 6:00 a.m. – 8:00 p.m. | martes: 6:00 a.m. – 8:00 p.m. | miércoles: 6:00 a.m. – 8:00 p.m. | jueves: 6:00 a.m. – 8:00 p.m. | viernes: 6:00 a.m. – 2:00 p.m. | sábado: 8:00 a.m. – 12:00 a.m.,"gym, sports_complex, health, sports_activity_location, point_of_interest, establishment","[""https://places.googleapis.com/v1/places/places/ChIJ3UzvPzgB0oURuhv-zGyY3fQ/photos/AciIO2cyWN-swpZtkHSNECjKJWg40SDA0iCQG26BTRsdmceW3b5Cc8s6mz-st6k-ZPJ9YOHVTxmz20ST7mZEFz9nrmOyD0Ebfd-CtzTBy4RxUqwGrp6AKTV3oZfE_vfoTn3xZezZCFvWYm7y5-IRw7OuT-p_lAHBTlEUvaYiXO-4P01c579XqtvGpOGiaamINlXkZ31Ug-yC1Vy-xWvwvzGslUXRpXDD6yFNuq2uIdrqehg8m8INuimEYK70riHWYdstAoNiFpdHYdb_DekijK3-uXsBaHswdZ_leYavsmYmo6m3Ww/media?maxWidthPx=400&maxHeightPx=400&key=AIzaSyCz0w_6ziQlJVYzINlEK2bj_7YAIKLtE0c"",""https://places.googleapis.com/v1/places/places/ChIJ3UzvPzgB0oURuhv-zGyY3fQ/photos/AciIO2dr7Ex6UBBglp_WNkOcKD28huGuDWB3mBbXxOgK71TkOe-dvb7NQAeT-kfWSaMcidRWIgmlnlcwoC4ZDGleyNg5jtZ4Ftm_uzxBRD4xiZeOD9vCreNnFzpeouiRb4SgNAPK_lEn2ZiCW1EOO7TE9D8DK3a_GGF-Ywqhej0ITgrvwGM7d4q3ahDLyaRoOaqjSO4jMp8TOzihf_5l8w52bxlKFGYe9EcZZTY2-zCWyxoOCusYZzXpnu5lEGg4G1zskwbvYYxLjLc93cBhZocfe-_NerPRDoHSePdnG1wlMpa1nA/media?maxWidthPx=400&maxHeightPx=400&key=AIzaSyCz0w_6ziQlJVYzINlEK2bj_7YAIKLtE0c"",""https://places.googleapis.com/v1/places/places/ChIJ3UzvPzgB0oURuhv-zGyY3fQ/photos/AciIO2ct71OxL6FBmtF7VQ5DTmNoKO_c3QxdCpJh2K7jwa_a8I-lczmEdoW3bQOh8DesRDxRrH0EzQ34UNvOkDYop-y4m7M2DdXjayChRjrtLCXIWLDOC18ROzaEr9-_61Bn3U7FM5Y4BDAISH0_pxHxv4yS2JFixl8VrI2U7_YE2jyp8kxMdsH4ZSMGyGEj2rx93L2reB1Bir2ZAgmJm0fdWTphqwoTTpzJEsf5TExtYwq7NRwAFJp2LWaJ-mH0JuCJBeO21boBFgk9-xkwD431tSEXZUXh12S05bcilXDIZxsXxw/media?maxWidthPx=400&maxHeightPx=400&key=AIzaSyCz0w_6ziQlJVYzINlEK2bj_7YAIKLtE0c"",""https://places.googleapis.com/v1/places/places/ChIJ3UzvPzgB0oURuhv-zGyY3fQ/photos/AciIO2e4fr9gzQCdOsakmAHPSfrWtOg3wi3C71OHLqtHlkEoLxFVaqxpajYXgMivdNoOxxIzgGELjlUny2AM7F-yjB5a_iENK1_QcWFAV3yNXsxZZ0KRF2y-wA7qBY0rvUiSac_UZA2FrA8ZrXpRdsEtciHcaNjnivlBBtbGXEB85Nj6yJdWROAWwn60342Jh7MIJafCZYsd8PBjN5howrWoCZYA55w6K-9RCWbPancsMKxbSrXCqhM1afcWw07LCllDLdwdhqK1joNb9G1F_d92k4zKCuudeM_3cGiXYSASFE61ag/media?maxWidthPx=400&maxHeightPx=400&key=AIzaSyCz0w_6ziQlJVYzINlEK2bj_7YAIKLtE0c"",""https://places.googleapis.com/v1/places/places/ChIJ3UzvPzgB0oURuhv-zGyY3fQ/photos/AciIO2fc6HoHDVpjrwyqu_nktcSr6bO_Z220-xSfcR1TwIqADuxjOlA8UDif8YZe4qOBXamypBr0d2dvkq64QYQ3bT1SVWKuwl1_8-D5YTUpYjhKI2zrer2NWPcVIyw-nY8znjCW8hMvCk1VSA3wPrWQLKQdllyYXTjs5BcaMnBnIKYS_fDkJRZiDcqYYqYgzDY9sxreR8J2zAuMHyVYsie4ZwP2Qpd06Z6-SgcxaeOePMk7lu1ddySwVhVv3WrATUrFQim4S1t0_KZOugX-JHSVNrHiCgxJ0LwNZRt06RhzlGxyEQ/media?maxWidthPx=400&maxHeightPx=400&key=AIzaSyCz0w_6ziQlJVYzINlEK2bj_7YAIKLtE0c""]",,,,75,2025-09-30T19:53:03.837Z
ChIJfVbyOxsD0oURheF95l08Ktw,InsideOut Pilates Studio,insideout-pilates-studio,"Calle Sócrates 141-Oficina 5 B, Polanco, Polanco II Secc, Miguel Hidalgo, 11530 Ciudad de México, CDMX, México",,Ciudad de México,Ciudad de México,,México,19.4375267,-99.2041916,55 8248 7882,https://www.insideoutpilates.studio/,https://maps.google.com/?cid=15864559011362627973&g_mp=Cidnb29nbGUubWFwcy5wbGFjZXMudjEuUGxhY2VzLlNlYXJjaFRleHQQAhgEIAA,5,1,,,,OPERATIONAL,domingo: Cerrado | lunes: 7:00 a.m. – 7:30 p.m. | martes: 7:00 a.m. – 7:30 p.m. | miércoles: 7:00 a.m. – 7:30 p.m. | jueves: 7:00 a.m. – 7:30 p.m. | viernes: 7:00 a.m. – 4:00 p.m. | sábado: 7:00 a.m. – 4:00 p.m.,"gym, sports_complex, health, sports_activity_location, point_of_interest, establishment","[""https://places.googleapis.com/v1/places/places/ChIJfVbyOxsD0oURheF95l08Ktw/photos/AciIO2dLieQ44in-hodr5x-Ss3N_8viWH6r2dr7egbneYaxrdsSHDY0oEbvZs5XZm2GZTAaqJixRzJRmzDZLO0JE3yXDaixFcGeTpT5HiVtX3iwXq4LWyzHwYv3P1icw5GZDZ-wS6XhxWpPjYFW4zBazHjnleYhTgxMPn9inextva9ZFMh10PL8hMGkAF1TYKn-ZOwiuOdWIcGlCQnt2kpYYVwe2bL7dTuqzZ7DRpO5Xol8-Z4mTUEfZHpt4q6gk1GfT3Q9vfwPAjFHCw-fp55eT5OhvR8NomCOxtvGyG-58ZJl9JQ/media?maxWidthPx=400&maxHeightPx=400&key=AIzaSyCz0w_6ziQlJVYzINlEK2bj_7YAIKLtE0c"",""https://places.googleapis.com/v1/places/places/ChIJfVbyOxsD0oURheF95l08Ktw/photos/AciIO2faDN8G1acE-yCvdyO2KUMXqHQ1sZDwu2cMzYaxGgLEwzBf6g3F5d9mfklGx3EzaXhr1F264iNbX3juMad9lrpGFIAngJS7OVp0woPxBXvbxSRT5D-0EvdYktf4QhMlJOoK-guszhn82-FV8E4WS6Z6gyJlbZfWWp_61LVo6dw8yT8zlBWfMwhO2sQVH-FTMepx0QqoNKZqjDHPNMZDsFnlis2ioglgXcfcLdFpozO8wAtUDOT4AtuC1f08ldRim4LID_JgtVPDzfE3Fm3gXyKeWeb9cOqMGVa8vYlQDmjQneoBpjcSOzhKNNdf0GUzVI6d8A85XnxhRweECbq0GGspDkTjnrnYRbaSRLwOfOv0kMuiBzjxXT1N8Ft2i6hbWDPeepuiekD_3_OHE18rCESUvm9j7_sI9AoeSouEypDJT9ZqLlSiKxY6v42tXlaZ/media?maxWidthPx=400&maxHeightPx=400&key=AIzaSyCz0w_6ziQlJVYzINlEK2bj_7YAIKLtE0c"",""https://places.googleapis.com/v1/places/places/ChIJfVbyOxsD0oURheF95l08Ktw/photos/AciIO2c5-BiASnxzinjE-aNmx7WVgld1oMvRhqYQIszgr34QVPI25Oust561S3XV-LXoRtFtpt48oEfCZu7Dns6OS5q4gIdmqsisMCskUKMYiSIp5w-6sxoPNvPTYxho3NgAutp2WWnjBkyOSNdcvHr-tZq-U2qY1Gm1ZC6un763IMqEzhuKwQprlHOwSBwiy4xgLmgDdrS-vhPlWBb4DjnhA3puv1khweLnKY8_gYZ7JIRIkIJjV7yf4IDqKbTqo5mPiYbz-R0eh3Di19y_yPxlnN5xFADCgc8zHx9Erug6v_RznoH6O0J3LCpoVRzehz7fdQLKzWy8htYK57iw7tsxBvQ763b0cJDFIqXwv8Mc1VIXBT8RS6jPn6NU8g9-OtQiUbcCjQoz2DVPnDXYuUWKRYGx3o7cHrkJI3hUVUM0RRslUcAyKWn8tXiz0MN2fzhv/media?maxWidthPx=400&maxHeightPx=400&key=AIzaSyCz0w_6ziQlJVYzINlEK2bj_7YAIKLtE0c"",""https://places.googleapis.com/v1/places/places/ChIJfVbyOxsD0oURheF95l08Ktw/photos/AciIO2ctroMQzoM75yQoYH6O0YQyGJfYETOQ_gg8cMGH1T2VIzSvfZO8RD71Co7Wz8TryZoCuHc_Y_LzUwnvECcC2AICmMmhyyD58pn4cBxfqAlc99cLMTTYdIAbrSIGee8vjZ_e8yWwpTF-xkQRwMpkfWP1uxtA_rwQwEvLsWknr3URx781T5zOCgf9V-yVWgua0ZvCxhOmqAy2B5FvQE7zzx91xo_JI2huIFtEFDy69I68r4JVS_eCA9QsDS3Gu7u-cLU40TL9Ks05qW_FNabkIOjjVcAe8Z8cWl1YbpKmsOV9Rg/media?maxWidthPx=400&maxHeightPx=400&key=AIzaSyCz0w_6ziQlJVYzINlEK2bj_7YAIKLtE0c"",""https://places.googleapis.com/v1/places/places/ChIJfVbyOxsD0oURheF95l08Ktw/photos/AciIO2cO8SAyIw9TUEw3o4INmfQHLv6swvEBw8C9Stuaudt7p_jssvzUMzLzYoQIlImfEqb5J56eZQSIyV1aUPgpfO7hWv1kexXG7KUHRI9t6wMEu8uj8GczEjBBI84zBfK5_malKUrZigoFSUhWVKBs4QH_et0nifZ3U6eIGw4y8Rwyd4F9kWHTocstWtynYWLTP--ATnKaR7oI6EFw2D9M35IfbWTPz5gmZGbfZvYWtnHxifhPX_92lyV6yCNA2OCRDCFxgF1a6h3YUF8qNAZoA4A3iIx4CHVjDlct6WgucpkOyg/media?maxWidthPx=400&maxHeightPx=400&key=AIzaSyCz0w_6ziQlJVYzINlEK2bj_7YAIKLtE0c""]",,,,85,2025-09-30T19:53:03.837Z
ChIJWa-D2xgC0oURi11Ik42CgWc,The Fit Pilates Homero - Polanco,the-fit-pilates-homero-polanco,"Av Homero 1730 Local A Esquina, Luis Vives, Polanco, Polanco I Secc, Miguel Hidalgo, 11510 Ciudad de México, CDMX, México",,Ciudad de México,Ciudad de México,,México,19.4366319,-99.2097237,55 1553 4338,http://fitpilates.mx/,https://maps.google.com/?cid=7458386002475244939&g_mp=Cidnb29nbGUubWFwcy5wbGFjZXMudjEuUGxhY2VzLlNlYXJjaFRleHQQAhgEIAA,4.3,51,,,,OPERATIONAL,"domingo: 9:00 a.m. – 12:00 p.m. | lunes: 6:00 a.m. – 1:00 p.m., 5:00–9:00 p.m. | martes: 6:00 a.m. – 1:00 p.m., 5:00–9:00 p.m. | miércoles: 6:00 a.m. – 1:00 p.m., 5:00–9:00 p.m. | jueves: 7:00 a.m. – 1:00 p.m., 5:00–9:00 p.m. | viernes: 6:00 a.m. – 1:00 p.m., 6:00–9:00 p.m. | sábado: 8:00 a.m. – 12:00 p.m.","fitness_center, gym, sports_complex, health, sports_activity_location, point_of_interest, establishment","[""https://places.googleapis.com/v1/places/places/ChIJWa-D2xgC0oURi11Ik42CgWc/photos/AciIO2dsnS7FhoZ4kwGFSFlR3-xYj6DsLZNJzpijo0KGKxA4Hc-jPatIRDZNSap_fWS0z2-8Ho4ne1aF8mDtLqZFZIVHBhaAriuDtasfvxetAGWCK_AvbVFjU_aKOCX1GM8ZE5bYEvNqNR3iqwW-BiM_2EohTrBFBmjFN-Qy5Uq0XxIyM5XmAiVqtWeLfsZm2noIDMRWxL_0mhLg2YQENbHAIX-sZOaMhCMPEUdcX5zl0KgNoXtZUVEmeDn6aZMidm7tQef81HuWqkkNcRjbSEypEhs2s9_7t4jgLBTOU16PDKg0FQ/media?maxWidthPx=400&maxHeightPx=400&key=AIzaSyCz0w_6ziQlJVYzINlEK2bj_7YAIKLtE0c"",""https://places.googleapis.com/v1/places/places/ChIJWa-D2xgC0oURi11Ik42CgWc/photos/AciIO2fVy4oueKRuPvoDwL4yS-bzMkbXKkYL9QV_ihha5XVk3EAm0_DMDCkzfJbQ6_Z4jFWgklhB9FrxnlSsG7F44LqTwaWzcPPVD6yAjDr6YKbAc-BUV2m2SdOBD3mYf0YDIA25HJ3Svq8ELfrIeHqixY_lD93vpWxa4DXI2U7SyRHwOnxCNoIhZG0exccxCc7Hk2PvF9cfWDcJwJiMRZJd5QzjNnZFxEg8t4Bv6subYVQk_zTBSwLLkU9rPGdYyFC0oey-aJpAUd9nP5EsYf1cLDvxEPMbiPeBQDdLNSKCKkx0qQ/media?maxWidthPx=400&maxHeightPx=400&key=AIzaSyCz0w_6ziQlJVYzINlEK2bj_7YAIKLtE0c"",""https://places.googleapis.com/v1/places/places/ChIJWa-D2xgC0oURi11Ik42CgWc/photos/AciIO2fhRlHPkSYAnJaLzBvCPdsfVnQwq6qlWvBoQ_dS3JP4cJA5S3RmrJU3mHcZMnLYPPJOpnvXDPNL0QvzCXi9L9beUg3RqB-IQBuCtnBj9KidZlAEqpSWLW6hR9lAMQ-fu8DOFmBsbzlNoHP0zjOI0DGgSfjbaoFV46l5LRpOud3BMxeGmnQAnIv3CTEvXXBzPApr8I8SrCDbKhFjCb2zVPCnCTnFWabWpu0IrfkhDi-XEXyy84LmTmSo3hcQlxiv0WuLY2kxkrfQJITW3eNXj7OIGv5TcNcfj8EvVCWd6K-Oxg/media?maxWidthPx=400&maxHeightPx=400&key=AIzaSyCz0w_6ziQlJVYzINlEK2bj_7YAIKLtE0c"",""https://places.googleapis.com/v1/places/places/ChIJWa-D2xgC0oURi11Ik42CgWc/photos/AciIO2fQCFaK5SkDunRNLAU5zWy1-MK7mmQzF1NByq5uAE4kajlNNhVRdyGYQRq6sqOWp3mZpdXmj5tCiBA3y1SLa-2_nZDzPNRbqTjlm3DoZYbvZm5Vmw4pMjUo_jcstE7dv-WqBEA8zBRIbKp8f0QdoSYwT_3b7j9ec4rCHpgbusTBrWnZo9aGRMjz_U-pGWzILHM0_M9OZIuz38DkpuBhFocuUx9cOzhr3YD9LP4UoddzLlX0dhOFM37P0Fc2wkAJD4y1surBAyyNYow4cK6WpvHhYWOYbeaKhGVsJURHLFEP9A/media?maxWidthPx=400&maxHeightPx=400&key=AIzaSyCz0w_6ziQlJVYzINlEK2bj_7YAIKLtE0c"",""https://places.googleapis.com/v1/places/places/ChIJWa-D2xgC0oURi11Ik42CgWc/photos/AciIO2fbXhqssBrDy4yE4LOFnNxbMRcuHA2fiVqdiwLuGNWz1FAuKj_eSCOWaEq3z5GDgxea5mC1I_oQs-v-c6Hhrzur7lqU4YrD7xMfwqZ-UvVwtr7mJOHpbWEEHygY_Xinqym50aWfbhq6dn1o3bkxjxHoq6XVDf4Q-dhW1c31djrop2sFi7s-1Onu1SfBMbmqMNUQgz3DLRizizUYfGgqkCG6u99WiaLF6cXsVyB7B6XQwsVCNxZ8wZy9TURqKapErQnL93NI_2AmMe8VNiUa_g7UOPIOZTIZb3lpj9aWQeuXzQ/media?maxWidthPx=400&maxHeightPx=400&key=AIzaSyCz0w_6ziQlJVYzINlEK2bj_7YAIKLtE0c""]",,,,85,2025-09-30T19:53:03.837Z
ChIJhwCxpVED0oUR7YX2BYk4vKc,The Good Studio Polanco,the-good-studio-polanco,"Cda. F.F.C.C. de Cuernavaca 780-7º piso, Granada, Miguel Hidalgo, 11529 Ciudad de México, CDMX, México",,Ciudad de México,Ciudad de México,,México,19.441453499999998,-99.2018487,55 7925 7936,https://www.thegoodstudio.mx/,https://maps.google.com/?cid=12086597661117285869&g_mp=Cidnb29nbGUubWFwcy5wbGFjZXMudjEuUGxhY2VzLlNlYXJjaFRleHQQAhgEIAA,4.2,29,,,,OPERATIONAL,"domingo: 9:00 a.m. – 1:00 p.m. | lunes: 7:00 a.m. – 1:00 p.m., 5:00–9:00 p.m. | martes: 7:00 a.m. – 1:00 p.m., 5:00–9:00 p.m. | miércoles: 7:00 a.m. – 1:00 p.m., 5:00–9:00 p.m. | jueves: 7:00 a.m. – 1:00 p.m., 5:00–8:00 p.m. | viernes: 7:00 a.m. – 1:00 p.m. | sábado: 8:00 a.m. – 2:00 p.m.","gym, sports_complex, health, sports_activity_location, point_of_interest, establishment","[""https://places.googleapis.com/v1/places/places/ChIJhwCxpVED0oUR7YX2BYk4vKc/photos/AciIO2cvhee22aqvCKLapD3k7OEZGnyQkJCJIDIn51QiKFOfhTL39K-91oZYM_M4zAxbsw2WdE_Y7PIEhpOUYr5xVmn4BDAWGlcwrQOFp2NTyjlqiBIQ2wCS3PMTHmq5VsLBCkff8tjTSvENUdJZSlE0TQVw_qeUMFd02gRbjFQI4xC1JObAp38iq_TnsDqnf02t-6OnkyYWZG7qatPLwgkM_fBmY7GGxHvGxgoeoDgQ0uW8zxL_4RzTmUdrbMZDD4LKuyB1L6ZaXk5Nsfkwo7USmiQ7ej1SSFNdaNAovtxrluKJmZVN2qxk5sZzmXFlg4AWCyA_H28om10yruvu1cSyxDciJBGYbpnYgc1Hgz22cD6Xx1s0KmsYOLj64NkkUSOLtti__XILIEjeGwIBx3HzEUuQ3_mDMDSYWx0c9OJqpYhJJg/media?maxWidthPx=400&maxHeightPx=400&key=AIzaSyCz0w_6ziQlJVYzINlEK2bj_7YAIKLtE0c"",""https://places.googleapis.com/v1/places/places/ChIJhwCxpVED0oUR7YX2BYk4vKc/photos/AciIO2eHcye-SdKJ0H0IzAMTW3VjgEGKVFWlP-cPoLgC24c1L6VuBbadV-s7LigFaZLhbtrzqDGs5nEys2axq_u3-JQCD8AwjL2Lu5RVN6IE3rMO_zejXFivJugXeObAu8yHlQqJpjoNAXpZLv_DL7c2j_2sjB30QeZ04Idy0VOAW-H-qMcqby4GZpbUd7eDfh1vh1Y3O2JWrh0DJuEBsFWiFcRHZyI9ja2YTbc_1Xvc1jU4PgaZEzNa45uM9wzLk1KXmuwPZRDEkXkXX6fNroScNklD5k6P8JxNaEug2uRtvJ0yAos9jcH8TMO3DHfQSNwU_iD-MczM-C7htQu70DT4sYmSfj81kQd5gZ_fLnrQ9TIf32JvuZV-Q5G80O_hlFnX79t7xXVi-Jt85DFZjvGOkSkO7zYkMIEkqLJWeCbx3rTavQ/media?maxWidthPx=400&maxHeightPx=400&key=AIzaSyCz0w_6ziQlJVYzINlEK2bj_7YAIKLtE0c"",""https://places.googleapis.com/v1/places/places/ChIJhwCxpVED0oUR7YX2BYk4vKc/photos/AciIO2f2IZCPkDZ3t_5os6KmNOLbcw4GJ54AzuLfb_Sj9bwjAdLTMNwyHaxK04FdP2J2F-x6kl8rG9MYocyqhEMTGArmGsxPwayHQ1YwXtljmrCbVZPeNhX7ELeJHxR8fRs6hHNmANr4ExXSVdobR4_ULo5Me9z3BQp5P8TuL3vN2vObEl6ahSuHIEQTc59zRb6RD-JwjGVQJe71EKEyjCmmwWRYuaKgXgJaZBDNC1Ayw1hHYP9puAFfUb1ebbh9U4Vd0O7xxM2W1XBPG_sTKdrjE4IuGCIykIhtenU0RFdCf4vXaDF2_X_o7Edv0SWfL34fcTDkOlFSGkO5Vjq9ktbsC8ql_bEDk-cbITQP9NsJ9IA70cNxY5fWPmXZtI29hbLC7TqIg-07tGIPKJrXJwbu00p__-XLLPzGD1jZBECN8Avttg/media?maxWidthPx=400&maxHeightPx=400&key=AIzaSyCz0w_6ziQlJVYzINlEK2bj_7YAIKLtE0c"",""https://places.googleapis.com/v1/places/places/ChIJhwCxpVED0oUR7YX2BYk4vKc/photos/AciIO2fHNN8qOLF-IQr54a20pkMzXSdHf-Di4bBfZqJ7Rjx5s9Jkvri0vRKofvyVM_9j9SvviJqJI3hgSiW0gf87qBsPHOlemdR_Ic7DwXSndDzlTvDvHinOs6S4oTrsc42vMOxQcdV2LnFnmq-k5wAZipvHzDuoCUbhfMkuFFgF_Pyp2G1hXThWsjZ8KZKuLPM87R37j3EXKQrHrpvmPMyyLg91EQBX3cnBSPZQmUbYoTaIYqgCq_m80Qjcp7EyhKVasczP7HjBTcHvsSH7kfkiwxmAev1dqfx4GiA4cBepR4mmGLbDiLbMnMN3ouGvCYpr8sEQUNV5_ymBvW00i0UFe-y9Lfk_WZwp3_8AORK18Iml-IU9a_4Sv-Nc9Cg_45WU38IwgnErwXLx_nrh6X6WYje8eAsV5T0p9WRqjhcNVIW6pw/media?maxWidthPx=400&maxHeightPx=400&key=AIzaSyCz0w_6ziQlJVYzINlEK2bj_7YAIKLtE0c"",""https://places.googleapis.com/v1/places/places/ChIJhwCxpVED0oUR7YX2BYk4vKc/photos/AciIO2cf-2dZ74mG7QhE5hp_IonDooxlPkmsKDGgaogRVKCpC9Gi70nCXBp5oJfimavEQy1dvQoclLbwRFfrbn8r9XHN6pbPksjaxz-c0sXNEfHZh6Z6rIF-jx50KGkHSpBxV6kgtEpVpTnspE5eHzI-k3Hj-7PwroInlhVrq2vwXGqixLgrOL5UHI_TpHMNJ5qX-OPm6OzXvk1m2bdoX3i4mMc9Z5z8gVV-BxyN_c5R9nquq1DFQshPyYahnoWvSzzxuZ8VYoRWzIUJnVT67bkQUhc7ux8g1SOGRtSGVhdCCpTCEWjW2mJeo14N7rx55dVLZglRUP6eH9DkMGHFEQWQr8Pk6FLuGKobmKshkS53k4XAcTpH9W5EzMYjkd-crm8zIr8Fn3QeGFlPfk3IwEQ9YZ0WKjZ7qCJm0p-1B_Zd2LTuMA/media?maxWidthPx=400&maxHeightPx=400&key=AIzaSyCz0w_6ziQlJVYzINlEK2bj_7YAIKLtE0c""]",,,,85,2025-09-30T19:53:03.838Z
ChIJqzA2f9L_0YURzG_5lJ22PC0,MAISON PILATES,maison-pilates,"Leibnitz 14-piso 9, Anzures, Miguel Hidalgo, 11590 Ciudad de México, CDMX, México",,Ciudad de México,Ciudad de México,,México,19.4257925,-99.1772139,,https://www.maisonpilates.com.mx/,https://maps.google.com/?cid=3259681018234892236&g_mp=Cidnb29nbGUubWFwcy5wbGFjZXMudjEuUGxhY2VzLlNlYXJjaFRleHQQAhgEIAA,5,10,,,,OPERATIONAL,"domingo: Cerrado | lunes: 7:00–9:00 a.m., 7:00–9:00 p.m. | martes: 7:00–9:00 a.m., 7:00–9:00 p.m. | miércoles: 7:00–9:00 a.m., 7:00–9:00 p.m. | jueves: 7:00–9:00 a.m., 7:00–9:00 p.m. | viernes: 7:00–9:00 a.m., 7:00–9:00 p.m. | sábado: 7:00–9:00 a.m.","gym, sports_complex, health, sports_activity_location, point_of_interest, establishment","[""https://places.googleapis.com/v1/places/places/ChIJqzA2f9L_0YURzG_5lJ22PC0/photos/AciIO2fpWigo8RmVuioZfvAywu3eYJ6Sanf3NJGC-vhc3dgHvXfcP5n3alM3z0zZ2Nny36XYRRaNZFtVgNG9QLmcD08cVvtQcuWtzQZSKtuTVk_RAsYZEEIE5sRJDfIZ_S2Z5hALW5bQ7JB3lyfd-Mbe5mwdu_jN-riWxZLNfu_MKOEaCqZEGWhsUwzhSmL5ksUZ92mba4AcE8DFTKhYS8cjLGmwsU7EYBMi5LjlZipY7vnbb78PTJ_iDJp3J7YkKBCB3CCKf3ZMHHmrw3QHHw0jtn8KXEuhMDiRBkRpxr6u1EADgg/media?maxWidthPx=400&maxHeightPx=400&key=AIzaSyCz0w_6ziQlJVYzINlEK2bj_7YAIKLtE0c"",""https://places.googleapis.com/v1/places/places/ChIJqzA2f9L_0YURzG_5lJ22PC0/photos/AciIO2eAp7gp7Nr0mJSfg8tEE_I8arlAIkLKkLBvE85hvNq7D36K4WTwiPK7ENt4hSiEV0ubGMO75n9SZCv1ZjJQC2p7ZmDFPvRwMEqpEc7Txcb9AlQHSPb1-cTBh_k1ln9SHvMkVWk1yss9kZQhtGrxz4_9FaFB3c0kdbJX6tvzTI-bRfhHiCiggfoc_oh1aZx_WpCHfscz5ylPAlPZSh427BbZ7rTgQbP04dv54OIFdGic5O4GC03aAkIQE2EPXOp7HPqzFlNQBPDqTdOwwIe5FwelBJZc6fzYq7cd3jMu6s2rVw/media?maxWidthPx=400&maxHeightPx=400&key=AIzaSyCz0w_6ziQlJVYzINlEK2bj_7YAIKLtE0c"",""https://places.googleapis.com/v1/places/places/ChIJqzA2f9L_0YURzG_5lJ22PC0/photos/AciIO2ehpDjts-rcvRP3cwtk478K22zVqwa6G6kMPaaZpwjcLkqVKuLBdSpK36FJkv9Gsq4ixRvi0HSqiOPj48mX2hG52cETEbNAES8Q8Q1l9FUprYUlKolBLJL2J0Ac4Q3MDNOrWidgXg98oYcO81M8RGJEWAzNZ7eqA9-h58x6ZmaOdkB-wzCZvi5E0tmQuuVCwydCpGlEoLxjX67G7EkbNom7pAkiMIf4nAmcEabh1QSdKNrspgdhwMb91FlPHLNGAIfbJWbfPq1klLpdjHCx1l2PKMsA6JgTdfJfDqBtwu1Fow/media?maxWidthPx=400&maxHeightPx=400&key=AIzaSyCz0w_6ziQlJVYzINlEK2bj_7YAIKLtE0c"",""https://places.googleapis.com/v1/places/places/ChIJqzA2f9L_0YURzG_5lJ22PC0/photos/AciIO2etCLRaIDcHScORmxRlSCIMxSuano-19d92oQRIJIgOx_Sc4daXf3V-mN7rju7T-MCtKMWIH29_SS-MRuTi0OuXzK0saqcEftVLYNCBHbKgz9h_fyivGYUp-BmxHGl4kbExfWcFpkxS0JROkDK6PkqqQh3tNAwnEQg_Gb85z7LdggIzT6Fj7G-Kkbv9uDs-JbVD3w9aoYL99ADEroxAIVXjuJ1KSShnEw2stPsHxMs9sRhSUDDtQ3_Zw2jzKpMe-n_2DP68CxlM9GSi34yuCeijgWEXrUKVDiJkq0J910RC_g/media?maxWidthPx=400&maxHeightPx=400&key=AIzaSyCz0w_6ziQlJVYzINlEK2bj_7YAIKLtE0c"",""https://places.googleapis.com/v1/places/places/ChIJqzA2f9L_0YURzG_5lJ22PC0/photos/AciIO2deHatoJOHCTNjFRYcyN78pYydmqsqlORRMRGRxgzc_mhG6Q_GmM43K1YvYVVP48rxlI4VGvJY9qQ4XbIaOhpgASUw84WMQ-EHp4FgNNVzEDVgedd93W4Xj8S6X6aNcNF1Ilk-p9L7LhGduf8yCUJKJEG3yHUPjpG3Z39P3-4up_KunU-oVYvIM8BUDutnmPHXrK-F_K-h2CWuS8RVovMEoGeNQVIDs6ZdfrsHDZFqjXqaNULEkq5_HVpuKtyQvvirWxdbREpPDRU-wyh5051VA6wEi021HzxODOCK9AHjziQ/media?maxWidthPx=400&maxHeightPx=400&key=AIzaSyCz0w_6ziQlJVYzINlEK2bj_7YAIKLtE0c""]",,,,75,2025-09-30T19:53:03.838Z
ChIJmS0Mv6QD0oUR2a3u63NEeLw,PLT Studio | Pilates & Wellness,plt-studio-pilates-wellness,"Goldsmith 38, Polanco, Polanco III Secc, Miguel Hidalgo, 11540 Ciudad de México, CDMX, México",,Ciudad de México,Ciudad de México,,México,19.4305032,-99.2009568,55 9279 0394,http://www.pltstudios.com/,https://maps.google.com/?cid=13580679941005946329&g_mp=Cidnb29nbGUubWFwcy5wbGFjZXMudjEuUGxhY2VzLlNlYXJjaFRleHQQAhgEIAA,4.5,43,,,,OPERATIONAL,domingo: 8:00–11:00 a.m. | lunes: 6:00 a.m. – 8:00 p.m. | martes: 6:00 a.m. – 8:00 p.m. | miércoles: 6:00 a.m. – 8:00 p.m. | jueves: 6:00 a.m. – 8:00 p.m. | viernes: 6:00 a.m. – 7:00 p.m. | sábado: 8:00–11:00 a.m.,"gym, sports_complex, health, sports_activity_location, point_of_interest, establishment","[""https://places.googleapis.com/v1/places/places/ChIJmS0Mv6QD0oUR2a3u63NEeLw/photos/AciIO2e642D1SgRmO0Jz6nChcWsDbPaUw6Ef9LIJq-2L7Ab69k7KzZbIIaryhfYbJS6dI6-raKwlYah8tt7q9Sj6S3tnJyAMqJQh0rUmL3pXTn6HTYq73hf0GCnAhvAXsygcYjSAgzap_Y9UbwQXXr3ZnLndx9ipplLS6Ht9Vza3rSU87oBjahyszjputs7J2Pjq88XTacw2O-haWb71jYkkULDVckZrVXcyS10EMEDRQ306ehGgP_0NLzSWyO9IFFQQkv8JAeDO1Sqy3Lm3FmDReKqcNa958mUjObqY6z6W4bOyvg/media?maxWidthPx=400&maxHeightPx=400&key=AIzaSyCz0w_6ziQlJVYzINlEK2bj_7YAIKLtE0c"",""https://places.googleapis.com/v1/places/places/ChIJmS0Mv6QD0oUR2a3u63NEeLw/photos/AciIO2dGSybLdvH1J35FWC6c6S0GblsQ_oC0ek-jqN0lmeou8Y1QiaIhnrm10o8p-cjdCY1LxFAoIYmp5eeRPeIDOBTRB69geC6FEuIdK21WKzXPqA1WFNCseLJqUQDBSmyvZq2P_CYSvZOX6l4fpQw2C2HtBoALhTU_1PYX5mK-Sw1WYaj-INO2lnKczAvBtDYmdbigVHOXgfGgG5NC5k-AomzQ-cLQOwwooCLoF-mSIlvsedtJcMXJMTwxcWjwlT-F6QNu1zsVA6ePT_79p2tDq8k0kfOoIDu6jqkgZNV_mC1IrFcDoyVfGvNdNrWy0G85GUC03ZBkEgbJQmjjlpTeLMPfhLjjRnu-BIw0lPKVrzAaI-w4tvpVbfiI3F5kfy_ooNIdT3FXUHjdCm2Z8HbcfnorlL9kUd1NvsPP5nEL78dqVw/media?maxWidthPx=400&maxHeightPx=400&key=AIzaSyCz0w_6ziQlJVYzINlEK2bj_7YAIKLtE0c"",""https://places.googleapis.com/v1/places/places/ChIJmS0Mv6QD0oUR2a3u63NEeLw/photos/AciIO2d-EvrY68synWidYlmk2HYT7TINbbBThOs7K83WRUV_n4jtT3cpSfuMtZTdRkQtGJMZNVYcl93c7Wnn8qkmZ889xjp4P_qY5jwiqL8gIzfVswG709EvyaoVmHVpU6AmE-jjsHo0lFLEffDjLEYijRaaM2UzQsO-vtD0mwbGV-Bt8ZDVG_Lyoyg-H1no0eH-Zqx9JwtwYSm-Q1aN9ZjlBJ5Ua60obUV5tRymlQt-ifWl9F_Fo6b13MsAirRxVNtXwYsUFdTHjPzrH42mcwH0Bnxpc7Zu-3qd_I9ONnPu_NuuChPLLh1rGkd-XpelrIfAz7n323SOKagDz5ef8MeXSY_Bz417hHZIwncznKa0EZNPGQy0yiMqyT6JsqU3zqBTe7Upp4ai8NTNAe6FyT6lmI1SzxcPvncI3QqOt4RI1Dt2iLsY/media?maxWidthPx=400&maxHeightPx=400&key=AIzaSyCz0w_6ziQlJVYzINlEK2bj_7YAIKLtE0c"",""https://places.googleapis.com/v1/places/places/ChIJmS0Mv6QD0oUR2a3u63NEeLw/photos/AciIO2cormGQqvd7q_iJUkKq18EbBTyHd6b-PUBhLbC6R6_mABmr_vmEze3-clJKgkR9dQa8RgBzQ3FU8cg28lxOAtvuRtRd2GjrDw5W7FY4TjpdE_wipE851eXX2d-ppxaOF-7rO8URK0xdZg21BrqV9x0eMycfigeKvq6UDYRnqMe1Nf6YT-hTCPGwl9qpWgLOwNHedos9_2JDB6JbmO4r1yqOxl2P0RJFspqsdOkhT3ZABaQAfm7gCmQ5H0RXUG4oPsBpPakHwOI1WeZH9azPnjMpJTjzRtaoa0MS-nHBCWZnyw/media?maxWidthPx=400&maxHeightPx=400&key=AIzaSyCz0w_6ziQlJVYzINlEK2bj_7YAIKLtE0c"",""https://places.googleapis.com/v1/places/places/ChIJmS0Mv6QD0oUR2a3u63NEeLw/photos/AciIO2dtquoDUPwfMR2BC8nkmJMvOEInTL4VY_z_Q5pf_JEZH9iPmXE-dBUL1SYu8A-i41XqxiUn_iOBjU6UxvuUPiEAegPrsGoqZ-sLGQVj4KYD4hiRVIJOpUiC6vZmgiTRoWNQlYP-vp3t_3uo5x1pu3Y5u9aEhoP0GEHzpuwyDpmzgypT7wZeF7hC73cbHju9fSPHJQ1cDmFc53xQoqDz1muQAAheDWMllSUPv1841ha072KIkDS2s5TMr0x_AICAbLsJhyW10cxR22XOw46H7hfRrXgllomKF-Fn2LgmVg3MnzWVjOZhmaIB-H9tnGRdc_AoZPoKK2COsKnC5Rg1s4FwSGCHkX7NbjSsiRlRT8YJGXM0mBX6DUN2OsfC6AZTho1uWYNi_vS_uvKrE5WsIMv1aWRS8-BQeqmdAI9cOEXpKQ/media?maxWidthPx=400&maxHeightPx=400&key=AIzaSyCz0w_6ziQlJVYzINlEK2bj_7YAIKLtE0c""]",,,,85,2025-09-30T19:53:03.838Z
ChIJ9-IhaMQD0oUR92ehzUSCusc,amo verte studio,amo-verte-studio,"Anatole France 139, Polanco, Polanco III Secc, Miguel Hidalgo, 11540 Ciudad de México, CDMX, México",,Ciudad de México,Ciudad de México,,México,19.432997699999998,-99.1972705,,https://www.amoverte.mx/,https://maps.google.com/?cid=14391958791235135479&g_mp=Cidnb29nbGUubWFwcy5wbGFjZXMudjEuUGxhY2VzLlNlYXJjaFRleHQQAhgEIAA,4.8,10,,,,OPERATIONAL,domingo: 9:00 a.m. – 12:00 p.m. | lunes: 7:00 a.m. – 9:00 p.m. | martes: 6:00 a.m. – 9:00 p.m. | miércoles: 6:00 a.m. – 9:00 p.m. | jueves: 6:00 a.m. – 9:00 p.m. | viernes: 6:00–11:00 a.m. | sábado: 9:00 a.m. – 12:00 p.m.,"gym, sports_complex, health, sports_activity_location, point_of_interest, establishment","[""https://places.googleapis.com/v1/places/places/ChIJ9-IhaMQD0oUR92ehzUSCusc/photos/AciIO2c5dm0OXsrJD0Q8m-dnud-iaDuLtwffVxENsxVcESuasPpQLHGgdj5ctlJWPBdVpTsSvaIMl5EJkcw4kGztj4rna_z4g-G_oJrEI0LQBbGbFf9yBk7myGhIzxVVfMTcgOxS3QM3LyoRbwHSjLrc1CHtxgGKVaOrLdHe4x_abOQHmxfatUK1Wd6buK8QERoHkdvAT8Kt-vSyjNtSw4eQQIHCfuSrgpan9sljz2xl0DfI6SYyAZ83PhGEkLNf22EluF3MwtsoLZHWrdCcuXIWWCVCArGIaa-lN2ciRofzZxthiA/media?maxWidthPx=400&maxHeightPx=400&key=AIzaSyCz0w_6ziQlJVYzINlEK2bj_7YAIKLtE0c"",""https://places.googleapis.com/v1/places/places/ChIJ9-IhaMQD0oUR92ehzUSCusc/photos/AciIO2en_DbILjgetO3wFL1y4VcJ791msmZI_XdI3VjXz5cGZflHYYZXv_J7vCkL_OF45htWQrsvkDswiPRBRbiwuxG6rUFAtHaF02OCnJ25w_EFMosVzBZt2GKiGhXUw8TDVEnPnW_1AzDDocaeFx5uUga7g7vpGuXi3Ytu8RE7Lm-o6Gd_VvAbbTGcioN8HIU_cV-oce8-aN-l-F6dQqb_tlswxWznXER29K0CyWOORcINK9w2zo3gdkzrTREczFzeLUtx49L-dBE7lTuJKKh3WupnlCvQiSzbFW7g9nBmBmy3yA/media?maxWidthPx=400&maxHeightPx=400&key=AIzaSyCz0w_6ziQlJVYzINlEK2bj_7YAIKLtE0c"",""https://places.googleapis.com/v1/places/places/ChIJ9-IhaMQD0oUR92ehzUSCusc/photos/AciIO2fyjQ_w0eWNrnPGnjJxxppY-72Vg1ZzTb_F-yffgCFBUL_-SqSjBxL9DIH8XPHF_qAw0h60RxcPAbIqOuHxP9OLeiow779Qz5EqI4sDSMJbeOAwxUvnNK3RfIojPz23KKwRFUnCH2iSMQi81a0lGNiJWKKSCx0o89KZOhkxiNF42fiRJQsRiwmvtSoTt_2yhmM-R2H0HqleVrUeVvZMjI_9qePyNVxVkKbDvqdW_w1S36RCPqwiJo7fgKgCnFR_o3MZ1AFbW9WxcWR7lKYoEnakR3bU8AWZ-VHBAkfWQwN4bw/media?maxWidthPx=400&maxHeightPx=400&key=AIzaSyCz0w_6ziQlJVYzINlEK2bj_7YAIKLtE0c"",""https://places.googleapis.com/v1/places/places/ChIJ9-IhaMQD0oUR92ehzUSCusc/photos/AciIO2fdFNQFqWH4ItLXGW2LnB4DDt9hFuF6ueIbt-ylEyCLhnIGozYWLL-n_bWMzB2LbZxeJbtWaYxCr6bc1FpzPv_8b4KAuvLNS6u1Fz3f02tgKBDnTFM2rV3vQoU9meiVrMkBReamgHWT8sPeHgVvGrShL1m0simXqG0lUhd3wu5_lTQNgqTcCQJDdlVukLvrw5bnB_Ci_3DuSBcI4kGiI-LxpWgJKowfw8ICvz_UJzGDF0ubP3NahZGncwmuVUb8s607ro4YUdJtquZ-6Y8WchEqtcVvjbOYrBSa1C-DhRv_wFFyEplw3PUWtYMax-u3rDCCCOKjar5EHy9xM5juK396gnOCrhpucqk4VxE7HTWqN4uxyfi9uMXYvHbEnc75NcEXn6ZJSqZZc6oObu8jj-hBPmZ_3VFp_DYKjf4ORSB6Sg/media?maxWidthPx=400&maxHeightPx=400&key=AIzaSyCz0w_6ziQlJVYzINlEK2bj_7YAIKLtE0c"",""https://places.googleapis.com/v1/places/places/ChIJ9-IhaMQD0oUR92ehzUSCusc/photos/AciIO2cm9zzvbt1xCmVJunS-6P2ha1-cxzxBj1zRaeraozuyzotCTo1nehxRhukz7ejlEaj9BRE1JUnFujRKDrR8nSIKPOGScK8yBLJM07_Y6zXFhMRNrkne1Qi6x0WSHp1X1wiSHnTD_pIsSJjoxuAjQpvhcYku9JOwTPpVTu6ypix94ruJ1hb4KvhdUqnNRCcNORafVXFkjDSkqbhtpw0D2FfapPrDQ1VFnbIF_NVXQEjpM72ZDhnIfMRNpVqO5jxnKDuQh9tJ7ZNIP7P_ItspxP-rT2iXvEYN0BGviHYT7iu4aSSEtXp3Za2Gt9iMAF1UQKscsyyq6NURxmyaC42xiVkmyeuhG4nhaHelNnePCworcXH2D2UyKir40VmtXKfM3esVIxMg3JCaoZFMwcYEyTvosL3sACEWHFE7UKjs03pdMjNVEA-WyCY5WPqssA/media?maxWidthPx=400&maxHeightPx=400&key=AIzaSyCz0w_6ziQlJVYzINlEK2bj_7YAIKLtE0c""]",,,,75,2025-09-30T19:53:03.838Z
ChIJj_2FCX350YURjewxw7jLRuE,Matness,matness,"Av. Sudermann 248, Chapultepec Morales, Polanco V Secc, Miguel Hidalgo, 11560 Ciudad de México, CDMX, México",,Ciudad de México,Ciudad de México,,México,19.4336174,-99.1842678,56 1100 5350,https://matness.mx/,https://maps.google.com/?cid=16232885901312781453&g_mp=Cidnb29nbGUubWFwcy5wbGFjZXMudjEuUGxhY2VzLlNlYXJjaFRleHQQAhgEIAA,4.2,17,,,,OPERATIONAL,"domingo: 8:30–11:30 a.m. | lunes: 6:00–11:30 a.m., 5:00–9:30 p.m. | martes: 6:00–11:30 a.m., 5:00–9:30 p.m. | miércoles: 6:00–11:30 a.m., 5:00–9:30 p.m. | jueves: 6:00–11:30 a.m., 5:00–9:30 p.m. | viernes: 6:00–11:30 a.m. | sábado: 8:30–11:30 a.m.","gym, sports_complex, health, sports_activity_location, point_of_interest, establishment","[""https://places.googleapis.com/v1/places/places/ChIJj_2FCX350YURjewxw7jLRuE/photos/AciIO2fDMyrEx3-QzhGMfa3cL6mSCP5zJgydAcnMc2CP-bJqSjb9s3TkPd0qzYBPFP2SbLeGSGqIJlgqiuJYVLlX_X4Rl_vPNh0EryoK2xNbSM3ZWwi3yWrUqwtKrZY4SzRC0fm9KAi4ZYLmLXoEzdDOCjNhu56LeAopbii-nMqEiR8nQnmfJN8qgJzuv2HCpQXH3veZn0bDnRN_7L5zb4ANPyfHASNEdCrBZj-B2Er_XcbTaeUhex9U9mO8vg9HxiYOeuZFAV-PB8eXrF0WsxBAVRlQBWPpKDXc7r2nehlrw5iqGA/media?maxWidthPx=400&maxHeightPx=400&key=AIzaSyCz0w_6ziQlJVYzINlEK2bj_7YAIKLtE0c"",""https://places.googleapis.com/v1/places/places/ChIJj_2FCX350YURjewxw7jLRuE/photos/AciIO2d-Rxq6lIvyDxtdTLJLVp9bDY8PSuuZrt1iQUQrVZIWGPakdLYSGkBrceY-dOuwTSR0ZDfIJWcbDrpMO2QgyjKELYsg7Q3uC4385Cd1v-6VufP0s6JJMhnyqJ90hTvBV2pv6PRxzZTWca_iwBqDHYwocGAZsoH9PtGZdw5nho-dcdDYQtLl_UoMBcLny4Geldou0xJcEVZhtvvIFZwnL_4SgPl9dJZcFd87FQSpkr6_-Dyk66zUYM1BMHiHW5HsHBO_7gvF_hX12xxq6gcPsTSg3pzvzUGxR5f5scjH3Wv7Bg/media?maxWidthPx=400&maxHeightPx=400&key=AIzaSyCz0w_6ziQlJVYzINlEK2bj_7YAIKLtE0c"",""https://places.googleapis.com/v1/places/places/ChIJj_2FCX350YURjewxw7jLRuE/photos/AciIO2fnniAFrPnwr09tXVYBX1dkMlskkffJ-eoV1zUqR5WddtC7Lx0-ZOi36FBOeZVei4EIyj6YJDFGpTgl8Fxu0iLMxlQQvlgZLhNMdmJHpAGd7BaYxpncNXqMTK6P4RcgFzNg3E0pUuMb7jPaYP-zMwAiy5E5cK2qsyEPwSrXJUG1owWf3O6c1czEM9VyZUF95hMMU3ULQDuVx6SAfMUOG1se3jrZxTajvECqIr3SmWOZCRT1NZo6B1tbiylqCtqJcGvpp5_ghpjtJqSsdcf09DX1ccue0qOzSCWz11yGXfjul05eyLvzGS7m-YuIMviBSzfOx0QIuvHzCcLnp91M3_yr_5_G5X_KiyBSM0GnFUBlJdzVM_wioafovpdwl25MBNluen_R0G954xUiFgacrb8ArzJmFSapoMvak5O3ODDM2PGJTAgr2X7u2N35B5uR/media?maxWidthPx=400&maxHeightPx=400&key=AIzaSyCz0w_6ziQlJVYzINlEK2bj_7YAIKLtE0c"",""https://places.googleapis.com/v1/places/places/ChIJj_2FCX350YURjewxw7jLRuE/photos/AciIO2cDSMTTPvas5ftOGsRaAXs2aPbRbPJGM1myPQfyxnQG9_iFp3th1rTFAT7glDug830YBSM5nNQCNOVc6N6EKsMjOzvaHTpRnTmtZOYJbZNuvaLbw9ccq5HnJil5i73jYR2QWy1Mjh84hjNNLyVaxrS56wb8ahiocxZ_nMNSPzSOYCfo1-LtiWPNPTdVKVhRcacZxWPRb5XRK36cgAXZFsHGGnjnkDvX0X7DfT_-dQeerOJLpBUqvYVLUjbaHgpvZK_cG2xgnmYFli837Nmcif-9c-CH7PYmedEDTnQiYDvQw81TOuCFGn207-YaC3MoGWRFe2MDq_kMOGnlN8dMIH2RW8r7HX2Yz7xcw7znXgPRn69ZaVq-hK-FBw3Zj2mebccMFkr_EmI87mSYpUEfBAmyTdB5QT4MykBPR6L-TdtsQBe2-TCP_nBOX8XxRMij/media?maxWidthPx=400&maxHeightPx=400&key=AIzaSyCz0w_6ziQlJVYzINlEK2bj_7YAIKLtE0c"",""https://places.googleapis.com/v1/places/places/ChIJj_2FCX350YURjewxw7jLRuE/photos/AciIO2edg4LE2d_qzbCtmCBBKYxB-O19hg2v9-Fp43nH54r3APF_75Z7Cnl6OyS8Tv36lYGBV9X-07gfj91e0BmWYjCGPKl8loNSlVwKcYPW0u5DLtZy7_iun4b-xtXShjC5cC8hSqJjWDg6TBfkPcYXBTTIJnMMmNGPz6oJIGdOV44b0kw-jDKpSzWiSU_Wy5Omex7HWub3R6-DdNTAbd-nW8znVL3GmV8GF5va-SdRGlr35lIAAi9BddSY9q96OhE8khrck0gJwNvD347ZL3r29kvk3PUks75Dcc3eZYy9hMv266sIuUcrqzW1lG8lNKAe7-tbgJjakAXry1KNte8HBXZobrQ-mBGkxsDn0Qx6k683kW2vl_edivkATGdTHwKogaKNPmadf-us_BDFd2EJmmPWW7eCXg-TUdqKA5_silW-4_4m3qLlXMOXTbM3YQpn/media?maxWidthPx=400&maxHeightPx=400&key=AIzaSyCz0w_6ziQlJVYzINlEK2bj_7YAIKLtE0c""]",,,,85,2025-09-30T19:53:03.838Z
ChIJJ3J1UQD50YURdJUPChfAFtI,Connection Pilates Studio Anzures,connection-pilates-studio-anzures,"Calz. Gral. Mariano Escobedo 396-Int. 201, Chapultepec Morales, Anzures, Miguel Hidalgo, 11590 Ciudad de México, CDMX, México",,Ciudad de México,Ciudad de México,,México,19.435434,-99.18249879999999,55 3911 1877,,https://maps.google.com/?cid=15138498402638075252&g_mp=Cidnb29nbGUubWFwcy5wbGFjZXMudjEuUGxhY2VzLlNlYXJjaFRleHQQAhgEIAA,,,,,,OPERATIONAL,domingo: Cerrado | lunes: 8:00 a.m. – 9:00 p.m. | martes: 8:00 a.m. – 9:00 p.m. | miércoles: 8:00 a.m. – 9:00 p.m. | jueves: 8:00 a.m. – 9:00 p.m. | viernes: 8:00 a.m. – 8:00 p.m. | sábado: 9:00 a.m. – 3:00 p.m.,"gym, sports_complex, health, sports_activity_location, point_of_interest, establishment","[""https://places.googleapis.com/v1/places/places/ChIJJ3J1UQD50YURdJUPChfAFtI/photos/AciIO2fEHs9yZiJdKxGb_JRU9GLIp_SLJ1Wq5cNvlyUoLqFKgCAQEKQ5nOs2ioHPNhInKKmMCnFixTHWFA_9WesvUIUcXYx4VrTf2PpO82g4GXxuMBHSu-xRsMR1JXhwDEWVIJ8UXf28GP9XkLf45zY544G8QCnSRR6WUQDtnBQLiL7MEpbu4k1Cfhn46IKptCVliUSqNHMUQWmP0pelknPZkI2Rjm8IJt7gG9vvIC85j-zPI-SXyqpYUX88QLtc9lRmQ63FAblTmxfflIXFq5qaAB09I_JylJEzfsVORL43mbtrCg/media?maxWidthPx=400&maxHeightPx=400&key=AIzaSyCz0w_6ziQlJVYzINlEK2bj_7YAIKLtE0c"",""https://places.googleapis.com/v1/places/places/ChIJJ3J1UQD50YURdJUPChfAFtI/photos/AciIO2d_h0EKgiZqS-vzRzn6CLcor_qqDqJiQLsgUzLeMdlO4w_aVpzqk3QkT9WNNf4cBTZlorK_ww8VFlKxA9B8DvBXpqO2JoqKVOJZQNnc8Mt7J9l-P-iJDl-jMY0kTkBKOQjyAvEiKvGSmB8qnVpAspuIucu9VmVxIhNv2ZIi7uXT2Yi9fspWD1GvA3FG6gZrTuN-cjHuLIwloEU7GCSYTfIOO0nXKTG0HqrT-2A5Imf8KjFhrZkjkDsPP66YQkts6SbcTE7px-pon1gRnvDlKWF9P4aBenQiNttQnQnvBCt3KkENISZ7SHY0W33cBypdmYYI_vBznJaAG6tV3VY08lo-kB2lGbxixOqCFFYhN_kUrvkqcUjbC2qTWMAVbQtpyVk473NE2P9prY2NMa1obAUmlzsJSRMUsAim06rIFutgu4PGYwVqAjfTavusAQ/media?maxWidthPx=400&maxHeightPx=400&key=AIzaSyCz0w_6ziQlJVYzINlEK2bj_7YAIKLtE0c"",""https://places.googleapis.com/v1/places/places/ChIJJ3J1UQD50YURdJUPChfAFtI/photos/AciIO2dJ3YROnc5qqS8LazS0XzEb2355A0DYOKHK9vgSa7TM2dDuEu5ZI8U8VhFgwgVWhldlcKfcHzF-nwYQ69ObDMhVHOLOIV8sSBtqEBgS8daCLPh_j0aCb1dI0tr0uxi_pwI2J_0g72lWnfPukdasc3LnkwbkcP2Mapca9iSjSWGZ3mIXTTiNDndteAvjtR4xPuuD8fKy9ZsbtjZILfNdbczms1RexoT2BGm8s6ifkm9nxsz-F_pZl2-5qIFgklQ_IM1WFPXxZItcEFkShb9RAjpVbbRzPwKkjGjhoD_Db4xOXA/media?maxWidthPx=400&maxHeightPx=400&key=AIzaSyCz0w_6ziQlJVYzINlEK2bj_7YAIKLtE0c"",""https://places.googleapis.com/v1/places/places/ChIJJ3J1UQD50YURdJUPChfAFtI/photos/AciIO2cHwtip7B8qW8oIGyH937QNoFdkEXUEAjRFS_UbsSKF347kz1sQvZQtMUMHsizy2w0WG_wc_G1mK-NzcWnhFxm6PvngA9iZvGQddVSq9DzSpuZJSNnBUHKliUSLjKbRWDpYTf6GaIIAYBROaLNhy7vktNtAGTMgvxun9e0b15egXBCEpBXh-93NnaUWZCJGSBb0iGpm8a2qEF2RNG6aUsv6ZCbZkoIj4Zyi-dJMw7E4KGf4sY2K8pliSBtJRd5zofYdBgPfZcmfGzoRgmLvNd9EM9vJEvKaT-dNlL6uF06Zkw/media?maxWidthPx=400&maxHeightPx=400&key=AIzaSyCz0w_6ziQlJVYzINlEK2bj_7YAIKLtE0c"",""https://places.googleapis.com/v1/places/places/ChIJJ3J1UQD50YURdJUPChfAFtI/photos/AciIO2dAbyL4uJsbxuMyMZlQgwD8crLywWQ_caerheyunQuDY0YJ3_NZqQkpXWctav8TkIZnm4dXaegxVDh0ATA-FekDxgBTID7zsd4ZHCF1QZYwkQ2GqyIHCDrNtzBS7WHl1xcYJr5xOdCC44oSCX170eqEBPu0HZE6Lw1pdBAyyuixPpBUWON9dzLS-dL-MA0LXbScf_3NiajGwKVZGzQ-ZpGEWUL5HIqYm7idj8PjTtb1l9p7I9aBYNbywPod6ysI5qBPB3_u1END7WYk_HhrByNYH-CAp4-Tcqc31U0BngGk-g/media?maxWidthPx=400&maxHeightPx=400&key=AIzaSyCz0w_6ziQlJVYzINlEK2bj_7YAIKLtE0c""]",,,,60,2025-09-30T19:53:03.838Z
ChIJZySNmrkB0oURl9079HQl6Bk,Light On Studios,light-on-studios,"Calz. Gral. Mariano Escobedo 543, Rincón del Bosque, Polanco V Secc, Miguel Hidalgo, 11560 Ciudad de México, CDMX, México",,Ciudad de México,Ciudad de México,,México,19.43009,-99.18078229999999,56 2812 0008,http://www.lightonstudiosmx.com/,https://maps.google.com/?cid=1866783229789068695&g_mp=Cidnb29nbGUubWFwcy5wbGFjZXMudjEuUGxhY2VzLlNlYXJjaFRleHQQAhgEIAA,4.9,30,,,,OPERATIONAL,domingo: Cerrado | lunes: 7:30 a.m. – 8:30 p.m. | martes: 7:30 a.m. – 8:30 p.m. | miércoles: 7:30 a.m. – 8:30 p.m. | jueves: 9:00 a.m. – 8:30 p.m. | viernes: 7:30 a.m. – 8:30 p.m. | sábado: 10:30 a.m. – 1:30 p.m.,"yoga_studio, fitness_center, gym, sports_complex, health, sports_activity_location, point_of_interest, establishment","[""https://places.googleapis.com/v1/places/places/ChIJZySNmrkB0oURl9079HQl6Bk/photos/AciIO2eUvhLenPag_Jz_9198Wnyv4_wG22tnrWhuZZavy2j8io7IPdMeRDL1av3RMqfsGSOyf6JbPec8RBcVH_GE3E3IEoMAWPaz8ObxAkRSZKvxyYRksGfPUW-xTBliVPOA529TI60o2-FdO8WzisjhLcdblM9EeA5hJI0jIo9_dmS5hTbiBagCM_FwkHyH4bmZwzZOTko07iRbXpUCUvctTp7F4zI6YpbZpy6FNeFhRWbY1ldQrIH4aLoWQYibFPZRP8b4sj0TZTURwfgEqvoRSyJO5yMITiiBteMGU3jTNGlJeg/media?maxWidthPx=400&maxHeightPx=400&key=AIzaSyCz0w_6ziQlJVYzINlEK2bj_7YAIKLtE0c"",""https://places.googleapis.com/v1/places/places/ChIJZySNmrkB0oURl9079HQl6Bk/photos/AciIO2d57Sun3jxTwaMEWStMyUEJ0TFL32cu_gdpDCd6KACl8Rq-_DgZaBQvCHrn8TWxvLOBNS9vOR_-lk_JbxPmcFj8eD4E2wCSyke_jXvlapQoq7EnduZCmM_aYOYbiyUtkLL7FyLTlxW9SwOXgHVSnA9veZw6AgimjrBQVeeF6xWylMsNC1YR4fem0LzIvIaUHUSAHsWu-Ip0VnG3cMFrw9zjIQCoeh5_HpJirBO0lyvsI0rnxjoq_6ng3vm2xK2pFd9rEjgIOoldQ4cDLIsIWjRPL71KMWCufJMmVL7DpeMThg/media?maxWidthPx=400&maxHeightPx=400&key=AIzaSyCz0w_6ziQlJVYzINlEK2bj_7YAIKLtE0c"",""https://places.googleapis.com/v1/places/places/ChIJZySNmrkB0oURl9079HQl6Bk/photos/AciIO2fdtzisX2O4T6W0ND8CN_tqp2V3Kt9WuzQbwZc-6HVOO-yU2NBFOuhOmusAKMZRPQ5alyQCQt8_IDuf-wJL_WcigNfik32-VWlI6ZPLes0oIPXL6d9nckmctNVgBgiUn5pV068t4tnraNB9UHGlwPLHhWun80a4__tCs3kh6x81nayOzdsnwW1CYERH4I8z4gB_hNHw-gEcMAJIUf75585Gv1WVg0fAv7Qt7W-SzNv9DYYzHxqz-AMT-xRxeh06k3CxwtBKM28zMJ-RgGrQNIuRZfJULDaQuMM_uYxZBg__JQ/media?maxWidthPx=400&maxHeightPx=400&key=AIzaSyCz0w_6ziQlJVYzINlEK2bj_7YAIKLtE0c"",""https://places.googleapis.com/v1/places/places/ChIJZySNmrkB0oURl9079HQl6Bk/photos/AciIO2dU1obMhC-62aiomH-e3JjKfXr1bXMmW1YDiIH6yvi1GMY_mZ-xXK4-MPI9GKXd4-uje0t24GNmL3lJCloFw5yobjlRx-OXAsLD0r1zrAezWKUCWZrIr-Y8tt4ll-tBk3wvlW1XjhZZoIdk8NDyJrIZ3Y9r9673U96sR622NgqM7O1XdL748__E7PsDF9bsy7YvaoRllR-_j6hluLzGcLlFkHgld-kvlI8SIaRnef8X6lIrWqUwJY67HYNHoX2dwS8he3XvAIrt7hjdzWtMlopCEQw0gTg8foTrwgz_1jvL5Q/media?maxWidthPx=400&maxHeightPx=400&key=AIzaSyCz0w_6ziQlJVYzINlEK2bj_7YAIKLtE0c"",""https://places.googleapis.com/v1/places/places/ChIJZySNmrkB0oURl9079HQl6Bk/photos/AciIO2dRtUjI2ljNoYnElZ_Ab9CALK6W4kfkM-JvbyAKS7sGR9JK_696cceO2rJmIyeaKwUuHc5kXLhsjWLKHg70-FMGnBKjUYhhxaGiBE6i1TQS-4ITH0G2bc3xMUyyckJODLpCUZ_1uB8x11s_9pGbMWIScQpxtLUMVU80eSqp4VKgOjEs-eJ16LabgbWRI_eYN32kkVF2Ef2z1jizJ6Lhw4xTTdacjKR59xe58xzKTGvp85LSzJa0b3AL0PF461SiTCxb_Jba3um5Rw_mIxjMe7_ywywSH0qrGY7Go1jB95_GWox_kueYCkZkn43GpwLekRJqe4UA27jDBCndaUVuWpyQi31VDeXz_lGO6uJEpJVKQzfIevyMgOZnnz3rQMRlwgHL76BOOh6dgz-f46LDnzkO8ZAws1pWB1SqdWVHK9E/media?maxWidthPx=400&maxHeightPx=400&key=AIzaSyCz0w_6ziQlJVYzINlEK2bj_7YAIKLtE0c""]",,,,85,2025-09-30T19:53:03.838Z
ChIJQ_j-OH_50YURN_FshhI3JKQ,Pure.Studio,pure-studio,"Av. Sudermann 404-int. 503, Chapultepec Morales, Polanco V Secc, Miguel Hidalgo, 11560 Ciudad de México, CDMX, México",,Ciudad de México,Ciudad de México,,México,19.431170599999998,-99.184079,55 7878 5316,https://web.bewe.co/purestudio/,https://maps.google.com/?cid=11827639074085990711&g_mp=Cidnb29nbGUubWFwcy5wbGFjZXMudjEuUGxhY2VzLlNlYXJjaFRleHQQAhgEIAA,5,15,,,,OPERATIONAL,"domingo: 8:00 a.m. – 12:00 p.m. | lunes: 6:00–11:00 a.m., 4:00–9:00 p.m. | martes: 6:00–11:00 a.m., 4:00–9:00 p.m. | miércoles: 6:00–11:00 a.m., 4:00–9:00 p.m. | jueves: 6:00–11:00 a.m., 4:00–9:00 p.m. | viernes: 6:00–11:00 a.m., 4:00–9:00 p.m. | sábado: 8:00 a.m. – 12:00 p.m.","gym, sports_complex, health, sports_activity_location, point_of_interest, establishment","[""https://places.googleapis.com/v1/places/places/ChIJQ_j-OH_50YURN_FshhI3JKQ/photos/AciIO2cq6ymtxnQmmpcmyAUG9DAuPhZM8OEdE2xohydqX7u9MJw0nFEQusuALd73ioLgxHHmchVfnyGUcs1zkhK2ciSWV5ILfEYtc0iTcOC6OI6lAA9UhbASoJa_WesT8W2Bu9RrwX5QdMj9yoYGWdRpr4erl58dIxM8RKajv8Kb_nI3arPCeX9e_Y_YbrbFoJP1w8HXDH4Nnd12_HTlnXmHZ1RF8kx1q0FZhb0QDluUpOmY0i3MvPx-bXST-bqGpi15fakDFwfKA2afgpZkhu8KuXcPF0uyXvkw7HBYtCmzsIHAZQ/media?maxWidthPx=400&maxHeightPx=400&key=AIzaSyCz0w_6ziQlJVYzINlEK2bj_7YAIKLtE0c"",""https://places.googleapis.com/v1/places/places/ChIJQ_j-OH_50YURN_FshhI3JKQ/photos/AciIO2fI6e44Cf3A7Ni2lVt5poCDoPM44-zN03f3I7aBMovKiaJ23p2ZZZg-pXFnXBcoDEIJLx1ZUfv-dJsmAj5syQOtoL3NMvdYWO9XAn-P_rH3RC6hTOX3vaFHUtwrx44g9IAmz56rdNKucZz3Zju-1HPJIwUOUUs1BDmGvPiaMoSaWoH3IcUqGXHVHXWKJnkYTfF2qHYraoR2gsuWa4DA94dp38NtyM9AqW0Xj048OpcGoeH4X3_aozVdZsoBXn8XYCAW3HVClSXy_NVc1OwSqstOlbnwbNlMKO6Cj1nDOgYQCA/media?maxWidthPx=400&maxHeightPx=400&key=AIzaSyCz0w_6ziQlJVYzINlEK2bj_7YAIKLtE0c"",""https://places.googleapis.com/v1/places/places/ChIJQ_j-OH_50YURN_FshhI3JKQ/photos/AciIO2deteIg815GOMj-VuUvFbJeU4yZBf8lY__pB36KMBdCoHaXF7mKaDSY1cBAXIVoUvPewaUusaYM8e3qv1kIaTF9yGEw89UAgeRqvDihOleP8zM5YS5Y5xllDQ8OJOqQUSEP6KM8A3ounsWnI3y-UHrnGu1e5lioDbgOMsOQsvwsEDTMaIekppmdbiqhcp0ZlNqE-yRvGDTFQvPi7BHXJ0lkdfOY5KUrReYTnkiEdzZwvwGxzpo448JxUxKDNrXhv-Mh99BHXqZmagLVHVv1YKAqqEfdpmrMtc1_twUpaGGXE_WHOs8XBDF1Nu_5JE7H1sAdQ7yOhr588gTo3GnC8hDIIHvUBxy1SHb8ZZ7jxRKFZeihg-Mmyvn9uhdwpZIlyCC_zrV-onysw9ooGcc2UC-i4T_BEKc4SaC19wRH0nPxBg/media?maxWidthPx=400&maxHeightPx=400&key=AIzaSyCz0w_6ziQlJVYzINlEK2bj_7YAIKLtE0c"",""https://places.googleapis.com/v1/places/places/ChIJQ_j-OH_50YURN_FshhI3JKQ/photos/AciIO2c4SCy33YG5-_pqwBK5UakIv58Uva88l-o2J_MPQQGyAtsZzbyrxSCswPW69Kxu08PYrrnCmAvNVuMtbOyxlfJ4cEk3K4hmEMxEeVPR76wu-l2NeLkqLvO40sHZe5hJ2O6WGU1CKUNG7MHXzr8wyDsnBFD004e24Asbu4aZ5R3crjn6y8iBDmmwgbd8ro7OHkSYhoMh_nlk5ll_QPcuGTlQBG2WM752rJwnyXOgZ9Po6edBOyd40pOaEpSRttu3zSAP_xl_4PNnhUav3sOpHImT7oLUxWOKZWQPRyDx7-uXhoua2q0srwZxXogX7Pcve1a-h2AjD6PpUaYQk7DwQDrZTYE8uUjSu6JNdxE8B6YCHlXk-hWKmLk5wHSl0xPabTdmQ5SKUzquHJO_rENm6ZXVB7q-iz60PANZPmhc1lAAQQwQ/media?maxWidthPx=400&maxHeightPx=400&key=AIzaSyCz0w_6ziQlJVYzINlEK2bj_7YAIKLtE0c"",""https://places.googleapis.com/v1/places/places/ChIJQ_j-OH_50YURN_FshhI3JKQ/photos/AciIO2cKAZCPwDKL37_iaais7aS5FnNhqYY5wMYU5ksIM6i_c3FqcGWFfCQmJASOaEvrlhhxc3feCs6_dwwdcZFT6UdyKujcFECmOBxoA3UZm--OtPVGF8C9z3pofuZ8oHITuxKNW0z-0eq25YwH9z1X_Ddd5PA0R_8V1OGvVJt2QypmidsBfI8vd2O6TGlgLn2z9x2QkyEKwZDt-y8amyAFWwXs_Fv61CDXGXCh_Pc4bhxC-B502llj_gaqHbys8oppfxQKCnnGFn5y7s8JONGaS8CUg8t2CHgpofDQvMBYfTZVWoxQFrUf0FZ7ggEI9HuCCwFCErfnZ7FLJGByadXlGiJLWit1J8u2EOeCkdnMtvdwVcuOl8zurO2sncvPs3msP3GI683e7s1LoQl_Y7HKKlyOXZgjEMKBiuuGESj9-Q/media?maxWidthPx=400&maxHeightPx=400&key=AIzaSyCz0w_6ziQlJVYzINlEK2bj_7YAIKLtE0c""]",,,,85,2025-09-30T19:53:03.838Z
ChIJNSglGAAD0oURucEt8azyI1I,Pilates & Or with Chantal,pilates-or-with-chantal,"Av. Emilio Castelar 135, Polanco, Polanco III Secc, Miguel Hidalgo, 11550 Ciudad de México, CDMX, México",,Ciudad de México,Ciudad de México,,México,19.430345499999998,-99.198304,55 1341 6750,http://www.pilatesandor.com/mexicocity,https://maps.google.com/?cid=5918841159889568185&g_mp=Cidnb29nbGUubWFwcy5wbGFjZXMudjEuUGxhY2VzLlNlYXJjaFRleHQQAhgEIAA,,,,,,OPERATIONAL,domingo: 7:00 a.m. – 9:30 p.m. | lunes: 6:00 a.m. – 9:00 p.m. | martes: 6:00 a.m. – 9:00 p.m. | miércoles: 6:00 a.m. – 9:00 p.m. | jueves: 6:00 a.m. – 9:00 p.m. | viernes: 6:00 a.m. – 9:00 p.m. | sábado: 7:00 a.m. – 9:30 p.m.,"gym, sports_complex, health, sports_activity_location, point_of_interest, establishment",[],,,,65,2025-09-30T19:53:03.838Z
ChIJmaNJBb_50YUR7iaNATDgwUo,Bloom Nation,bloom-nation,"Lago Alberto 320-Planta Alta, Granada, Miguel Hidalgo, 11520 Ciudad de México, CDMX, México",,Ciudad de México,Ciudad de México,,México,19.4406256,-99.18485729999999,,,https://maps.google.com/?cid=5386833126100903662&g_mp=Cidnb29nbGUubWFwcy5wbGFjZXMudjEuUGxhY2VzLlNlYXJjaFRleHQQAhgEIAA,4.3,17,,,,OPERATIONAL,domingo: 9:00 a.m. – 1:00 p.m. | lunes: 7:00 a.m. – 9:00 p.m. | martes: 7:00 a.m. – 9:00 p.m. | miércoles: 7:00 a.m. – 9:00 p.m. | jueves: 7:00 a.m. – 9:00 p.m. | viernes: 7:00 a.m. – 9:00 p.m. | sábado: 8:00 a.m. – 4:00 p.m.,"gym, sports_complex, health, sports_activity_location, point_of_interest, establishment","[""https://places.googleapis.com/v1/places/places/ChIJmaNJBb_50YUR7iaNATDgwUo/photos/AciIO2dmNrjjpbjzU4wgaI3gIYJHifvahRDd9RM7WR4-1K1s1kilyFjdQmuhZ6NAvGzS-nSV-Xkj9oJj8WzTgq60LO0a_tO7Vm3nKLohMX-hoTz_cFQp6tam7c-_URBvTVyK_WGBWPVFPX6PerELubXHjQ259a6MJk0Y1Xtjlwk4ER1mnLgnaKLuK4ox895mpgtyJLgAcbk-j5KuGNY4Krayq3xBEUM0bSGlkeGpue7uaCUtoJJ24IxWEzsI0K_iN8h__5eOGKT3lhDXVUbHChfktx6UpjVFDo5RnakZoYt-_IFas_8MkOuurFkqQZLAufbfWkFP8v5_PI6hWSqmott3Foso3l94ipm4GZXIOaRGJtLNvOoawRUbgBdRBKEwQRfMdBwaU4D7VGwIPd8fzx_iLrD5Zkaxno4zQtOZALThPV5WxFHEAqT-e1A5OgplSg/media?maxWidthPx=400&maxHeightPx=400&key=AIzaSyCz0w_6ziQlJVYzINlEK2bj_7YAIKLtE0c"",""https://places.googleapis.com/v1/places/places/ChIJmaNJBb_50YUR7iaNATDgwUo/photos/AciIO2fuj1BqQFitYQRg3yiEU1Id3qpZefKbKgPR9HJOZqgE1bz8xj_DYhBivmeVpVmEkb8P9KKWvQyeLw7MvawxCfx78pS5I9sX64u9ZL8xoJFPNUvgXcLN8TlD5joWpL7VggPecFHuLO_ofAkuSGg0mOCHX7IiTYg0v7QNs4hOFPqw_nMCeD86Ow8WEwZnsXyUXzmhUeis8lxb6A-Ny1Np4llZ8D3qoI8gYKEoQ9Pb3SSZlB2-m1FgSPhrGzXTKl00-AWtdPQlgWySZjQdUvupyxMqbbWrHqXPAmqRuR0xakvBk0PfrlSrQZ9b8LhxXesREiq7xJZtXdKkJkS0fZHAeMP6yxz-B5p9_2-_b_VsZQ6EPD_NHBZT45OBHzmuoQGnhJsYRKCMBt3sYMeaPDVyJHB4S_WOD17gCaKK5YqvEuoQ8_A/media?maxWidthPx=400&maxHeightPx=400&key=AIzaSyCz0w_6ziQlJVYzINlEK2bj_7YAIKLtE0c"",""https://places.googleapis.com/v1/places/places/ChIJmaNJBb_50YUR7iaNATDgwUo/photos/AciIO2c37R4_1EicJF8E0k83AqMOXY0CfNl6ZNm0ApGRAit6yeOSgFLhF18xDTmzUIMxuu79HoxQhsCYWn9eiGZXXcm1BVoeUP8krAEiwxhpKhBic36liQ4jZKS8AyiTOVIR34ZOHmp3GZmECqSiINMmpnBkvexMcBpVrMLRQVBpFFnUnOaGT23wcxZtROtWIsJdiIibP-SNJUjQRB9Wo49ZwB5_4O4Dcd06CR4ZDyF3juMynTU3FtWcJKzMqpTvzQr-Oco72kU0vngh5qmaM_l6EgFurynPmMJ5URERFMfk_KmMLxjE69nMWGu-qrFD_Vp7LuKI0EEt5gmviuLh1K8hBha7s8Mge2oljLmWwKQpcus7xEzKtEvzYDT87qqtvYH7fXsuYMeYk0i3I6HyjIMGPl_16Pf9kUySybVpCNTxFJvFxAg/media?maxWidthPx=400&maxHeightPx=400&key=AIzaSyCz0w_6ziQlJVYzINlEK2bj_7YAIKLtE0c"",""https://places.googleapis.com/v1/places/places/ChIJmaNJBb_50YUR7iaNATDgwUo/photos/AciIO2dAgWbrlHDpdMc7LTgHhdSC2RKRkaAqRnR7uUk8IbQd6DSLeIPb5J62TIBMkagQWHgHZTBgkZV2libnOiejtHzaFPvACzXafLRjOE-m8cWDPttWsTV_8RQta_FGuE3_dhb9mf4Q7n92bku3DjizRCrrGrYbepLv_GXGmAitPuBGhzspfPl7WK8KxI7fgvACnbwAKIFbNZwZkRN9n87F7wIk9t62FaqZR1BdWneaitpWudUm-zOxKWpG8LRRrtWjfXIIE6nEJYeeKXpnwgQv4K0zIryQiF3wWxeRnF9qJ9jFPNVKenXKLqajBwdM-vUFlVqOfS9xuQZnqgxhhDqj6CmULVZqX9GeCcBa74qJmBomhW0JLJkfYlY5I_-LA6ydCGjZLkBeUNTbt4AaF0oiVV7T_O6Mcyf0z5qn19g70LYnjg/media?maxWidthPx=400&maxHeightPx=400&key=AIzaSyCz0w_6ziQlJVYzINlEK2bj_7YAIKLtE0c"",""https://places.googleapis.com/v1/places/places/ChIJmaNJBb_50YUR7iaNATDgwUo/photos/AciIO2dnP23yLyU5Y_8WfKLzqoa9AGin9daL7tSnL5dZEMPhlYnH75WNAeo-VNFWXi2QZAcmLTeb1Wxv5Vxg3nKX23Do9H0s9ZQZgHNYZ-wlkwDIxLtTzjQWGw1NjIVvTqwrGeWJhGyqfN9hxKU6DLMNVmzkiLAwFiNmI7Gbb8FJZTWy92FWWUAsTlKBEyU1yf0U3B09QxxYhvjNyGlFkeeTe0cq1HIEnHJWYp2zzWhmCm1qkFgrTYU647AC0tN7Qv_dWbSssFq2m6aJYv2RsI_MkVJpaXLQssLsgQ0deTakpK9bAVgx48dzQAvPLtFRoE3RHTKx6siXuPrSP0e1Gaqt24SeugCmMl3se1KTrJ5xQP5Y_zmOIsMSTEMuad45ZnggP2_p4iwoylhyYRqF5aqyPIIGREvjCXknJCSyVU3NYHOuf2A/media?maxWidthPx=400&maxHeightPx=400&key=AIzaSyCz0w_6ziQlJVYzINlEK2bj_7YAIKLtE0c""]",,,,65,2025-09-30T19:53:03.838Z
ChIJw0lecoL_0YUR4sY9ahIfEAc,Balisse Studio,balisse-studio,"Rubén Darío 13-Piso 3, Rincón del Bosque, Bosque de Chapultepec, Miguel Hidalgo, 11580 Ciudad de México, CDMX, México",,Ciudad de México,Ciudad de México,,México,19.4305795,-99.1812097,,https://www.balissestudio.com/,https://maps.google.com/?cid=508940921845171938&g_mp=Cidnb29nbGUubWFwcy5wbGFjZXMudjEuUGxhY2VzLlNlYXJjaFRleHQQAhgEIAA,4.9,17,,,,OPERATIONAL,domingo: 9:00 a.m. – 1:00 p.m. | lunes: 6:00 a.m. – 9:00 p.m. | martes: 6:00 a.m. – 9:00 p.m. | miércoles: 6:00 a.m. – 9:00 p.m. | jueves: 6:00 a.m. – 9:00 p.m. | viernes: 7:00 a.m. – 12:00 p.m. | sábado: 9:00 a.m. – 1:00 p.m.,"gym, health, sports_complex, sports_activity_location, point_of_interest, establishment","[""https://places.googleapis.com/v1/places/places/ChIJw0lecoL_0YUR4sY9ahIfEAc/photos/AciIO2cR6_wdzlLtc7aIYG7gM9VDkTscHKN0_Um7t1qdyl3tIitp5dr1DdQ4_R-x0YuvTyX4n-CSKeFOi2EflZx3g3jZL5aSHtFpU22CFj5rys0xQ_2MZEGi_tsoWmU2talOsk3a_RTqvgiEEJ5hPQEukYeoq4lPUEX_qc5Cxdm8iChlwhnAxvtgi9m8jQ6s1W5IAFngIxji7K7SQ26a9JebIENH2sLmBHQarqlN1dmefl19-xBjIinQxFNM8gSaokwMqsMSFRT7eoZQQys3nqGM3ij1cvVwQ7MNM7hWn1vJ_BMIZCRCBNd55ZzxiWlyg3ZcxnGdQuXHpuDXJjDqvu_1cnYz4kLLF0v4swKgw13eAUDzKqpvliigmlD00EKGyCHZ9s9sUqezJS0ZJQcpTNkewKlOXLgE_62tpAPeQt7DUQq4kXNZ/media?maxWidthPx=400&maxHeightPx=400&key=AIzaSyCz0w_6ziQlJVYzINlEK2bj_7YAIKLtE0c"",""https://places.googleapis.com/v1/places/places/ChIJw0lecoL_0YUR4sY9ahIfEAc/photos/AciIO2d58-RxsQEfkluOFcU-4TfJQCvi2iU9iBk8OAwLHL4aIy-pUZX6stvp9FfFy09XAY0o8SQ8XnvTafwJ5LZT_F_0K0SM-k2rWwbn5PFVj63B2RvbUj7Dvt4bHyQHMZ1fk3eFEU-7RjLFskXbs7YwM-LbDW8O_KjipFcm-dv6g3ptovC0kHfw2j35RO-uKDc5ftdZpY_rhzWq54sbJokGcBLv-OGFUOVo_n295L2skLjUIYjk6zK0rFp_BI0Vx68f8nXimd4L-oE7uzvrn3Nfrx8s48humW_bu3sAWvk411bcfi70OZ4xM7LykOv74yIQTZ4nLX-FrcpKvd9ykuK7zWCU6KuPi5-KSu788WNwzWp3KLulolhDOc-LR6dJH0EAcT0tMGA7jMp1pFq2fsxb_o0wtJMGM9VelPVp2xdqwBLbs7-P/media?maxWidthPx=400&maxHeightPx=400&key=AIzaSyCz0w_6ziQlJVYzINlEK2bj_7YAIKLtE0c"",""https://places.googleapis.com/v1/places/places/ChIJw0lecoL_0YUR4sY9ahIfEAc/photos/AciIO2cCnzRRJJm5Evx3FAwAHQOnoR_WY8M7VWZcN_H2oTPetHvuakeAJLKUq0T7c-fRW58ClAopwYS2HAWGcu6FNSb4Q_ZuJa8GTPX16EPCdyNnwJr_QCwaZw33cY8vppY1ZIDv7yq2DxhhCjLyJyRK0CQhbQxoPl83o7Nau1mB4bc3qrJriTjazVN19qBIRqogJRGb1HQzyzKgXpM9zk17k93DGXR5k4is2KniJKJMeEIjR88HoeQDDNHdx7Q3WJgfunt15eQQUFpnSSxCHly0qi9wkEoNlPCtssvHD1Ke5Y1uWbOtgh7nN6zsD1tZoOu027evdvT6SLPAZzqX3p5UFJ2wRP1fDGI-8xw6390bg1Pe-oqJUJB383E3mZK7POos6o4fle5EQFjAU3h-nGkFsgFxRidCG_l7HFcSd4LYOf_6vRuL/media?maxWidthPx=400&maxHeightPx=400&key=AIzaSyCz0w_6ziQlJVYzINlEK2bj_7YAIKLtE0c"",""https://places.googleapis.com/v1/places/places/ChIJw0lecoL_0YUR4sY9ahIfEAc/photos/AciIO2fyumtjUMH5aheHZahuKRdaDNFfBPZnoyRBLjSvld6TGVsyx4_GQxLUvGox_FndrXJ8aZ7RMyNH7nDfk-Sw6CSIUjlxmi8DFt3zwSmlXZHmO4anDtDR72PiLZ_MMFxCv8Hx7ko75NDWZv7Q8AEFWZhPfCmEAUSJDERAfjQ2ygB4OnulWIyav3ZfijW6Ztc3YvzMTzZv-ALnteuC_Jwo1vocpBdF5DeDClCO2N7K8x8O1xuCe40tjtBsOKVeFH6HFT7HTUTtjoNTDKlZ_BYFarDRk7uPISu2hSGVjKr1AMVSYyolbkuVRPwZJt8n2To-jhB5nFKol00QGUSputbi-ven28MxHoffh5iXb2iSCGaOvtrhO0hjjnHuHSrdXGQwuUG3cQdjccEBR385fND5rP9GngUXjVdh6EF7TPjVVyk/media?maxWidthPx=400&maxHeightPx=400&key=AIzaSyCz0w_6ziQlJVYzINlEK2bj_7YAIKLtE0c"",""https://places.googleapis.com/v1/places/places/ChIJw0lecoL_0YUR4sY9ahIfEAc/photos/AciIO2e__xL3v20jy3fsUDHp4xKsQuvwO-FlHXTusMHOt_HorrG4cVViRpvECCfac8IVFhuDZEdSDeR2WodUlszHWh1KwffRmPolS45uL4ElkwAK_FDP1FrqVtta9rECr7Hkr4kg78Ld2gY_AvbyC2O5I1H52wb6AOoNtfHkC6FyTkK7uaRzYOtSbDpkcYUeX8BlqP48rV6t0AMSXl0N_w2rszN0mg7Gs6uCpiQBQ-oXq_5sRXv_TXLPEK9kSAINsVHg1H5E4wfPzpJWTQWqnFQT6ubmk8N7boweKyDXznsq4ttLOQUr_or92qzVbZvfRYnQvjAYAVv3jnxzXflTTDoxn7ghWeexHthd3R-ksFslO8E3shZO7qG3PCxLr93CILV3lqsWIe5_io_fjfd7irYHktZTA9tjEbIpY13tRvleSPU/media?maxWidthPx=400&maxHeightPx=400&key=AIzaSyCz0w_6ziQlJVYzINlEK2bj_7YAIKLtE0c""]",,,,75,2025-09-30T19:53:03.838Z
ChIJc4Dhmez50YURcRFlGxmdSJc,The Splendore Fitness Studio,the-splendore-fitness-studio,"Av. Pdte. Masaryk 191-piso 4, Chapultepec Morales, Polanco V Secc, Miguel Hidalgo, 11560 Ciudad de México, CDMX, México",,Ciudad de México,Ciudad de México,,México,19.4317277,-99.1894293,55 8800 0630,https://www.thesplendorefitnessstudio.com/,https://maps.google.com/?cid=10901135629209637233&g_mp=Cidnb29nbGUubWFwcy5wbGFjZXMudjEuUGxhY2VzLlNlYXJjaFRleHQQAhgEIAA,5,8,,,,OPERATIONAL,domingo: 8:00–11:00 a.m. | lunes: 7:00 a.m. – 8:00 p.m. | martes: 7:00 a.m. – 8:00 p.m. | miércoles: 7:00 a.m. – 8:00 p.m. | jueves: 7:30 a.m. – 8:00 p.m. | viernes: 7:00 a.m. – 7:00 p.m. | sábado: 8:00 a.m. – 12:00 p.m.,"gym, health, sports_activity_location, point_of_interest, establishment","[""https://places.googleapis.com/v1/places/places/ChIJc4Dhmez50YURcRFlGxmdSJc/photos/AciIO2eDdv0d7lGVBdUhNHsQCAZ0Avcf7CvgQiCOP1RjrKi8i0FPBqjpYhFMFQDZf0qmhXVuWvPbSk_VOT7oc-2aiUgJtCL9And8noxOuObkjJ4yJpzZQ455pm8iAvyIykQhfXbART47y8U3s87vPRjPTZR8-tf30kyZ9Ttd6pDUxl0F-ja5ycSu1zsyGGAh_mXIezgCEUR4I_pySwmxNkPaCoX5e-5kRseTExdjMtmgBfCRWl_0RvMH3PC7agNAPhEAcLg3Y1mhlviYDcyQ980NaBNmpOifYikTJOU7TrUHVhLrsg/media?maxWidthPx=400&maxHeightPx=400&key=AIzaSyCz0w_6ziQlJVYzINlEK2bj_7YAIKLtE0c"",""https://places.googleapis.com/v1/places/places/ChIJc4Dhmez50YURcRFlGxmdSJc/photos/AciIO2cOa8reQALETQsUo6Ej1s6_fdlMuDVahIs5ZeMKSi4sDGY-MzBL_CtQuMpVNIUuvIhyIHbvEZpf398P-Nzwwxsw6ES0FBxBXqk9F5QAcRDwRIaieaRUogklanbKp-nvRtcUf45rD9iK6KxIB1vsXmhUPYLKdiwYOk3SSIGc9uqgxIVnuwmDEvzVjok_IHGeb9LDjRR9h9JsV3Md1NjcgesV2HKUOjS2f_J1LowsUrWqw-kJYZRGramxFKNufGSilXXnW06KrInsNFqU1GNumjeDbdhHRcQfn9mBP-NmgPVy9dYQq10msIYieVEcBWYA3xfr2znxUJCsj4kMLpFLrUNQRwuHOW3Q-UAeaJeKgwP6VkV9UOwpivG-Rph2BSjvAiNGFUw1AxCvrc1Gn-lIv1noohoI2pIohRdVpg9EzEoRlwuRfQKW0LV_GWPcWEkb/media?maxWidthPx=400&maxHeightPx=400&key=AIzaSyCz0w_6ziQlJVYzINlEK2bj_7YAIKLtE0c"",""https://places.googleapis.com/v1/places/places/ChIJc4Dhmez50YURcRFlGxmdSJc/photos/AciIO2cOteep3ZTDPcockJddvl3eYULbXEJhKGIkjIEVTK4Y4rgwnL1W_FkangK39QqL1WUZHaAHUAOEmsM8Pyas_aOEFtWWGkaQU8U06EJIwqlrAbOH-ajvqQXsKd4POhfCPCys1izPgXtgICK8VYQnSgUYPbvVp0sGRWialI5T1iOeqolqfTvQBzP8okHLpFKuNbvEWjPLPwBTRJBwjUoYVpO1MDFtJ8oNzT9EsTrcR48KJUkI3ETz1ldB92DhBqYnWUGutxe8RTLij_-bLu5feuBEOSdF4a4NjdzCSQ_AycX7jzt7QhqAGS_MPzmQrIo36iWgu0DRFFm7Ziqq61IlsSZNg5HCAbApuMJr-ZPWo21VtuanS0nrb2WiAIwuQl2gnuvRwSz9ReMUgoBh5J8TvY7LYl1sGs7ryARBjir-DUgObRK4E99VpPFFWITrZZN4/media?maxWidthPx=400&maxHeightPx=400&key=AIzaSyCz0w_6ziQlJVYzINlEK2bj_7YAIKLtE0c"",""https://places.googleapis.com/v1/places/places/ChIJc4Dhmez50YURcRFlGxmdSJc/photos/AciIO2czPaBuf-eo7FyansVVTc1_5iCaiTtAVMNw5QFG_9_I9slmFu4JP-LTlZLewGiezh80O9FZ8fj3zZneGzfYIAIPwEbsiId5lAmP-83R-Kf3vpr0x8q_0eVjNMjuaHPKiSBTUDBr45-9cX7ugP7G-E85JPGAzPt6a0blfCXwknqIgcSvKcxQINlrjWSBGv7FVNbmM4To9XZqCly_8nWjCqZ0zE0b423Ui8HA36EcxB5UrEorQtnS5wuYr3dp6l03N98sP2lKALQJ3HkyzdQqx8eLtFuYcUYO5Lx_v-8WV0hJrBM8Qsj-16U5NcP-IXERQuiBxMzpAmJvi6zm74Rywq2hEi79PzVNi-n9_9VIAzxBdHZOtr1BCNUIQdIryhtQimrljpaGLDaRcYA_rbavCCNMbf4CxtgYQ54ep6Nse4oVJ860bz3A2kv2pRmQdaza/media?maxWidthPx=400&maxHeightPx=400&key=AIzaSyCz0w_6ziQlJVYzINlEK2bj_7YAIKLtE0c"",""https://places.googleapis.com/v1/places/places/ChIJc4Dhmez50YURcRFlGxmdSJc/photos/AciIO2ddZRkVRxyb032dwAzUNAuso0fHQl7iTNLDldYS5s3eyiXch8YwE7RwgA_Ebg2CUSyRvdBwEIKjELBdOnZEmAaLAxtku2VJpjHBh8-JA0IHfDZ3V4jaSI5WhtOlN1GmFIprXlKfvO3wX1d43Ux9sFntMJyqUrctG_KxtZNtCMlYgK3ZIkPk2zcSqRB9Rcb0FpvVIPEnAG30fkC0Ps4U8jQtqliScxBwr-GOVKhAGxOYwOrwUVdw5v5u9NC8atEKBiR0xSHj6EPzukTuelZkfbhxpzm-X8oOtQXQOKx-ZyX_4A/media?maxWidthPx=400&maxHeightPx=400&key=AIzaSyCz0w_6ziQlJVYzINlEK2bj_7YAIKLtE0c""]",,,,85,2025-09-30T19:53:03.838Z
ChIJvWR-7Y_50YURat96hcpxo-k,Rolo Room Pilates,rolo-room-pilates,"Calle Herschel 208-Local C, Anzures, Miguel Hidalgo, 11590 Ciudad de México, CDMX, México",,Ciudad de México,Ciudad de México,,México,19.4361979,-99.18238620000001,,,https://maps.google.com/?cid=16835424946677800810&g_mp=Cidnb29nbGUubWFwcy5wbGFjZXMudjEuUGxhY2VzLlNlYXJjaFRleHQQAhgEIAA,4.5,12,,,,OPERATIONAL,domingo: 9:00 a.m. – 12:00 p.m. | lunes: 6:00 a.m. – 9:00 p.m. | martes: 6:00 a.m. – 9:00 p.m. | miércoles: 6:00 a.m. – 9:00 p.m. | jueves: 6:00 a.m. – 9:00 p.m. | viernes: 6:00 a.m. – 9:00 p.m. | sábado: 9:00 a.m. – 12:00 p.m.,"gym, health, sports_complex, sports_activity_location, point_of_interest, establishment","[""https://places.googleapis.com/v1/places/places/ChIJvWR-7Y_50YURat96hcpxo-k/photos/AciIO2fHQeCMw0KO3u8-mGyG2eFvZZ1JjkRjM5Lc1zP-hlgI5t7eceQuACuwBVPbTNDYA5CCucI3RM3RxIJkEUu4dePTTFnSO1gdPovyl5baCuizfvZDWUFNTdjv005Lev2rEVHkuLzEOLJCWS-d3CK77ZWo-BHXEAnMQwy2-2dvzeQSlqKWAfdILh06vab4t2v1B1MYCbcnj1op4HX1yquioNaJsJGCZ4onxlAvwOEdx1Dx_OxmdRZLMrKoR8O4MMlPNMJAg7lbEep1y6OOsAhUVJOFdy963WdM2e4k-u-bn1pcPw/media?maxWidthPx=400&maxHeightPx=400&key=AIzaSyCz0w_6ziQlJVYzINlEK2bj_7YAIKLtE0c"",""https://places.googleapis.com/v1/places/places/ChIJvWR-7Y_50YURat96hcpxo-k/photos/AciIO2eS7jFnW-x22hJ02mDsWG4jUHCswXE9IqzPNA-ZajFuuDfegBfb-Fn0U8caORrp7X04Yvnm7eyBP9F7WMkCCfUA8Z-x2VLVagcOpleGC2zrvc6_0zSpdsgxOd3x-mOvvHJFZNIPtsGpFFRPPyKoLgNU7dz1qZlLG1HllF_DHbxJcW6Dn7WK0cmjwanDBUwFxc2wAKpy8TXPhzn15ozAKVDs9wviCUN0AzAwh4DLuCDV7kPWg8n4RCT2-SUl89l-e3tJs6Ukde7I_EL9NbUBj_wLhCCqFPSB_e2iqLeavFYolYqmDbAMulxkJhI164NBBdUb2WnVMPMqOIKyaUFgVUtpNkeJTVinKwXUJrYLxCA9lUXoMTkhFT9O9zT1J0kZpDHsZB3iVTmVgrpiTwGCF7mNl8miIIKJ85L8NvW8WaFrZQhA/media?maxWidthPx=400&maxHeightPx=400&key=AIzaSyCz0w_6ziQlJVYzINlEK2bj_7YAIKLtE0c"",""https://places.googleapis.com/v1/places/places/ChIJvWR-7Y_50YURat96hcpxo-k/photos/AciIO2dDXStr1ji0_kxV0pDuZmBWqTtFwpm4D56jYxkmLve9p1kzfq6dbiyqppeZlZYJxhg3uNtC69ITluFyBbWZyPfEo9bGFR09Ob4nxw5iJPPMGYzBmmDDkc4uW5mFCumoxd7jV4Bh8YEVL9Q3PAfv943XHO9psrRzCR5dd2fz15BpI7UvD5OzMfBjU727j8ojKT8C5nm2Pk6fLOpgh5q-S6utJuKDhlkMoo2ZcvpcnYegDik0NkT-bcAJbk0oWz3MDxyF-U8xxJfEdyIBR8JP9SWQcNPl-a_cGbgwkriC91FqMQ/media?maxWidthPx=400&maxHeightPx=400&key=AIzaSyCz0w_6ziQlJVYzINlEK2bj_7YAIKLtE0c""]",,,,65,2025-09-30T19:53:03.838Z
ChIJQXPq8BL_0YURLs38IMy10bA,The Good Studio Roma (Colima 220),the-good-studio-roma-colima-220,"Colima 220-2º piso, Roma Nte., Cuauhtémoc, 06700 Ciudad de México, CDMX, México",,Ciudad de México,Ciudad de México,,México,19.4191377,-99.16215629999999,55 7925 7936,http://www.thegoodstudio.mx/,https://maps.google.com/?cid=12741164709139238190&g_mp=Cidnb29nbGUubWFwcy5wbGFjZXMudjEuUGxhY2VzLlNlYXJjaFRleHQQAhgEIAA,4,35,,,,OPERATIONAL,"domingo: 9:00 a.m. – 1:00 p.m. | lunes: 7:00 a.m. – 1:00 p.m., 5:00–9:00 p.m. | martes: 7:00 a.m. – 1:00 p.m., 5:00–9:00 p.m. | miércoles: 5:00 a.m. – 9:00 p.m. | jueves: 5:00 a.m. – 8:00 p.m. | viernes: 5:00 a.m. – 7:00 p.m. | sábado: 9:00 a.m. – 2:00 p.m.","gym, sports_complex, health, sports_activity_location, point_of_interest, establishment","[""https://places.googleapis.com/v1/places/places/ChIJQXPq8BL_0YURLs38IMy10bA/photos/AciIO2dzdwNJk_gFfyPl-deqZoWv7KoxVDo5GaqW1ixXNN8wiko5tyT4n-vMukVhc-Q_c2xzbzjma_9lgMZfe-kYd8BJOEYX5bx42M99r6ZEaQaqtfhSLSi60M1skHgSWdTTipvmm4CGB5I1vbRb_MzJ47AUSeqiayR_iwwHLA79e-tALsi52FLfRNaxYun00LxbShs29c6NBA0Gylq-NtPJrhUffPF_Di2v_bZWUshpqNt43zxu_BZA-ugnv6hjPQeW-lqP07xx4VfSgUKUr8fPD4hZrKBX6kc5BYYc6erGj5Rn4A/media?maxWidthPx=400&maxHeightPx=400&key=AIzaSyCz0w_6ziQlJVYzINlEK2bj_7YAIKLtE0c"",""https://places.googleapis.com/v1/places/places/ChIJQXPq8BL_0YURLs38IMy10bA/photos/AciIO2e3DxFHzxx43phQ4pc8wsjqzF4TD-sfvNm6YwVomOLJXzA_QWL8Pzr_QfTfPsgUv8ycDsE7eZmNGG-kCRtlc1B2NDdrcC2bCfS3MV2aBAHEr4JCp-h--UkTMhSsQoihrzCn7Al-io8zUyANLmlSWK6W3tEmHdId8B9SYhr8Y9iF0J3d11w4woGrnGnk9neP63Bjp85rHA1CKPfZVt3d4V-h6m7gF2mAYta8xNieck0WrmaMlfhT3wheoEiiov78YUx31S63IicEkifp0MbIRUxABS40qo9Ec5PHdWxunmrwIg/media?maxWidthPx=400&maxHeightPx=400&key=AIzaSyCz0w_6ziQlJVYzINlEK2bj_7YAIKLtE0c"",""https://places.googleapis.com/v1/places/places/ChIJQXPq8BL_0YURLs38IMy10bA/photos/AciIO2e9EAbx8QZtfYXjcoc8wzvEzTWfcvrZgf0Ja5HgF2Qlwat-h191j-lXe6g3scSho8zlpqQv6ok7lBSyCJlxqmTS-qJF8V734DKPAtHAvUQwz7RaXCg8IQ8LS-Z9QZsUaZTNhalYZvJzi33bFoYTuTH4EpYJKNEROU6zlPfsc8lNOV6f8YdNzQhi5ABmjhC6es8qu54kYXbTMlvG6qAz8UtdG_xyjkIbn7KsmRCzxdL2ft6u0L43h73J-Rv5us8yP9_9k0C9EMWvxDM0ukqxHSTU2kjmB_MofIL6h0zLt9NjNGrBjG7BoykSsf_G-XKknKAyPrdv1KQy2qZN8BgUTttSCDOCxcQ5mVpp8DSBi3SUoVJUW3xmHTiKXNfxNwxPE6_tXg-pRAH4V_Ar2WU444nBij5z6ZVr737134tnTfbGU-Hn/media?maxWidthPx=400&maxHeightPx=400&key=AIzaSyCz0w_6ziQlJVYzINlEK2bj_7YAIKLtE0c"",""https://places.googleapis.com/v1/places/places/ChIJQXPq8BL_0YURLs38IMy10bA/photos/AciIO2fslTIVr_HBu0epFZe4O23H4LJk9237ZcZflYyTAuCEIa9nExZe7bSN9DyTF58ThcBJ3uLYlWJ_t2hhWSj4TAlHCwZ2qQdVQHx8oQI6-q8dftXfowgbjFqszlgxXMjgv3J2yF0gKFyPNwErKzFdVPyU0bEUhqwYdidczzfTRufEZdrsI5SPPoZ864UupnPAWmDhqPli5YIkLpRBbbcloktA7MdWLmGgUK8p8KpwUmQZc7S8neV6GUyC3Gy4elZ9axjGhbMK5tnqOByln65fQn16zsP2lVtgAUd51iZ9e2sqhw/media?maxWidthPx=400&maxHeightPx=400&key=AIzaSyCz0w_6ziQlJVYzINlEK2bj_7YAIKLtE0c"",""https://places.googleapis.com/v1/places/places/ChIJQXPq8BL_0YURLs38IMy10bA/photos/AciIO2fiSFX821ILauAoahvdBOcaSoqmpfLiYSAL_UjCNCTrF9VSJtYc7ZFc_DF_44ZIccb5hZQ47Ibx2x_bp7BsSYZ7MOucT9YPr4xyz0yHDjjb-jXWF92qHtjcs4jcZBwTz5l6_CRbawWdq4lTk7l3Jz7rYvBlwuv-HbavZyIbLChAcP1eUdUrCmH5ML5V8IUndTBezlKPLr_IoDywQF0JPmZqVK4Sn_Bmk12L_DPFejAWzqWWghSrydugV0uR4AV6ZkMpiC5I8l4L2rx9LRSmmQNoGYRnKD-pbtQey9NRHSPOYA/media?maxWidthPx=400&maxHeightPx=400&key=AIzaSyCz0w_6ziQlJVYzINlEK2bj_7YAIKLtE0c""]",,,,85,2025-09-30T19:53:03.838Z
ChIJYX8lewD_0YUR1FIvYAyF2m8,Brava Barre,brava-barre,"Jalapa 128, Roma Nte., Cuauhtémoc, 06700 Ciudad de México, CDMX, México",,Ciudad de México,Ciudad de México,,México,19.4167888,-99.1606746,55 1138 5889,https://www.instagram.com/bebarre.mex?igsh=YzlsdW1oeTA1cXgz,https://maps.google.com/?cid=8059900771332739796&g_mp=Cidnb29nbGUubWFwcy5wbGFjZXMudjEuUGxhY2VzLlNlYXJjaFRleHQQAhgEIAA,5,5,,,,OPERATIONAL,,"gym, sports_complex, health, sports_activity_location, point_of_interest, establishment","[""https://places.googleapis.com/v1/places/places/ChIJYX8lewD_0YUR1FIvYAyF2m8/photos/AciIO2cHHjF2Tijs9yjZyi24OG56b3MVUBarQbxfFzuNyk0hrNvpFBOtiB98fv11VRdtAtmKMZk9kXm6PAWUG0J5wzr-Xw4KoOSjPWdkVhGtVOfVNK-qJ_ydqM6F0TMV3Z8DvvJW83itz2xBQI10tezkGNC0TUg62HG4maNFFzmOxgj0VSVKG3WeSKcoa7OsUihsTKA_TGgig6Tubsz_M3aZQjA_9n0ueiv8NAVe6L5YgkzYLIPQB8KtFwJDtAGAHWb1RdZg6VTNEW_eOtzTtnJLCdPIBQb145oxz34Xsujp0_rYHkLVQz_ujWOR8WsJ5v9lEnM2f31LVVW_tNbFrQ8bKBsJD4P1s5LsqcamNrE5HVmL7MEe4ggHCKF2tPLECz3XkM4LAaALTt3dVegNnv93x9mBvGz3R_zcKPnowu-8SV30Z5dA/media?maxWidthPx=400&maxHeightPx=400&key=AIzaSyCz0w_6ziQlJVYzINlEK2bj_7YAIKLtE0c"",""https://places.googleapis.com/v1/places/places/ChIJYX8lewD_0YUR1FIvYAyF2m8/photos/AciIO2e053tzOVehkZhj8oQEGOqLWESTBlZP9YOKPGui7apWvxqzJNR5Lc40UnU-sNiyVtUytVdttGoFn5ld8oTHAu5f01gJB2wzXIC3d1ioHE-4j2VNnwC4Rvqj6ZWkhIU9fd869Hxahp0SYCJlwDOloVug2sWi6i0JXGc4baq5QLGLmmBeaAf2-_Pf7PSCw-Qzm_Es-R0PFMgjOznY0w3dPuSCYue9Ltl-cFm_fcLFZDuc8Y5usAkBbWpJFSK78Lyy4_BNbBLsNfjt6ikKfiRsySVrDqlaLDBYy9M3jeAyxnwjV8VCf47eShmsFWm3MUct6nZ5zADyLSrpGl5GF9jDhsU-jViPCm1NWFreKSaMnfIZqsv7CreFizSsoUkzx5hGj8gP17jPCLC2DA8asl4tYkrOzOQXYbGxMVSgbQiY2GkQ4A/media?maxWidthPx=400&maxHeightPx=400&key=AIzaSyCz0w_6ziQlJVYzINlEK2bj_7YAIKLtE0c"",""https://places.googleapis.com/v1/places/places/ChIJYX8lewD_0YUR1FIvYAyF2m8/photos/AciIO2ckiusSisS219DsS7dPKBk_UwLxsYV7IMU7IvgGwAtNC_VcUkRVwFl8M486lb0l4pxhUjwn-Qujw9gCqTYPD1z0C3Zw7SGCpLDkI3-ChgWalGc8m4f66CcV1jMWmvpY8Le_Rbnl1anOAcYpWK9RUB-oySnGl4-y5mlUei3R2SShbq9uTirsi-Wz4QusKODK23cu2Er32upcfqIUdfh5ZtyuB_v6espVNnOzhnNHUMfF97V2UsETvP5W5JbYZ7vulAnkniLZxo43KKxW6tbYErpjrFnrzr0LII3pJllHMvKJ0Dwi0_Eg2_EuCf9-MkqtjnufbdXIOgtrCNqcw5UpZavxle_ikr8DzIpindlWJU091sgwceo_jBhZNDoxPQMTB0ZA51OMgWh2OOqbIN8B1vxWKci1lHT0qN7_npAHgSM/media?maxWidthPx=400&maxHeightPx=400&key=AIzaSyCz0w_6ziQlJVYzINlEK2bj_7YAIKLtE0c""]",,,,75,2025-09-30T19:53:03.838Z
ChIJrRkMIgD_0YUR7KOHXFmb10g,Be More Studio,be-more-studio,"Coahuila 221, Roma Nte., Cuauhtémoc, 06700 Ciudad de México, CDMX, México",,Ciudad de México,Ciudad de México,,México,19.4107871,-99.1663839,55 2656 9270,https://www.instagram.com/be.more.studio/,https://maps.google.com/?cid=5248834698830390252&g_mp=Cidnb29nbGUubWFwcy5wbGFjZXMudjEuUGxhY2VzLlNlYXJjaFRleHQQAhgEIAA,2.3,39,,,,OPERATIONAL,"domingo: 8:00 a.m. – 1:00 p.m. | lunes: 7:00 a.m. – 1:00 p.m., 4:00–9:00 p.m. | martes: 7:00 a.m. – 1:00 p.m., 4:00–9:00 p.m. | miércoles: 7:00 a.m. – 1:00 p.m., 4:00–9:00 p.m. | jueves: 7:00 a.m. – 1:00 p.m., 4:00–9:00 p.m. | viernes: 7:00 a.m. – 1:00 p.m., 4:00–9:00 p.m. | sábado: 8:00 a.m. – 1:00 p.m.","gym, sports_complex, health, sports_activity_location, point_of_interest, establishment","[""https://places.googleapis.com/v1/places/places/ChIJrRkMIgD_0YUR7KOHXFmb10g/photos/AciIO2c96d2usjGWdz6ksiTVX-eL3uiOf0LeF42opGKb52Rhct-cAN6bQ5pSvyBPorddJ6onVpZaSYWzsuWQHBxbCrVHISHnArHoobIwZkP_TSe46-FnCq4FTPAyoLudvCD7hTl-zEEY_ceNt3425uTYPHU2xmSYBouC_Qo_whxme2nCTaAwtkN0_503FgXFp-J5Ry_6QY1hZX7RyzTRvhMPn3LGGOqbKp1nSmi2NqpsXhYgCIIyxilv84aMbpukKo3uToQVrXkzQVCPWGmX78SDs4CFIKrPoN5aLJyrQUkg92IkOg/media?maxWidthPx=400&maxHeightPx=400&key=AIzaSyCz0w_6ziQlJVYzINlEK2bj_7YAIKLtE0c"",""https://places.googleapis.com/v1/places/places/ChIJrRkMIgD_0YUR7KOHXFmb10g/photos/AciIO2fYwUV_C1kaVRbQW2A-a_07gy7RSxncD2oIqsmYH_aH4d7DPMxnb2p2QeAmo8JJXaAYLMgB_LGCqbpqwTTiLqi_pJmpnuec62qFSNbs6G5Cyg9qbMYmJGax4ZWxJfBkaWV9JIPVWiZJvKz82XyjBK23ovLWaPm81TtA8VRGZ-XeLbeRwEKgoXi9DbOQ3dz8nBqb7Nty1CWAv0RdVLQRG44WEdYEpd8GEh4-bdyZQKD3CVwSroBqRy1FYs1WLPY4xUf6GMNEmYgryZC5NuAm2eMLUa4b1vAp-6xfQPDQAqkmrD6tDbHoN2Uwnc2nbIJQUIcA1NS4mqAa7zbmi7Q8AzwRqNwISYPEn_IacZ_Zt0eAITKv_UW7NSfZsDexsdt8fE8KBogaDAmx51k61vYvX37bZptTJ2VQaGviItdGeFWvI8v43z8aNORRbuEe-Pfh/media?maxWidthPx=400&maxHeightPx=400&key=AIzaSyCz0w_6ziQlJVYzINlEK2bj_7YAIKLtE0c"",""https://places.googleapis.com/v1/places/places/ChIJrRkMIgD_0YUR7KOHXFmb10g/photos/AciIO2fDAW_I41mvfM0myrKTTol0PvCZMIe_qVsmILkP7U4sRyTHSddPBV4_nT6LzP9URaoGOPSOaM-NVBKk5cW_mh2b6yR_f39kWawwtPlZsfEP74G11MO9jaVYWQoI6ns2BAcG9UPiV5apjWe3nd8rjt9dydqVBSvSeeAQywZU7e2xaMpmGLdqXBtDwCzCLkJzM_RJqXh8OVAUiOg_OPHZCeddakf4r94pBznemiyR1oTwWOzwljk0QHhaHi7ciXT5QcoBsZSGBOP1DuFgs0sdORMcqRLa63ebjnXrLCQavZNjDA/media?maxWidthPx=400&maxHeightPx=400&key=AIzaSyCz0w_6ziQlJVYzINlEK2bj_7YAIKLtE0c"",""https://places.googleapis.com/v1/places/places/ChIJrRkMIgD_0YUR7KOHXFmb10g/photos/AciIO2dH4hami3TYOa5AWZ6DCz2vuJ1fahjjbjrko1Xtjsd9c3lbaqdGMmzVbXRLxMPv0dYm3bpdePk1MFDKL7XgTCzhvTczWbNiOfotrlmiE8xr86OqxPc4kSg3ToFvqep26diblU8L-XkZh228DRa5ql16kzagDzj4S_oEKbYaWSwQfE-Dx2YPlrtXdcHel3daCDJ8p8NukdtDXmQWo4ClCTKDcvE9q7oLmcd9eZpTq_5g4eKiM6KL205UVrjsU27nFq6cQOSxWhVeDrMcIzTK9UJI40KKW_AoHRPnODiEVWaGNA/media?maxWidthPx=400&maxHeightPx=400&key=AIzaSyCz0w_6ziQlJVYzINlEK2bj_7YAIKLtE0c"",""https://places.googleapis.com/v1/places/places/ChIJrRkMIgD_0YUR7KOHXFmb10g/photos/AciIO2ekGkJnudqgXzTUsiPJOcYiP7IeU4kc8Zr6F5cR-X9cPCDvXw31bGb7RzlhLENAVG9WOwO55FU0kGHjOf7TiERcUbHwnVAf0BkYRWVaI6caeBvIoIn0UB9-neZNsdWJAPaZRjW6XTZy7bGfrsd8pos04Z7piLiXkF7gpEJwiy6mLE1yi2-6lfLybeuKUrzZADAGU5CYnVBZYpSK30awLkNac3XnfGURs237_vNIlPDG9S13bsW8WFto2BqvrXbZctff-5dYE0igN0L_RxXAymcebAO1BqTq-urifSZGpgGxcA/media?maxWidthPx=400&maxHeightPx=400&key=AIzaSyCz0w_6ziQlJVYzINlEK2bj_7YAIKLtE0c""]",,,,85,2025-09-30T19:53:03.838Z
ChIJwZ6ISG__0YURDZG1_lktBVY,PENTHAUS STUDIO,penthaus-studio,"Durango 195-piso 7, Roma Nte., Cuauhtémoc, 06700 Ciudad de México, CDMX, México",,Ciudad de México,Ciudad de México,,México,19.4200567,-99.1671949,55 6695 2313,https://penthausstudio.mx/,https://maps.google.com/?cid=6198410326694007053&g_mp=Cidnb29nbGUubWFwcy5wbGFjZXMudjEuUGxhY2VzLlNlYXJjaFRleHQQAhgEIAA,4.8,77,,,,OPERATIONAL,"domingo: 9:00 a.m. – 1:00 p.m. | lunes: 7:00–11:00 a.m., 6:00–9:00 p.m. | martes: 7:00–10:00 a.m., 6:00–9:00 p.m. | miércoles: 7:00–11:00 a.m., 6:00–9:00 p.m. | jueves: 7:00–11:00 a.m., 6:00–9:00 p.m. | viernes: 7:00 a.m. – 12:00 p.m. | sábado: 9:00 a.m. – 1:00 p.m.","gym, sports_complex, sports_activity_location, point_of_interest, health, establishment","[""https://places.googleapis.com/v1/places/places/ChIJwZ6ISG__0YURDZG1_lktBVY/photos/AciIO2crCdAiBfjsLOuNOxTZIsBYp796udaryU9FlH0EEiR6lkF6fYr0GAgHkgAVpcYlo-t5jIHEoBUbgMgGcfUtwSuqos9FEG6pOJzuUc1FIdJMTs28peoq7QPpvUiyZdLBqlinlRTumppUNREUN0VeotoUudfuMW-L3_V0TXo6ek45VFGLkPjk9LEaJ_yoDukS5bQ13Y7HFmR0qi9V2EMvMDYUlptSj3gJldZ-0zn2qfuqHA0LrQM1FWIGR1h8S8lr-_SyLnRYD4vvkmq_LSMdtbgjhtFaoD3XOMHlT-w3L9yasw/media?maxWidthPx=400&maxHeightPx=400&key=AIzaSyCz0w_6ziQlJVYzINlEK2bj_7YAIKLtE0c"",""https://places.googleapis.com/v1/places/places/ChIJwZ6ISG__0YURDZG1_lktBVY/photos/AciIO2dcGOV7lulnxDwmsfAAIozuRHuRB40OJp7kDHZX7g5jPghVwCAGhQaQSfC6iDcL3536MDEuRhAh4tYS8CrP39JqSHt9k_BS2rrQcenLjyHlt3TnLZKO80Xi6xbSYLGnh3tT35v7Y204EsNXJR8IZnYN1XU2GpdZ9eH6PaBEmiLlXccPLvQcO0rCiwK73yZ3QMbOMv4EC0EH7VqPkcq_ZhW3MGirB7vXI31G0KK3_M6GFN_oAXs8U2iIVFSksUFoG50Z70_XUc0-NVEPyeQ7de-3qCM_LYm_mkv6IZlP0XkkK5mwERicQxP_Q32Qkb0gRcel_WeMSp5xik6oU4Kpw45hPP1qYX0QZQw1fiaY4IGX0QZcIEhskuv6DQ-fNZYfDjLg0ZmNhJpWIrrwdjKorlSEmwURI6R0MglRHGCYKq1d8qeHiqXbodj6gs8zBieh/media?maxWidthPx=400&maxHeightPx=400&key=AIzaSyCz0w_6ziQlJVYzINlEK2bj_7YAIKLtE0c"",""https://places.googleapis.com/v1/places/places/ChIJwZ6ISG__0YURDZG1_lktBVY/photos/AciIO2eREareS3FRnbPY6QK03fSl23bJIFQ6VKXKOgP1_Gxo3KvH5jFP5oZIg4EFr8ZLj1WhCQsoc-S75E00TVIda1uUidKtdgI5uI_itifC6sKbCDc0tqRgIwh4w8eH_UKgtmcBV56spebjimBK8A_nTzAqg_c5SXAKnb3Ea2i1bGdApvBlKzrDNWEjmnY-jar7Lsp_gOMf4p9sHCAGe_HDPPodsWILLlM1b04PYj3dktzd-1JLtKM_UwNKJNRShjl_CRzbaoOTPyYgQICzeJv1yCKKY31vO3eqL7lL3TlVDM-8SsNlGurJXuBmHi1BzQzFYsV6fa-hZzxPezElaZm5YzpiqVdR2OB6taOFHkBRmkX0k0PzU37ZUD8_8cZ6hACxL_vX0784ifcCKsikucaDUF2v-6JyXGs_-odiCF0EpIe4jel_a-mbqdnKzFfW2g/media?maxWidthPx=400&maxHeightPx=400&key=AIzaSyCz0w_6ziQlJVYzINlEK2bj_7YAIKLtE0c"",""https://places.googleapis.com/v1/places/places/ChIJwZ6ISG__0YURDZG1_lktBVY/photos/AciIO2fKcpwl51IEyMo52XEr8QmIGG_ChHVtotelGuV-gKvgRl2p1lepNx1ud2neRBVpy4qyDkSd0W3oL3vTUH6oCWwrFmy7g3h0ZZYSka98hSrhw9IbxQFk956hXJDurBWVVPJVN_3GrMj9RI0U98lUfthHSU6LLj9Nzo9TZMohGCU4ediGNF6CS9pLOc8O1IYPLSAWZgu_Vxkq_8cmPZDcM09cnfxXk5zLW11QNje55mh6EJA0BCuouUzJLyFMhUgpododwyK7zs9wYomUPm86QlzvOUNZknTx5UYD5PeoBwK0wvqAb41Qi9tt1vOwWmlPY8rAfhrA3fPg2ORUtagLr9QrA23-aKjAbXNrJOjarY2AWFBn6jHeZ6w0C9hK4H3jwuh--9_viMoyKop5rmJeADj0HzCd3MtvL4KkxMi7-YzJ9l_rAyFK5180nUdD4jcY/media?maxWidthPx=400&maxHeightPx=400&key=AIzaSyCz0w_6ziQlJVYzINlEK2bj_7YAIKLtE0c"",""https://places.googleapis.com/v1/places/places/ChIJwZ6ISG__0YURDZG1_lktBVY/photos/AciIO2cADpDTJwp3l8A2ckJ69PhSmEQhYH2x_SQr3Uj2mmna0DuwfQIEHuNFzm38KVToGLfcnl3sRqMfRwgiW0LhjLHgw1jlffukfaremlinM6qmjC1IBAES4FK-raz3aySRSEUD6oXa-6aUsy2AZoTK8lozpC9N80GrnPJ7uFKELvvL03EWSMH70EGyBaK3mn-5U-I5CKoSV0bsCs45u316pHxopRETC3BIRcBw7IfeWUsw5m0jGyxd-RS2rg49LxM0vi2Jk2GENtasC0U2jsfHjQ8cnyOsiE6LYmecN-qkGsIfENf8uWD3eT0wUsT0UW5Z5Lj01sPbKdDbfoUQEVzc_78itS9mhMlWA6j8cVP8MX3nVVfuhM6ss1O_czaHPDqZNz3HUqBitmOpMPd4aMltFeuUuGvSli0mwzWQfbzWL88/media?maxWidthPx=400&maxHeightPx=400&key=AIzaSyCz0w_6ziQlJVYzINlEK2bj_7YAIKLtE0c""]",,,,85,2025-09-30T19:53:03.838Z
ChIJcZGOaNb_0YURwWUry_JgHT0,The Fit Pilates Condesa,the-fit-pilates-condesa,"Av. Tamaulipas 143, Hipódromo Condesa, Cuauhtémoc, 06170 Ciudad de México, CDMX, México",,Ciudad de México,Ciudad de México,,México,19.4094432,-99.1760436,55 5925 4242,https://fitpilates.mx/,https://maps.google.com/?cid=4403782606545184193&g_mp=Cidnb29nbGUubWFwcy5wbGFjZXMudjEuUGxhY2VzLlNlYXJjaFRleHQQAhgEIAA,4.6,47,,,,OPERATIONAL,"domingo: 9:00 a.m. – 12:00 p.m. | lunes: 7:00 a.m. – 12:00 p.m., 5:00–9:00 p.m. | martes: 7:00 a.m. – 12:00 p.m., 5:00–9:00 p.m. | miércoles: 7:00 a.m. – 12:00 p.m., 5:00–9:00 p.m. | jueves: 7:00 a.m. – 12:00 p.m., 5:00–9:00 p.m. | viernes: 7:00 a.m. – 12:00 p.m., 6:00–9:00 p.m. | sábado: 8:00 a.m. – 12:00 p.m.","gym, sports_complex, health, sports_activity_location, point_of_interest, establishment","[""https://places.googleapis.com/v1/places/places/ChIJcZGOaNb_0YURwWUry_JgHT0/photos/AciIO2fAOLjtRXBccCFGPSmiAlPCElZif_oYc8nrOm0G6MH_MbGJLm0M1w87Xm89ux6_S3CfFVerInI8-UKHQJjZ6XPEWgIiu5V0HyRfR8TMEPZQsVGnn-AAALdeV9OIlDJa4Mj4ftDc8zWVu3VxwXqirjYom2f-bOzd7eTlySGbcgZicysfhl1W71Qm4vAUR9DXohFyRYV67NNW175iWQcp0OH2nkaBRNSC6kTWIMv8iwuCzk1D7ITu_1fgyXGCHntcTZZtkdUZvDIY0WTMi6xH-szXvXe1_v1KA_-JwLQG0faamte62IYgJv9ZkWqOZhQW9P34niTyBcV-zTpMgYO5skmA41jZbqjjdwJuFnjbr9PqFO07vRyCrKwAV7_pl0iLe09SO8oAp0WJem-SbHH8vZAovtpTijCLSUsWqPOV3ZjZ9mEU2QroyFamfmI1m_1U/media?maxWidthPx=400&maxHeightPx=400&key=AIzaSyCz0w_6ziQlJVYzINlEK2bj_7YAIKLtE0c"",""https://places.googleapis.com/v1/places/places/ChIJcZGOaNb_0YURwWUry_JgHT0/photos/AciIO2eYdUBo2K84W0ExdqPKdSEnUQMGelUBkYiZIvK9vsQMbnEhnlkSw0woovb3biM7_fFsUmZ2j8CzUwOMxtuTugmufS7TY_b1FX8Au22zjZou8lPjRUzDE6fYoI7ozaOuEELBOT0OTEU37w18yOBSgSZbBKINz3T6WX3EReWCMvf_EgKOL_pZXb87WvN6LyX851FnrzHWkJpvvDzyEF3qsncLpQ4QU_s6gx4lfz0OsBfAmhB1BRbrFtND38yoRIRg1LpJ_p0aiviV8IwoAcc3pd0FQOCYCh-7OfAsHpRDQf14Rgsr92ZRnuFk-Abk20UniatXZSME7_POk68RDVEt-VYLM4xwbsUSFdbe7-qz03rnXDiZpWj3i2u9S2h44yGgCCqyjibORezvWxJhZxEZgZvXw0CjfOCPVoCIw_ZiUL0/media?maxWidthPx=400&maxHeightPx=400&key=AIzaSyCz0w_6ziQlJVYzINlEK2bj_7YAIKLtE0c"",""https://places.googleapis.com/v1/places/places/ChIJcZGOaNb_0YURwWUry_JgHT0/photos/AciIO2fS1aGbA1eqsWgYjPYzEbGyujfnXXBa17IgXY2TOhnzg9lA9S_m3CirHiCzzq5WlccYqJvIDsJlZ12vfCk3QfmG3LCkfOZASNBq1_HHbLH_2aWgD5Vv2DXudwoh3om9tQLESxeg5LARHLNDs9DpuJlTNAtpw-4qksi0-rVpXodfljBfaoWPHfigdyAVDtTUFh5_fCyxCxDNLsmrSAKmPTEElKayQTjoxmQM8x3WmAvbkfeQoEruXl6EoGcZ06X9_72ISLCpa_C5QYnWcUf8W2w0h_9wviZ_JIfQOzme2HA55DBe-NeWOKxmgzdVvkw1LFTwyC8-QusenUVTlSxSY3QjUBOLG2Yb5AWQGXxmUheTQOiIpVkocEitOS2pWAcML-GGMfqhO0WgwxWsmh1pyL0VV-ERXlJAA7Pea8ztFDNc6Vs/media?maxWidthPx=400&maxHeightPx=400&key=AIzaSyCz0w_6ziQlJVYzINlEK2bj_7YAIKLtE0c"",""https://places.googleapis.com/v1/places/places/ChIJcZGOaNb_0YURwWUry_JgHT0/photos/AciIO2emmkselLbmaYLfJGFleA9nQNSuC_8ooPNiaLPH9VhTTGYHR7kXaIM9ZlzdiHBihOKrbjI6KurRX4S3WHmD-2Wpmmbh2nYUIJnI5ojogCCSHJWUa7VTLuAeU-lhBypQo_akASIgR7tkF84X4paGAOI21b1TxvmvkccYEZqqRd7JrEfjWTa8EK1LtIxtj4QJa2qJZWJimsRUzWi6M0Y8v4oSO0PAfRh0m8GapjfPOm-giYRQIDUJYmpFu-Pu515xfN4vm_nAImi_63Sa9EUUq0ms_CIfMJ7-FCphwRb4ZR_kEJ0BmTqhGVbZ7Py7ySXzjXsENebjLZIToal_4I4yuA5TnVDnt2JrOpZFlJzPgtm10qaAwFWTHixObaH83ReU0H94hXAd2ORfrPDizk6K8iEMb74LOvfGe0AwCbXK3ltSlPwo/media?maxWidthPx=400&maxHeightPx=400&key=AIzaSyCz0w_6ziQlJVYzINlEK2bj_7YAIKLtE0c"",""https://places.googleapis.com/v1/places/places/ChIJcZGOaNb_0YURwWUry_JgHT0/photos/AciIO2dnOhceZYTw7ec9L51tTYBOZVII9HCz_SUucmPfiLyvtWhFBY_S-NHEwxlHyPXzqrHNRABKLmHdhKSYSCyJd-Nn6BJCJiViRFTlUzthF9Q66P7n2Zn9KaGTMqlC8yXBQe5I37UyWRPlATzXfOPXlvrkhQoVKLSpWeVCRD1jEQBvs0o3W7KRvPtJbtqjIbLNFV9xZeZXrwxNijzj0xoAXasDPmGT4qNc2rDn23rE4cYm7wJ_zmNT7RipsJTILZbJNh8aGPh-aq9CpK06ChAhwdI1Poo-BlOzqcKZnzj5a0jIjw/media?maxWidthPx=400&maxHeightPx=400&key=AIzaSyCz0w_6ziQlJVYzINlEK2bj_7YAIKLtE0c""]",,,,85,2025-09-30T19:53:03.838Z
ChIJtQ5G6AP_0YURvJiEOlGGhZI,Mi Hot Shala Amsterdam,mi-hot-shala-amsterdam,"Ámsterdam 79-Int. 203, Colonia Condesa, Cuauhtémoc, 06100 Ciudad de México, CDMX, México",,Ciudad de México,Ciudad de México,,México,19.414022,-99.17046049999999,55 8926 1003,https://mihotshala.com/,https://maps.google.com/?cid=10557992584872237244&g_mp=Cidnb29nbGUubWFwcy5wbGFjZXMudjEuUGxhY2VzLlNlYXJjaFRleHQQAhgEIAA,4.8,109,,,,OPERATIONAL,"domingo: 8:30 a.m. – 1:30 p.m. | lunes: 6:30 a.m. – 9:00 p.m. | martes: 6:00 a.m. – 9:00 p.m. | miércoles: 6:30 a.m. – 9:00 p.m. | jueves: 6:00 a.m. – 9:00 p.m. | viernes: 6:30 a.m. – 7:30 p.m. | sábado: 8:30 a.m. – 1:30 p.m., 4:00–6:30 p.m.","gym, sports_complex, health, sports_activity_location, point_of_interest, establishment","[""https://places.googleapis.com/v1/places/places/ChIJtQ5G6AP_0YURvJiEOlGGhZI/photos/AciIO2f_PLzTRnydSza5tut9xevfWUsOi_jmyLbdsPzRNtZSjaxLJgucwAyDIbDBvBKwNfy9RqZEDsO7hnhWYoPeB8cBA6j90qu-Tj_dcehsQazu0_H2pmMsq4zg-Chh44BZvVivOuL9maYIco76Q6FfVbIhYB5d7p225i_V-BYsbau0fAGZVIFGaCIDvrTVJcnS8N43UQsHH4ZSnaWuD3LKJhRZsWqWl-JBXS6yGnSMbqTYCiPK8kCgyhP-IFJCqdFoHPaKarxbCGI5Gcq9p8nMpNx4DK-idWELVUOVvmBufzvYbw/media?maxWidthPx=400&maxHeightPx=400&key=AIzaSyCz0w_6ziQlJVYzINlEK2bj_7YAIKLtE0c"",""https://places.googleapis.com/v1/places/places/ChIJtQ5G6AP_0YURvJiEOlGGhZI/photos/AciIO2fy9Vg-qvChOSC7RTExItksz-puHBawebAGSfhOh8PDKA-wN0WHLGhTLUl5cov6pv2Mw84hn_QZBsDKD1oAOxTA7YdTyA0mThQzpsU82V9fXC_ZzfaoLcyHU4-CTgvyOUmw7Fw9Muh-KH3PlDJsDD8fy0ztd8kb7yz9kQPiDlXdtS5CMK-UNHx6SW9yygrVsOZH3O7gGHxchH1NIYoEb_XUvsPutQ9bTedaniCF0GBzGnZ9LiGPaE5SemNC6K_k7p6c_CLgTLbnqMJKgFwo5a1ZkOeucGj_S12RtehruD48oQ/media?maxWidthPx=400&maxHeightPx=400&key=AIzaSyCz0w_6ziQlJVYzINlEK2bj_7YAIKLtE0c"",""https://places.googleapis.com/v1/places/places/ChIJtQ5G6AP_0YURvJiEOlGGhZI/photos/AciIO2euwjTjygp_6s4AvKY32iVHqnWVUIA12Ck5wBijfllIFh65-Edz67Wt-LBUSnR-_KNZvjNTDhYVp6PZyy7ZNcYfqaRuBqfw-iMgNPV8oVA621N-FIkHHupJH3fzu3C8xuQ6heTGuLvcRjBDTNLCWr8ZpYLqnS7AdVQZGPnGjisxDea7fNSiFkQCrZKGdPEID-6pSD2zEtIjanIbAUJIPioSkfHPuxi74cI2te2fnuPsmV4md1G-pFTGz_dBMpC2k4Nd4s5A1snOZLmNHtX0YHteUFybvZimhqJKax0FFi_Z5aO7T3KRxo0IDjp7AmDJj8MwXx9AXWv3IW98VMHQtTqTX3M4_1DH3TKqA8ngI3LV6SbltMPZfA8vWgPUDf5bJHMI4KFSDMWKeWd5bZPPul8KP-Ge30uJA4PKlnR9RaZzgQ/media?maxWidthPx=400&maxHeightPx=400&key=AIzaSyCz0w_6ziQlJVYzINlEK2bj_7YAIKLtE0c"",""https://places.googleapis.com/v1/places/places/ChIJtQ5G6AP_0YURvJiEOlGGhZI/photos/AciIO2fqiW_RoRz-ZdzxDa8QyIBWTWMxsr0z-IQhpUh0HiIMSGDwVSUC1m1iHii44voAnaquVlqQYQ5rz0VcV2dOJNy_OIby-bC_Ph0srtXg1iVlVzsOlUqfUO44dzqwKTanwIXVXXe_-dmFv8PFdXdfdUswslW99ORxhbuFHJ0lam_DOa1oAXyj0jr1zzago3Li6zOQpOuuIS_mr8R30QxQLI2UYZThnBc23wxQnstQCqlO7X1VAh-hsy0dvjhoq8ZIRlgZ7V9sXmKLril899kW6aAzfH5NL5xKXPHSBCr8i4YZdA/media?maxWidthPx=400&maxHeightPx=400&key=AIzaSyCz0w_6ziQlJVYzINlEK2bj_7YAIKLtE0c"",""https://places.googleapis.com/v1/places/places/ChIJtQ5G6AP_0YURvJiEOlGGhZI/photos/AciIO2eYowXjm-S2Nn9icFQ6NgN5Lw8aOIdvGOgriuVnbh8RWsxtoLKlu12od1OLCaNQ5Gg8AAoQQ_mrYw7TRTQB023NTenRp986j02NuIELxIFr4EUQFsm04ZAfSkINSVqj-FOLnXUk3XPWKHCObp3rmXhfWEI_lSaH2JULbFX--gObEGGrqfaIx-_YNW4JEFLW_vzoLaCRi3rhvu--NYdT1P_CbBUsJ1r9jsfZ8-ZFcR9vwQwLGZzpO_-jFFudP9CKrytwApVnq-Znn_BP6hu7VyNgqLUTzlILRw-qvgamtP9r4f5_pYPWDePxC-bq3KfUICEfUl5e1XUaB36Mzs4zXkfaeEp3Hc5IeX0mbytQTljFYpAIEzhlFumT5X5-QygdHJADYagXRRxYBx3uN0obAwI9N0VyAajby9p6AeueOMUaHw/media?maxWidthPx=400&maxHeightPx=400&key=AIzaSyCz0w_6ziQlJVYzINlEK2bj_7YAIKLtE0c""]",,,,85,2025-09-30T19:53:03.838Z
ChIJE99rN27_0YURAB03w0lPyDM,Strawberry feeling,strawberry-feeling,"Av. Veracruz 77, Colonia Condesa, Cuauhtémoc, 06140 Ciudad de México, CDMX, México",,Ciudad de México,Ciudad de México,,México,19.4166736,-99.1735747,55 3575 3620,http://www.strawberryfeeling.com/,https://maps.google.com/?cid=3731319469502831872&g_mp=Cidnb29nbGUubWFwcy5wbGFjZXMudjEuUGxhY2VzLlNlYXJjaFRleHQQAhgEIAA,4.5,15,,,,OPERATIONAL,domingo: Cerrado | lunes: 7:00 a.m. – 9:00 p.m. | martes: 8:00 a.m. – 9:00 p.m. | miércoles: 7:00 a.m. – 9:00 p.m. | jueves: 8:00 a.m. – 9:00 p.m. | viernes: 8:00 a.m. – 1:00 p.m. | sábado: 10:00 a.m. – 12:00 p.m.,"gym, sports_complex, health, sports_activity_location, point_of_interest, establishment","[""https://places.googleapis.com/v1/places/places/ChIJE99rN27_0YURAB03w0lPyDM/photos/AciIO2fxFJ5zFd7nwbozvXCumcyXhSj0FLxWXtXpDOvq93-JinciHgiWMPul2zHRZrTN8cgjRUuJdOuXKus6BcRKIJLDXplIwsWSFA77aRa_PCdTSKPkm5NZ31-jZZl6LXsudQD5pdEZuV9-NUhcLvTEWeHvWhrJaJr8WwlYKlb-3ovEP-Quwj-Q0OKSBZWqoG18bkH4-Oc4n0Cor0Wo_9-EjNes4e8IcSSDqji8gsaGi60_8jPbHz7YSxrWx4iMS6xhPspUTzktncFzpI_OKFQ_r0laegDH1mh8KrS814abvuxYaA/media?maxWidthPx=400&maxHeightPx=400&key=AIzaSyCz0w_6ziQlJVYzINlEK2bj_7YAIKLtE0c"",""https://places.googleapis.com/v1/places/places/ChIJE99rN27_0YURAB03w0lPyDM/photos/AciIO2d-RPJNCuEBUby7_T_87RKWTt2hZ4Z1zQJj5Hc21T-wvxpQG9A2OyxDH_kSJ-_FaK40vuJ-UX5wqlttQNIPj6ZfrplCenE4snwXSoqpBoTNJfOMnyT0p18z_etkTCgGRGnq1hebeL5rZ26VhCI3FAQmqU960rmTPRYqmOM41rU9HUWaaIxdStGF3b2Q7kpDLq059SsjUJOoKw7vhVrZ-btmUJrA-xNkCubxij7Lhczc3WgmJwDNaI6F026vP-qgBlygSxAnT4NMTt0azE3PjulxIBveFCuL0Q-ngRCQFL59LQ/media?maxWidthPx=400&maxHeightPx=400&key=AIzaSyCz0w_6ziQlJVYzINlEK2bj_7YAIKLtE0c"",""https://places.googleapis.com/v1/places/places/ChIJE99rN27_0YURAB03w0lPyDM/photos/AciIO2fWO_y7_IgMivgva1nFEv_XWlYSV9Ov91gYHeUAPCpBPOZA8cYUc1c5KkadAl7KYUlDRRCTpaZkW7YYKHfU6RpxRNTTcp4y3DZH7TOsFaW5HNm5W_FUAeCRh_DqUqwc_1urDPgO_MH5WrMgy-q8HqTnbzyBS-_8FhcJFUdDSjcFwLCSMxwtY7ua5bV6LQ8HE7t7D0zC6wsMtxrEtfsTbbUX3O63bQwfmf_xOb0kD1NDOMo_fbk3Qh58FrbsjoYux2xH0wwZRsLh3h_QEvQEI5DZPS01497UwG-U3UcUsIxmMg/media?maxWidthPx=400&maxHeightPx=400&key=AIzaSyCz0w_6ziQlJVYzINlEK2bj_7YAIKLtE0c"",""https://places.googleapis.com/v1/places/places/ChIJE99rN27_0YURAB03w0lPyDM/photos/AciIO2eqwOwOZKqtNL5Fh-zKeBrhCwnMei_lQpyISQXL1n4jZDf5oH4CdfSGZcBYapIBTWjg5ON55O5CbIomptLu_LW1-2FWsdXr1foXQxbKDCESK6jAkPZj3PS5TDu2S0gYMfRXHrTZl1_tF3yUG_Etn91BWOpct9nSE3DcNgrE4tzLXCo1-JAijASifhcamCemH4V-WtotIhyTwK9dcb1Ni4P1m_cKqEPa9X-vyi30jr1aXTwD3qxNcCodtrvZ0p__KlKLgmxmMfD_X2M1MjZ4oEME05YEFLrLzTiobI5vznjAiPMebMRyWarLWk0CMPrbfgG54gqoI9osoZZ_86vX5K3yivM70PcIv4v6K77XpaEC-E00dD7TDseOa9OOKJE4fFC4sIT2zIhCXakHz4oMo1TkIrZhAtDswM5Zp53aQDf9o5kR/media?maxWidthPx=400&maxHeightPx=400&key=AIzaSyCz0w_6ziQlJVYzINlEK2bj_7YAIKLtE0c"",""https://places.googleapis.com/v1/places/places/ChIJE99rN27_0YURAB03w0lPyDM/photos/AciIO2cWsGHla1L50_JHjK0B0WNcOUJgYv8IZmzDL0Pm-kOgwvaUkLr-1qSACeMEBsACKlEF4iCNUZFVt_1bqP1Jrb5vu0CkjBN6eULP4hI1T3xK1fTRkrlTyrIkq4rXZaicEU5McjPEPD7nuzLSXDuZ75T9jW6GIVypqCUO8NP4vqQoAnmj3HJHp6xP0kGiRYXjjpowoccFGCQWu3HPkplRU2C9Dn3YLNWcIc-fTTnsd-ZWrc0_fJMaOcLfOqbTudqFNBWUuRKsX1Mb2SPnynbvfk1Eafi5-ecS02QKWCrrJmb39w/media?maxWidthPx=400&maxHeightPx=400&key=AIzaSyCz0w_6ziQlJVYzINlEK2bj_7YAIKLtE0c""]",,,,85,2025-09-30T19:53:03.838Z
ChIJIV4zuh4B0oURehQaLn5rkMA,The Fit Pilates Santa Fe,the-fit-pilates-santa-fe,"Vasco de Quiroga 4299, Lomas de Santa Fe, Contadero, Cuajimalpa de Morelos, 05348 Ciudad de México, CDMX, México",,Ciudad de México,Ciudad de México,,México,19.3570595,-99.2838397,55 5292 3364,https://fitpilates.mx/,https://maps.google.com/?cid=13875708641612010618&g_mp=Cidnb29nbGUubWFwcy5wbGFjZXMudjEuUGxhY2VzLlNlYXJjaFRleHQQAhgEIAA,4.8,20,,,,OPERATIONAL,"domingo: 9:00–11:00 a.m. | lunes: 6:00–10:00 a.m., 5:00–8:00 p.m. | martes: 6:00–10:00 a.m., 5:00–8:00 p.m. | miércoles: 6:00–10:00 a.m., 5:00–8:00 p.m. | jueves: 6:00–10:00 a.m., 5:00–8:00 p.m. | viernes: 6:00–10:00 a.m., 5:00–8:00 p.m. | sábado: 8:00–11:00 a.m.","gym, sports_complex, sports_activity_location, point_of_interest, health, establishment","[""https://places.googleapis.com/v1/places/places/ChIJIV4zuh4B0oURehQaLn5rkMA/photos/AciIO2caPsjmK_ayS6reC9QYR25hmBEyUFIUH9EPwcDN88wRWummAN1VzdTY7M2A40ZM0xNnx28jnUPkkrZVvqLfV7ipuh_80b4beRtDVk08Q1ucSraVh_fM1Zbi-KQJ5htuB1CAW7HZLNFpYG3IMSmFM4-p5P3FiaGRVM9ioXBXHaWSRAHp9z-lJJQsYAExG9dkReZVjF9brladYiAah7vGa65-TxqBhi-CWV532W12T9EbNT7ukvi-DKzaFu9hfdHfhBx4kjp7GWhyZ5QmOdFGajLHZc72R2fi1zQocVJ59ftnng/media?maxWidthPx=400&maxHeightPx=400&key=AIzaSyCz0w_6ziQlJVYzINlEK2bj_7YAIKLtE0c"",""https://places.googleapis.com/v1/places/places/ChIJIV4zuh4B0oURehQaLn5rkMA/photos/AciIO2dTxcbcRAhT3nnmZj0hgyjdGE2lQJQzedysomqF6_SV8rWoHDZzO7zAnUmOfc4sfoEXC6a3lCZSTxCwBUfSZd1fDORbcsAjPlMx_F5kfwliuuPRM_YwYmEXyQKrNLUUHTkIYRcXBHcJV64fq4PNC0aU9ef3JZBx_N6QzGu--bUeCFywzfSvjJWwQQn9pnseacS7aylVyd-NiGSilA9tJuwFwmhxpcJ-_wnyDma_ThiCO-n4ib-QiJCLi8KzXtgCVa9qniMfmQl0cR12UUhDO4sAcyuBiMhM9LACiQB8BQFEWw/media?maxWidthPx=400&maxHeightPx=400&key=AIzaSyCz0w_6ziQlJVYzINlEK2bj_7YAIKLtE0c"",""https://places.googleapis.com/v1/places/places/ChIJIV4zuh4B0oURehQaLn5rkMA/photos/AciIO2e2MlAXDUUIx2R5NHh6BSbKjU796m2weuL1LVI2bardeW3GPzxDu3dR_Ua0J8snxlwhN69ZpKH_cBmmLXPfmeeFXpw7c4vB8b8JQMt5gDIVdrIDTzpdTUDOzG9qChIIdj8ADXsYAV5qi9GVxYviNBz5vqDl6PmpgxViJD6Wt5DVAZUsVD6j_dT5XF41Fchbgu6BBLkjKVa9JTCeroViCYrvfGn0wzJ7R1vFuoeh9lAdhQk59DvVFlU1elBt3EX5ta4_VSw3kU-nhkshxh_9qdxqVB8lY2IQAvp7lEn5fDvaPAu9Slq0kelIPT6lwVCY17M_QTD2BBtx0o5MDDCpacxuTZ5eWUYepk4owbo7q-jbsWHP8gl1ZK9f0DdT9okqpJutc1E6d_IuarwOh6JX2P2zt9DCM3At9UvvhOJ8aNpW9yU/media?maxWidthPx=400&maxHeightPx=400&key=AIzaSyCz0w_6ziQlJVYzINlEK2bj_7YAIKLtE0c"",""https://places.googleapis.com/v1/places/places/ChIJIV4zuh4B0oURehQaLn5rkMA/photos/AciIO2cuk7dR1vxH7gkkiNo8EgJZ1jYQET3D9SWdHJofkM0uSbJzJqOZlAp529yh4yPsj6ENpKH1Xeiza4DzxAK71suFhLw1rFUQr7gobFkYvzeyHq31d8E0SZW4ubYw09_ylmMLTcCEQoWG5SKd3c_okNIutBzwg1coYvRFce7d96nZl_NU9Ojd_Lv7kqSlGE_7pOvRRozkFJQNKsjoIwX_IWUdXCP1MK2KSuq586O-LRy6KKUS7jGA-j-AM0viK-GQVvwd_k8Pr-ZW1vOqzhuy98a8Bbo-fNY73_uEPYFy8khpDc0Z4Pl6pS7MFgtWVT8qlFdTf_JB4AweJpuMWIPL_AOr9PWnXpUmEt2kp-Qp8C4Z6_O2GMXM2ZM6n4Z369UdQNmi6C0JQJ_bA1E8fux1hasYgihGC0l_GNR89SXe7OSG5OHcfnbL4d4K3Usq6Q/media?maxWidthPx=400&maxHeightPx=400&key=AIzaSyCz0w_6ziQlJVYzINlEK2bj_7YAIKLtE0c"",""https://places.googleapis.com/v1/places/places/ChIJIV4zuh4B0oURehQaLn5rkMA/photos/AciIO2dLOD6KjUzQKBGrkiKBTUueyi6NISkz9wUa0zz_xYMzOvUlH49MMrlNlWQs-Wxv8LHEGWf0JLBttKzbL7f9pDlMFC97QbMV3am3IjmGbOwqQWsugkI-W8ov4XMDPwhD5q23aui03rNIaAQosSiJ-EWkpB-tV8ENjSQetmf99QyUZIstI4koBB28YMaCIhR_HlKOhcN6-PhTZezyMUgP4K1HglT4r44pW8Jh4Hr8rI5NixGNM_-mFH6ucuTd_Lz9KqVacHfWavhuSavrF6DUBmC3ErXJt4MsM_ITzKYSJKmzKA/media?maxWidthPx=400&maxHeightPx=400&key=AIzaSyCz0w_6ziQlJVYzINlEK2bj_7YAIKLtE0c""]",,,,85,2025-09-30T19:53:03.838Z
ChIJx93YgUoB0oURuXbveQZlsKU,Frame Pilates Lab,frame-pilates-lab,"C. Guillermo Gonzalez Camarena 2000, Santa Fe, Zedec Sta Fé, Álvaro Obregón, 01219 Ciudad de México, CDMX, México",,Ciudad de México,Ciudad de México,,México,19.3678824,-99.26299379999999,56 2005 6032,https://www.framepilateslab.com/,https://maps.google.com/?cid=11939153690649130681&g_mp=Cidnb29nbGUubWFwcy5wbGFjZXMudjEuUGxhY2VzLlNlYXJjaFRleHQQAhgEIAA,5,17,,,,OPERATIONAL,"domingo: 9:00 a.m. – 12:00 p.m. | lunes: 7:00 a.m. – 12:00 p.m., 6:00–9:00 p.m. | martes: 6:00 a.m. – 12:00 p.m., 5:00–9:00 p.m. | miércoles: 6:00 a.m. – 12:00 p.m., 6:00–9:00 p.m. | jueves: 6:00 a.m. – 12:00 p.m., 6:00–9:00 p.m. | viernes: 7:00 a.m. – 12:00 p.m. | sábado: 8:00 a.m. – 12:00 p.m.","gym, sports_complex, sports_activity_location, point_of_interest, health, establishment","[""https://places.googleapis.com/v1/places/places/ChIJx93YgUoB0oURuXbveQZlsKU/photos/AciIO2cOniSDWdqi64TuBuViONnGpFy73YaRj7-SY9LORlkw2OKIzkF9F_0hIt0EFppm1vooC9iL56wUE1F-Df6dojE7gsnkg4vaIXSsaXJ2nlguehl2aQasa4-fKoYTaziuqhOFwS30uVgrP-Xr-pHH8949YPiMO_crHho4CKK1ugKzNpwRcUQPOG_XmxVXpnDBdKOgfncR6TN6MAke1YkT833vWJ0FxgVVATFLvMCfvTyinDNmYMbfFTJjkMgKnt3r8eZAY93QGkirXWOEs6Q3L7lDmhaQkmecfF0jh162Y37sDw/media?maxWidthPx=400&maxHeightPx=400&key=AIzaSyCz0w_6ziQlJVYzINlEK2bj_7YAIKLtE0c"",""https://places.googleapis.com/v1/places/places/ChIJx93YgUoB0oURuXbveQZlsKU/photos/AciIO2d50fjkCtLZ2SbbHxHf951hFvlJknF5YcGYX5UxFILnOGq4zlY59u9VjkzLbSGCyDf9JbpMdewdUGGpY6uvcxwsrRq2VHyRc8ntZkLPpmKfXt7fFvpX3wn6F2ES8aPY1yJ1-EvWhZ5vKfuBGOHNkmTSDtkjKV6d1Jn58mUfJL_hXn44bJSWkrzc7LUbVxaFgYl-L2ptvxRqAHJZB9iR3955P-GkE9ZAo29w9z6HXBujkj6lNePWYN6q1Rff_qzvCSKZ-m9xgl_SO_gdse6W3Vm4Q-GKu_TpvMYWwEVy3y8Jsg/media?maxWidthPx=400&maxHeightPx=400&key=AIzaSyCz0w_6ziQlJVYzINlEK2bj_7YAIKLtE0c"",""https://places.googleapis.com/v1/places/places/ChIJx93YgUoB0oURuXbveQZlsKU/photos/AciIO2fP1xZoOsddog1-rCNY5o-Yadp_O4uCSjtshdxllACpmxcQMfM50kr5rBlJoH3giQMaQeXbTJPr7U5DdUYS3KEAQGpAuydfuTAFnn4z7zKIzNv8sbCcUNaxv-0U7K-tfhUm55ioOUBN_tTKmkLmnXm79SOqFlkZWQFn7Rj3wxEUWEjqcBYu6sUKzi-osyf4TN8kJedp5BPuLGG-F281zhCfv4AXGOBRg_5pLGCSTVJ5_rbRQENy_Tt4vSDNdGxh_Rm8NmD7-Uwd44VpdbRz4EO_TgwRbSyLF4zCSa2dvUF-xw/media?maxWidthPx=400&maxHeightPx=400&key=AIzaSyCz0w_6ziQlJVYzINlEK2bj_7YAIKLtE0c"",""https://places.googleapis.com/v1/places/places/ChIJx93YgUoB0oURuXbveQZlsKU/photos/AciIO2f89ZX-8Up_beplN8memS-NBNppUC12kXi4bG7hQbVbptTaDO2xwW1u3T2N_AZ2C5FkOS9RkdKickPmirf9aFU9swNVJt_n5JfTj-8cHZ3WPqD-mCWmWFSCNHeGicDJYt9qini1gsFGD3dGVuCgnA5BPJ2KF3QIBqQ5bbXytxBBrYtqO_q2O3vUWE-6xPGydcHkMi1RFVpF12vrMMNpO_ZRbsWnTVeYnA-oMNZdBJckw7c-h1kOwrnzg5PlZJqVczwIPuGazXCEUyrxpeaiT7EIyR6HvMj1emv4GDLFNbcb2g/media?maxWidthPx=400&maxHeightPx=400&key=AIzaSyCz0w_6ziQlJVYzINlEK2bj_7YAIKLtE0c"",""https://places.googleapis.com/v1/places/places/ChIJx93YgUoB0oURuXbveQZlsKU/photos/AciIO2ezK871Tf5pdKjoqSbXvAWCYgHlUVj6VrfpaHzGvctYZp_wr0HuBDK4P3-VzM8iR2x9fB1s3cDiNnHedI9vPpGTmjxpcZGi--zpqhsAG_VfsUUgYpGxjozXRWcRnXXnuJWDZywZwunk8p0L9wNYLFWojOfE43Yu6RniSxvefuc5PwM8slU2bd23r7WTwIhNvEXl7b4Pp4BGPDIFDx6nb7gvxmOFIr4J-2ExlSiaTcTUugY7fHEaKLsZXqUZ8nUv7csaTCEzpz8pfKvCYiK5LqQgE0BL0gaA5OgcOwIh_A2Buw/media?maxWidthPx=400&maxHeightPx=400&key=AIzaSyCz0w_6ziQlJVYzINlEK2bj_7YAIKLtE0c""]",,,,85,2025-09-30T19:53:03.838Z
ChIJdR_ADVMB0oURwCH0C0kEasQ,Es Sence Pilates,es-sence-pilates,"Av. Santa Fe 562-Torre 300, Santa Fe, Contadero, Cuajimalpa de Morelos, 05348 Ciudad de México, CDMX, México",,Ciudad de México,Ciudad de México,,México,19.3563477,-99.27505359999999,56 5246 7667,https://es.sencepilates.com/,https://maps.google.com/?cid=14153129490744877504&g_mp=Cidnb29nbGUubWFwcy5wbGFjZXMudjEuUGxhY2VzLlNlYXJjaFRleHQQAhgEIAA,4.8,37,,,,OPERATIONAL,"domingo: Cerrado | lunes: 7:00–11:00 a.m., 5:00–8:00 p.m. | martes: 7:00–11:00 a.m., 5:00–8:00 p.m. | miércoles: 7:00–11:00 a.m., 5:00–8:00 p.m. | jueves: 7:00–11:00 a.m., 5:00–8:00 p.m. | viernes: 7:00–11:00 a.m. | sábado: 9:00 a.m. – 12:00 p.m.","gym, sports_complex, sports_activity_location, point_of_interest, health, establishment","[""https://places.googleapis.com/v1/places/places/ChIJdR_ADVMB0oURwCH0C0kEasQ/photos/AciIO2cUVwBc_wEdHxEN72Vu2jnRbrp2CYhNiibhMevni1c0hK6kKUExSmO_9PKlZ3HhWM_GnHmiziYC5EEv6Yw7bGVchw4RdUfNMwPz7i0YBuEOXZfXVUEOm9qGd8p2bNqcJP-cIUTWQ_9KLNMBFk1FgJPfRF0BKngB2lp78VCmQLv_5yeIvC-WmGrhWuIMUfYirIlH0M2XL-oSHCCY2lkpoT6ahtPUnPA5xHDkDNe7tMXcRTPVto3-A2JSJdfom1jCo-KZr2BojjT0PlEx9knmAU5SuldZoA27gBwIVinqTimGFg/media?maxWidthPx=400&maxHeightPx=400&key=AIzaSyCz0w_6ziQlJVYzINlEK2bj_7YAIKLtE0c"",""https://places.googleapis.com/v1/places/places/ChIJdR_ADVMB0oURwCH0C0kEasQ/photos/AciIO2cqheSGYx6clqAWIgThA1Z9VJ1frgLNTvLkabxpQXHd0_Py6gujsJvtqHjWuONoqz6iPlol-Ez0FHCXwgMlkf5-0DfZeMHT2lihp3F0HCI2AEqb8CPKOlxhFenKwsoMGK8Z8tGv6ccnvwSLkUuq-xTL_CJfzNgSZ50WPVxggI9WS9jwBcDUf5Oi93jsfRyqpShBqMBTOFx4e906pS3dQnGizmdxybTZXIHtyDaueFbKCf50Slb1-Ls0ZWKyBYxEGe97Lzscanwh82iyJDQl-pip1LFHJvtbzIiCDL44YnZ2fw/media?maxWidthPx=400&maxHeightPx=400&key=AIzaSyCz0w_6ziQlJVYzINlEK2bj_7YAIKLtE0c"",""https://places.googleapis.com/v1/places/places/ChIJdR_ADVMB0oURwCH0C0kEasQ/photos/AciIO2fmJZfF_6-79jEtZcBJWdzHpC2vIgGJEnWETkVdhcIgjLo-XUeb5_2JwxMzRdlWvM4wPKEsVHiULeUG1aIQcqVd5EgKHoYsQnh08clRSTadZElucUjsYgGanZiEsvUkU8xW7-7N_KWRsadoNlqBWrzDmvMtWyF5C_Ur8P5Qkwl9mN3n49GIw-CAr0EA56qKSzxm9JDwqXhPtRMV4U9mEPruNVwbacOfsHNqa3bjVC7SZgTf4ehCcW036yHAww8EP0kbLMVJFso2LMt6HGDLk9esUlkKsLorViiMlov8GVoDHOBg93Dah7EwmYtEd4CeijjYj3xg3KqE16yYDbXFjy5DJzVMJ3ZSkeWiIdCE1P8BwKYUuhknd6C6Hi__tYSQq1YT34zgvwFUluW7RQzjqF3GDHawN0MfDj4mnBn6sNw/media?maxWidthPx=400&maxHeightPx=400&key=AIzaSyCz0w_6ziQlJVYzINlEK2bj_7YAIKLtE0c"",""https://places.googleapis.com/v1/places/places/ChIJdR_ADVMB0oURwCH0C0kEasQ/photos/AciIO2ecAunOmupUzUd7B-4L4HEx6FP8LBxB0sGwjUL3EYIw9WQ-BrmiN0p5MCzl_wxOuFWOr5pWhzkOQnkUHr-Yatnthw_Q2QM_ljtIPEYRqHQYm_FLPlHcslBvBSiNIjKLThsWTq2ZB-B13QFs0P9Z7qhnPvyVsdjFWg8AcQ0lXT7aEnKmnGS40yfiWAHn10Nmr3zpZKIOd9BXUtm9ZeZuXQIMCfD0MxqrnT16V5lSMT9BC4nzDC8kVPxpyYAOF9YErnPmqj1cR06j29lYoK1xBhunLSz6Dol3oIRStQe0GWEzLQ/media?maxWidthPx=400&maxHeightPx=400&key=AIzaSyCz0w_6ziQlJVYzINlEK2bj_7YAIKLtE0c"",""https://places.googleapis.com/v1/places/places/ChIJdR_ADVMB0oURwCH0C0kEasQ/photos/AciIO2eGX6rHAkVYlxRIRVYL86aZfDsopom5ee5awr-XFpSpOc0UFLPBT6RO2IQPesFHTo_pnAwZYbRpBQCDBFkP4K0sx65WktLI_xZYP4AfTeWjVtKEvyrbZGv20IUC_CM_rREoNKPwO_E2o01hxE9rXk0wZ3VdSNBaUkRx8UTOuzDLnABPv8cn6m52QyacffTzUypNZrnfm80WEgtZnt2FC_ZNObymATEXQbAUP6vckAeWDQHeV571bDsCbesed3eD1m6Ifi9NB18SMAowZhVVAz-8gmRkmHO78ZN5uBg5CC2bgQ/media?maxWidthPx=400&maxHeightPx=400&key=AIzaSyCz0w_6ziQlJVYzINlEK2bj_7YAIKLtE0c""]",,,,85,2025-09-30T19:53:03.838Z
ChIJlXR9eQAB0oUR8Gl7n7ok8D8,B Pilates,b-pilates,"Park Plaza, Av. Javier Barros Sierra 540, Santa Fe, Zedec Sta Fé, Álvaro Obregón, 01219 Ciudad de México, CDMX, México",,Ciudad de México,Ciudad de México,,México,19.3655919,-99.25901929999999,55 4854 2893,http://www.bpilates.mx/,https://maps.google.com/?cid=4607222802758199792&g_mp=Cidnb29nbGUubWFwcy5wbGFjZXMudjEuUGxhY2VzLlNlYXJjaFRleHQQAhgEIAA,5,9,,,,OPERATIONAL,"domingo: 8:00 a.m. – 12:00 p.m. | lunes: 6:00 a.m. – 1:00 p.m., 4:00–8:00 p.m. | martes: 6:00 a.m. – 1:00 p.m., 4:00–8:00 p.m. | miércoles: 6:00 a.m. – 1:00 p.m., 4:00–8:00 p.m. | jueves: 6:00 a.m. – 4:00 p.m. | viernes: 6:00 a.m. – 1:00 p.m. | sábado: 8:00 a.m. – 12:00 p.m.","gym, sports_complex, sports_activity_location, point_of_interest, health, establishment","[""https://places.googleapis.com/v1/places/places/ChIJlXR9eQAB0oUR8Gl7n7ok8D8/photos/AciIO2fiBong7BOsz3HoHTcfv6y1ZYUEsCtpdIHiFTXr454Ssv_V2SRBR3JvQbXxLxZ5OjjBJ2d_n4uClYbbcFtxENeCrXeeJWszg00ckRkhL-GiFN90uDs6qJ-ughX-rVwBPjpPNEy536irrj52nDVOEMOxfwU885iSt1AEdRJIP5dtqgTSE1O-0D9UqlTEqWyxseIy4bSAcKm-K5s067GI-WLX7QZIdH_YaGonBt0z11wWA5RBOWnYyVHVx4yiYuUgCK518TRElku32kL4LaS8ztttJDuqRzcos1FXGUnxOkgkLQ/media?maxWidthPx=400&maxHeightPx=400&key=AIzaSyCz0w_6ziQlJVYzINlEK2bj_7YAIKLtE0c"",""https://places.googleapis.com/v1/places/places/ChIJlXR9eQAB0oUR8Gl7n7ok8D8/photos/AciIO2dlOufNXmNn-4-zE66hUX9bJh67Agvgk47SkFA4mJlNfe46gfrY0ujQzyvdZWdhG_ugWuHzVD9ccCiKq4QiHnX_63zb4FUSWZoNlaMR5qvCLntHbsonqDjR58xzcejhbYhMYJ3DBzCk_7oorcp5uzdxdsbFrkZjmzuKXjhgLUxv391htOculdGHpEIO9Xhtr4UZE2iEj7a_QaV1qFYrmbiHHVS9QIL6xWxTwNlAwPpTzE22tLBqyB_LnBKlz0oa-JnP_5GsqEHCbj-UcGeOn7gxXBucWstxbCwoOj5FCcSKvDSeXGpo_xP_irY-rS_dHTq8sDO3OVPX0LxST6clb-Qb56KG9Geh0kb8B9iJP4OeCMGSwy39_9u03-uvy7Agm_zrrUJJLudByNVnXFZGoObMXj2hBky3uCmmXqHUp2V8PzBFp3m2rr1aR2xh5MJM/media?maxWidthPx=400&maxHeightPx=400&key=AIzaSyCz0w_6ziQlJVYzINlEK2bj_7YAIKLtE0c"",""https://places.googleapis.com/v1/places/places/ChIJlXR9eQAB0oUR8Gl7n7ok8D8/photos/AciIO2ftJPTMkgmu_b4zi9n-XcNYyHDo1pRv8jQytMVSOCfHkG_XX0VGDw8kiW4hROvzuAdH5uyPW0oFKhFSJa_SchvqTojVw0MOZE_NyAc19S6TTwiAKONtA83fvZQa71JzbJv9y8WjE0-JKtcB3tjWQa_hfk2le5kHX_b1h_bjwRCpDD70mEy3YXQMw__zF9yRVR8Yt7AkJ2UfAwNIuNwyDWth-2m6otP0tj0B6lq6jVEtn5hAIoafvNe9LaehlVzR7E2UA9h3fuYiMkXzBfC78-SoXh_-MlzRESqJ4UljwJhOIHWQCzPwmQAnrz6fsUkhJzyAt6pWAmqkrlspELpwImRr_rPi2p6eSwQknu7pCbXtMWrtrm3l_Oc_17R966HH9iulR25H2L8tpNPczFeVaXJrcgHLOv2R3uI9QQd0dvK7paWI7Kaex0hg4Ing6s7H/media?maxWidthPx=400&maxHeightPx=400&key=AIzaSyCz0w_6ziQlJVYzINlEK2bj_7YAIKLtE0c"",""https://places.googleapis.com/v1/places/places/ChIJlXR9eQAB0oUR8Gl7n7ok8D8/photos/AciIO2cd-HfZWIBmTZ6rQ6VWph2DcVLbOq3bM03bAFTeRJOHqUsru4brVa9zkYeJou3JaGLm8zLiVsit6PxfEErnbb-yh1v08yu0lRsdmSKHxZbmOgOmXvwmuX5Nzsf67Zm3u5rQc-jlqVC6tPQDtGB8ind090kVj9PnmU35uG_O2Gn3LgIh6djgc0cNDVyKDAp0QK2YNd5LRi3UzE6acd4_4HJ9-6pqDFGJHZbYz2v6iNHrsoISGycxWjzd7WBQRvM48kymZZR1ZzFmN5S0vWFvyztSdJYH7B_vesxNS_0FoscVew/media?maxWidthPx=400&maxHeightPx=400&key=AIzaSyCz0w_6ziQlJVYzINlEK2bj_7YAIKLtE0c""]",,,,85,2025-09-30T19:53:03.838Z
ChIJsXkF-c8A0oUR_u3h1eX5HJ4,P&B Studio,p-b-studio,"Av, Prol. P.º de la Reforma 215, Santa Fe, Paseo de las Lomas, Cuajimalpa de Morelos, 01330 Ciudad de México, CDMX, México",,Ciudad de México,Ciudad de México,,México,19.367161,-99.2676856,55 5292 0036,http://pbstudio.mx/,https://maps.google.com/?cid=11393255922871692798&g_mp=Cidnb29nbGUubWFwcy5wbGFjZXMudjEuUGxhY2VzLlNlYXJjaFRleHQQAhgEIAA,3,20,,,,OPERATIONAL,domingo: Cerrado | lunes: 7:00 a.m. – 9:00 p.m. | martes: 7:00 a.m. – 9:00 p.m. | miércoles: 7:00 a.m. – 9:00 p.m. | jueves: 7:00 a.m. – 9:00 p.m. | viernes: 7:00 a.m. – 2:00 p.m. | sábado: 8:00 a.m. – 1:00 p.m.,"gym, sports_complex, sports_activity_location, point_of_interest, health, establishment","[""https://places.googleapis.com/v1/places/places/ChIJsXkF-c8A0oUR_u3h1eX5HJ4/photos/AciIO2fJAe9TwsTJcDVpYQR3Huy32TZuft3Nor1X8Xmy3ETRstojtTqg4dQeqvc0JGLDNrJPiK40SU3JkTRTMIlmyFqgomIzSP7zPZY_UrMNESB4JjLVAgWScrfA2IHbSF_W3fo5iQ6f_Wbt2IHJqVzpe-yGkBlJ2oIC2mGsyZzcUes1Z41ThYYvF0aCFpopdtJ1ztDWPBLHahxckgv5pyA8H2LxX4Uf1vV3IPHbRDxYMuVNjBCLACqJwjz-r75obN_xyeEehaCG_WYA7sN05HOUMi2HGOUx50l-A0FBeCHMmTSy4PZhUFfurZIKgoTEW8MEqrI_wE5NUUa8AT0jQf89h33lRZTnVRYhnBqAxY0eKLN8QZh5PHzcb15KQfmtLhW-3orO607wPFPuJIqF5ReLqz2r05ywH__aSHLLNeupvZbVk-r_/media?maxWidthPx=400&maxHeightPx=400&key=AIzaSyCz0w_6ziQlJVYzINlEK2bj_7YAIKLtE0c""]",,,,85,2025-09-30T19:53:03.838Z
ChIJL6BuWEcB0oURW195pf7AGsQ,DADO PILATES STUDIO,dado-pilates-studio,"Av Bernardo Quintana 80-7A, Santa Fe, Lomas de Santa fe, Álvaro Obregón, 01219 Ciudad de México, CDMX, México",,Ciudad de México,Ciudad de México,,México,19.3724876,-99.24647089999999,55 6156 6992,http://www.dadopilates.com/,https://maps.google.com/?cid=14130818980758773595&g_mp=Cidnb29nbGUubWFwcy5wbGFjZXMudjEuUGxhY2VzLlNlYXJjaFRleHQQAhgEIAA,5,3,,,,OPERATIONAL,"domingo: Cerrado | lunes: 7:00 a.m. – 12:00 p.m., 4:00–9:00 p.m. | martes: 7:00 a.m. – 12:00 p.m., 4:00–9:00 p.m. | miércoles: 7:00 a.m. – 12:00 p.m., 4:00–9:00 p.m. | jueves: 7:00 a.m. – 12:00 p.m., 4:00–9:00 p.m. | viernes: 7:00 a.m. – 12:00 p.m. | sábado: 7:00 a.m. – 12:00 p.m.","gym, sports_complex, sports_activity_location, point_of_interest, health, establishment","[""https://places.googleapis.com/v1/places/places/ChIJL6BuWEcB0oURW195pf7AGsQ/photos/AciIO2e5sEcXgVBjd7u_0xzJZoFPOGk4WxKpcgj3oPzg_NSZ-YN0rne1QuBB5t_EWWzQgbh3DsPsdifMwZrmQ8sYmYM9qYMmfJIILMVhMu62u65Zw94uj3xAjLphED9C8zyVtZ9rncMT-8Lrar9sa2wup8DjvfbwArUATzxTaA1dMuWRx2g8voIfrtF3Jyg6u2z-micb_MHSsLhLkETX0VmCvFjsclElT5YjfRtcdEuG5p96oLcOytCJUfOrB0a2M0kzA6OcxyjVgocRBT_dHrIFp6wQYmcxf1fpOOaLshV88EM4LKH95C3np7NS1u07lxr3bcLsAPpmTioaUdCLrk6AJljQczRGUCeQrs6_K_9IhsmlLi-EM9V0svQugDR2aa9_GNQzvZwM0QYMjj4mXDdo46jZcDUNJGGZPAAxNRlAgRQG5w/media?maxWidthPx=400&maxHeightPx=400&key=AIzaSyCz0w_6ziQlJVYzINlEK2bj_7YAIKLtE0c""]",,,,85,2025-09-30T19:53:03.838Z
ChIJkeafSL0B0oURjsbpc0dA4gw,Fitsi Samara,fitsi-samara,"Antonio Dovali Jaime 70, Santa Fe, Zedec Sta Fé, Álvaro Obregón, 01376 Ciudad de México, CDMX, México",,Ciudad de México,Ciudad de México,,México,19.368272899999997,-99.2581752,55 3907 0477,https://fitsi.com.mx/clubes/samara,https://maps.google.com/?cid=928375148823299726&g_mp=Cidnb29nbGUubWFwcy5wbGFjZXMudjEuUGxhY2VzLlNlYXJjaFRleHQQAhgEIAA,3,2,,,,OPERATIONAL,domingo: 7:00 a.m. – 8:00 p.m. | lunes: 5:00 a.m. – 12:00 a.m. | martes: 5:00 a.m. – 12:00 a.m. | miércoles: 5:00 a.m. – 12:00 a.m. | jueves: 5:00 a.m. – 12:00 a.m. | viernes: 5:00 a.m. – 12:00 a.m. | sábado: 7:00 a.m. – 8:00 p.m.,"gym, yoga_studio, fitness_center, swimming_pool, sports_complex, sports_activity_location, sports_club, point_of_interest, health, establishment","[""https://places.googleapis.com/v1/places/places/ChIJkeafSL0B0oURjsbpc0dA4gw/photos/AciIO2fm4o7nn2gijQWYoF3f9c_-CnF9Z_druVAs4KovJIxwVVFjIIJgsCFFUIynViZhlytg18sA6wouBX69oJxxZUw7VWzfwN-5nu38hYIJ9hXJc_cOdcWdIu7uu7kQhKxDB1gMq5LWs7-mXGGX9RT1PcxsS8vmSbK0lKJ1QhKd1sgGstksOTaxRXCWSSp1GF1IKMhki2aGiMpgPovDn5lhPphKyZ0U10koljZ0KR_l_eA2PwyEaWaPHAOtyC-_N_-nrqn6srtVMGGU0bs6PBkl0HAeQD0y7MCPOLPDueqMeqZNHQ/media?maxWidthPx=400&maxHeightPx=400&key=AIzaSyCz0w_6ziQlJVYzINlEK2bj_7YAIKLtE0c"",""https://places.googleapis.com/v1/places/places/ChIJkeafSL0B0oURjsbpc0dA4gw/photos/AciIO2eHSMdzWi7uBcul7HlxTGYM53m62DKADFDxgfmOgzXsH7PHVZRcw_tE3aRYubOFg9hrwv3FzofZjeJewHSKWknj1t8bfEkInZicu2SmZDwRmB6nmU1l0GDWo5x7aVENfA5gMVX9UaZbWkhalK_mYmcBxnJiqOrk85XtWjKxvPgHjvfrT8zSB7RkgvtjLMATAZ7i6v7OqvZitO8R7bjIxdLCQKiv2mTP4aOrEwU1lnTFMM8PhTXZRCdbwMQM_oZc0yqSf27BmIdNtk4zF3TOqn8zZ0JzGxKI5RsqDkCptmDF4Q/media?maxWidthPx=400&maxHeightPx=400&key=AIzaSyCz0w_6ziQlJVYzINlEK2bj_7YAIKLtE0c"",""https://places.googleapis.com/v1/places/places/ChIJkeafSL0B0oURjsbpc0dA4gw/photos/AciIO2e-ozV3BQiFDP8mWVadm56pFZzNntlg04DQ-Ft8CRVNFJgoXHhdscvdXCXGhg_emppse-g0FvW5uwA1tU_Opbg2rSFTZx94qfdhJ2o0bxwW_YelRgmWWlTn_3oHcEyE5xr8IDcXE0MecEX-Fd0GpcCb9W_vtLhTWMVb0Jyq1uLMSlDNtc-khO05Myr7qHSvEkfHIblimZ4u-ulJvuz6ztFLffAcqP-5olOJcnFE-EY3tFuDb2b9lzrrBK_YTu6oI1vMjGQ7-lkmyDy7lcY642bQVi5hYOFNOeAZAgOmS2ZvTg/media?maxWidthPx=400&maxHeightPx=400&key=AIzaSyCz0w_6ziQlJVYzINlEK2bj_7YAIKLtE0c"",""https://places.googleapis.com/v1/places/places/ChIJkeafSL0B0oURjsbpc0dA4gw/photos/AciIO2eO6uVDXYMRD5H36QVWUyF3mP1NKeSqRCc6q1UT1pmr8FY0Ra4fF8cJoFPwN0_hgFfRqKaAcXdORWIsiklF2gX4NqHW1884bUPROf1bDmJUqFAX0Fr09NwRkk2G8LxEpPs5AvigiwrVdHDLXrhdOtpIHxM-xsLT-FcKSyct4Re7oUvpMjZ2v6AC5GW62NkIIvScwMLRB6devXFgO4QEMk4YDPWIsNBnANiMv1XUA-njXlAY6gpo0c7bcH1u8ZYAjYushO9G4DeI53jRdAMesAaZC5ArJHfbKE_DSZfWsqAQ4w/media?maxWidthPx=400&maxHeightPx=400&key=AIzaSyCz0w_6ziQlJVYzINlEK2bj_7YAIKLtE0c"",""https://places.googleapis.com/v1/places/places/ChIJkeafSL0B0oURjsbpc0dA4gw/photos/AciIO2eoGzXZ_X8lPUa5f_fFXTqUnzdbNR4VLGs41XLdcN76dWGB4AntyVwjxbeBAO6qEUN1btwkjpdGJX_8AHhOUDmHylz8pzf-m4D2nLeCJoOWerfchmHDQmCwveZ71FDF7hNGhvhYzHJ9uUQyCqOkcfLGy81GAalB7KHf8cE6JhX0S66OS5JLjUv2fmRL6V0fwVazCG1udKZReqa5EpW87ziDPVpIN63s2NtjmbAmkDQDt7uyi6NvrkuQYTd0a4_RxM71e3uSErMyF7W-s9CYURiFfPSekZ2fb1_73j-HgDAKJg/media?maxWidthPx=400&maxHeightPx=400&key=AIzaSyCz0w_6ziQlJVYzINlEK2bj_7YAIKLtE0c""]",,,,85,2025-09-30T19:53:03.838Z
ChIJrQfAvWoB0oURD1MZmaTKapA,The Fit Pilates Bosques,the-fit-pilates-bosques,"Av. Stim 39, Lomas del Chamizal, Cuajimalpa de Morelos, 05129 Ciudad de México, CDMX, México",,Ciudad de México,Ciudad de México,,México,19.3937411,-99.26010269999999,55 1549 5520,https://fitpilates.mx/,https://maps.google.com/?cid=10406352697284973327&g_mp=Cidnb29nbGUubWFwcy5wbGFjZXMudjEuUGxhY2VzLlNlYXJjaFRleHQQAhgEIAA,5,25,,,,OPERATIONAL,,"gym, sports_complex, sports_activity_location, point_of_interest, health, establishment","[""https://places.googleapis.com/v1/places/places/ChIJrQfAvWoB0oURD1MZmaTKapA/photos/AciIO2dBBywPGEKvLXst_0SSNdgxQs4becsvOyzFxbUfYQKU3546kGphuGBgCwkZTE6K7K86a9MrO9hw7Yn_p6pyA9EWc6O5hqQF4M5-fBETxlgCdVdhRAnBcalZ_xDpP1709XmpuBOfSn1hnj09b7pY5CK4KMgAd6hkXsMjOuh_dbl_OlgZSfvqfyxR8Bhxuz5T83R-GafmhN1XwxwIIBkGR_CJHbDNTFelFyRpid46I1-xI7vk4SBhBC2CnFClb627rtd8bYsbc-qsRx7fEEvDsea6JuSY9QsUWthGWHlv5CXxqA/media?maxWidthPx=400&maxHeightPx=400&key=AIzaSyCz0w_6ziQlJVYzINlEK2bj_7YAIKLtE0c"",""https://places.googleapis.com/v1/places/places/ChIJrQfAvWoB0oURD1MZmaTKapA/photos/AciIO2eSe4vSCTVlQcJAubTcPJQYAsKnSLh91DH3tCPP1bcsgOTmrjp8gC6b_PJbVnHI_7oXzQ4MaJCkM4negcGkDx2d1cewM1X6xEM-wfy8TZk08LYRMRkY_s6LmYg0o6I9Vcje27AmlZgh3Z0qtuRlfx_6f9heD1Wc2fmjeqHsy8TrPAlFJFsX7dndGIeKR3YDeqevZ-SJ8v4pM-N43AX6P3Zhy_JC2W1AJOV19Nb6jof6rVqQfSuV_GfGpvAg8RgUutPgqoCrRPyZAGGgVoWFmkrgZnGPeHODpRxpd1nrr8bdlQ/media?maxWidthPx=400&maxHeightPx=400&key=AIzaSyCz0w_6ziQlJVYzINlEK2bj_7YAIKLtE0c"",""https://places.googleapis.com/v1/places/places/ChIJrQfAvWoB0oURD1MZmaTKapA/photos/AciIO2cg0XlP1ErirpGL0zp15-RhFooyMN_9yiCFeWm6NwJSqAptlAx-xCgaueVNgSduUQ55TVft8wwXfISilp7qwqKteSxjUkZmDtDCOlcLirv2wGGn3Yl7YyzZQbLi2kiJterM8sVtW4b8XrFOTl39IcLQqugBVPfj4C-1w2ZPGhuLMCNznCYY25uypXKaifa57f4zMraQSp0Ix_h7PRxq8plLzO_pjj5hX_C6avw_JzvUtFYaWJ2sPxNtVBfaYcFvqLhxokThVNVi17t8s1rwW2sB8xd2XvZMPxlv4RufTLf8TfBeU8NEgvBSuiDjQST3JKN0pNjhave7FhBEoSntFlo-Ejzs6gBwH2ZpoLhKRtrDlK2LzRHedm_Im3tDf5IJi5RrwlUkq7u3OWAuXkDkAe1HGbyxgKJm-MCaWxD3Gx6kOw/media?maxWidthPx=400&maxHeightPx=400&key=AIzaSyCz0w_6ziQlJVYzINlEK2bj_7YAIKLtE0c"",""https://places.googleapis.com/v1/places/places/ChIJrQfAvWoB0oURD1MZmaTKapA/photos/AciIO2fplTS7ymlAJd0jg7r1E46EkqA63EB0FCg8dU61_XPzr7jmQjBdPVZ_AHMQvLWp3oM-UZMgTGrRhq_mVfpQzvu2gQneAaO8PY5XW9qxQsaJfyW9uBsFdd_i4YgU2iJbqoa7BOmw-Kn59e2-vaegM2OgsGPAdUKepaKwlObiFIH2oWccaamrEYN_NGs5vH3WaW-KxACZIXzqABebPRqrrc4Kw7BpCYf4G5ImtXuTT7DxpCVg8B3pvwnaCyV7OTqANUWZT1anTkZ7Wxljhsxdq8rqbF9Olh_SwfCQb3QwNyOzZ_w1WTtmFQBr90OnNBoMJQp2OLM_zDDPGy68lqkXlIrOpz9PDF1Or43RbSEO-hGxeSEUfn9Yqx9rEtG0Zy1KUjGvJLVQw8BKBO_I3Jvy6MbQ4gRuYd4Q7iwwC-mbft96ryp4/media?maxWidthPx=400&maxHeightPx=400&key=AIzaSyCz0w_6ziQlJVYzINlEK2bj_7YAIKLtE0c"",""https://places.googleapis.com/v1/places/places/ChIJrQfAvWoB0oURD1MZmaTKapA/photos/AciIO2exsQ4YBKdlUjtYImmcoW12-BAQ0-yrg9B8hvtGbJnV6yioNP1W-ac_bN7g8v0T5FxCTzzOuuidJl_yEA4rqkUTJq4hHxKw_M9WlGxevr-kM84cQzQnQFp98bWxxDSrxmQjbgPl_leW4bcRTim1haJTer9EkNhhGZvFEl3bOcV22ODhv8mgVlhPxI-lhjsCEHZKK2vIvoQkwJupcBJPkrcu9cJDKAqhCZifb-EgqdyGu-7PkYiQ_2pn16RZhL5HkM__CeHm-7UOc_oLDghUDgyg6vNUfUlCIEgQ-RMW4OZrsun43epwb47PgKjzKzu32zwNcdaAoxVPDa7BnemOdG0ZSgbavnJSgkpJNn8VhUVZKAvBWLCmtngXrbuODkdR74TEUAqrNx9mT188f9dgPgopvIV86d91Q1VJgS1Gk38oi9Mi/media?maxWidthPx=400&maxHeightPx=400&key=AIzaSyCz0w_6ziQlJVYzINlEK2bj_7YAIKLtE0c""]",,,,75,2025-09-30T19:53:03.838Z
ChIJe4vFajIB0oUR1wC3rwkBA2E,Terra Barre,terra-barre,"C. Guillermo Gonzalez Camarena 2000, Santa Fe, Zedec Sta Fé, Álvaro Obregón, 01219 Ciudad de México, CDMX, México",,Ciudad de México,Ciudad de México,,México,19.3677039,-99.2627401,,https://terrabarre.mx/,https://maps.google.com/?cid=6990432187723481303&g_mp=Cidnb29nbGUubWFwcy5wbGFjZXMudjEuUGxhY2VzLlNlYXJjaFRleHQQAhgEIAA,5,5,,,,OPERATIONAL,domingo: 10:30 a.m. – 12:30 p.m. | lunes: 7:00 a.m. – 9:00 p.m. | martes: 6:00 a.m. – 8:00 p.m. | miércoles: 7:00 a.m. – 9:00 p.m. | jueves: 6:00 a.m. – 8:00 p.m. | viernes: 7:00–11:00 a.m. | sábado: 9:00–11:00 a.m.,"gym, sports_activity_location, point_of_interest, health, establishment","[""https://places.googleapis.com/v1/places/places/ChIJe4vFajIB0oUR1wC3rwkBA2E/photos/AciIO2e7LpJkdIXR9qAH7R2lGnM3dbzSLMR7BL7nwSUHHkgbVNsVhykOuon8GVaorSSlSj9zPOdLSf23FSCdsRhu87IDdsKhxfeHYWKefNWZwnxIpwD-M54l-EiOvu2dZmn9Htp0ahKJCmifUL2eb8zmai7RY-1ekT_Ceh2wJdVNGd6kMDhMuOnkWqddTT10-funeig9up2HDexUrMT9uIFiwZilOAkXpMTam-wgDLKui0WHBOmxHE9n3PYFIdnT2jTViiDlB4frEXrRQBcQI3u1z0Pn6V3ov9DIm2tL4aG9nL8wbgKW3xA-fLLlO0QC_pOdCK3SGQeCmU7GWIb4_h_-0Crk2Sal9_o9k4hMtD-ocQRTSJnjIgFvr6_-GzPnL2gJW_axctZRzwfMmlpvukyUREkEZ7L5jdHLT0UMI-vZDYUDFlSGVL1ol5qm6zgfHxHv/media?maxWidthPx=400&maxHeightPx=400&key=AIzaSyCz0w_6ziQlJVYzINlEK2bj_7YAIKLtE0c"",""https://places.googleapis.com/v1/places/places/ChIJe4vFajIB0oUR1wC3rwkBA2E/photos/AciIO2eSpXb8lUKfE2K53bAbG8wMlNQmZQbVTNIey_A2vDbsx083HBh39891O2bdkns_uAp6vj2xl2-6pb6DY5oeIN9s4AJ1pWkOF3Rz4_BNBHbD24gNViJGDrwZZLPbk7aqI7nDlLq0zjGGl6xFmXIQ0Xc-6g5wXjb6xzOEAmafwJ56S4uk0U3Xw93L40DbEhr97ZP3kMuNznV3MQEMhgovIQvV6YjE-wISX5Z_7Oo1mXcnDZs7odB2uhJaG2k1YFg1qIxwHjmPVEbiAeGwW2BB-KEL3KVZ_NgIwmkj9RRnQmOZNtnGQerpFZt7n5_hLoptnZbHRNb_8fkzNyDVJ0fsUU1xdgznXFHjWv1i8GRDlzex08CVknWVcvNgemrTeUSOUnmRX_WTwPJr3JkXr1JD_6hjvcw3Ao6t1MQRIqQ3JsSadXvvcOaHZhVKFPt1HQ/media?maxWidthPx=400&maxHeightPx=400&key=AIzaSyCz0w_6ziQlJVYzINlEK2bj_7YAIKLtE0c"",""https://places.googleapis.com/v1/places/places/ChIJe4vFajIB0oUR1wC3rwkBA2E/photos/AciIO2dVw0FOBKHFx0GHVASHXCTPhlD1UyXjG-5ibGDkrARcePERfvdPc_d_uByJ5Zb7TZ2P50QWsTekWzxGgO7nr2qBf0Gd6UhtomZL-fYGeQJKksmxlTx3BjDSSud0W8r1Hw8ahekDXhyw-E4k5mbu1iAX1LMle1hr2ilkRGEOkD3pOZ8yIh5sh-1hi_1K2pk3VoIRe7CpylDBE4wSGOR7KPV9rLJYGVfIVHP5aTmKzwLGMWH8mwNNTnj5obEczarBjae6fiSwJW2CMyeuULK2TOkWO4PTBn-hhunmXKlsx-4WODXGRDuxf6frHiWv1_DE-GG5Bi0p2OKGEqSmE001qXThxkEy9a3776VETtDd1mik1iMNJYruTz4251Qu4bLRqNvHmdl4Fih4Onzo0DWwca05m8VhRytEV-QVGiuN3ut_SIeJS37s90YjInhJbZh4/media?maxWidthPx=400&maxHeightPx=400&key=AIzaSyCz0w_6ziQlJVYzINlEK2bj_7YAIKLtE0c"",""https://places.googleapis.com/v1/places/places/ChIJe4vFajIB0oUR1wC3rwkBA2E/photos/AciIO2dbZhOn9ShbKHEwPSlj8kdPNVRKv0oS1riu51f7riybzIXAhjmmeH-JFhjAiUqrFRSaMcrNatzRH-lBUV240J9WkSXTcXdcSrNAKnyJteBvkX6fPWIBsDqrbmLPonr1RyOlKfzFAoNlsHq-hnSOuwI_HW02wxhyLCK2Xvd40rAcSv33Yvm9PkSHYVs5QMIl-qid3lhghd7N0LNff_L4-B9XG05m3Vawg0rSiDtCfl6_aGHtWiFcM6eutD4qoTkOD0nmTKhPxjJskDFYuYlahuA-JspKTvSPJNU-vhxhxaNBKFuOa86loQ2Ht9-bmnJ6UHfcm7f65CsQ45Jdwq4Bxc1u0fVeYVJsfbSAgXhMKlA_jzYiWzCofU7MljoYjK3JDZqvWcelenQkMmzxksfB6SBFacpAQg35YZtZmdhZ2zOfcgdrZWtCCIzeY70yywxf/media?maxWidthPx=400&maxHeightPx=400&key=AIzaSyCz0w_6ziQlJVYzINlEK2bj_7YAIKLtE0c"",""https://places.googleapis.com/v1/places/places/ChIJe4vFajIB0oUR1wC3rwkBA2E/photos/AciIO2eDQCM8m8hGNpJ9MspN2fUFizG_G-jNtN_NXlJPHC7djfc0xiaLfESOPVBcqp8RBHGjehEjDu-y_nNZV5uBFLYYTOk4JdC6JMkbfoKFpofRFtWV64fdiS-fl6Gg85e9eWQ6If9mHswAhdXMEjAUHMxb2jybrxd-dB0jWYvyXY7rxhnmqwuswXCNuH6uayT7fnA7783XeeYp-pJkHD8v2NoCxb4A-rDNE5QE-tAn5_djgk2zs-080ynJxGSbVu-w5d0-Ngpiyc5wEjivEy3AJydcqKSEyo6E8H-5ORxx4JOofQ/media?maxWidthPx=400&maxHeightPx=400&key=AIzaSyCz0w_6ziQlJVYzINlEK2bj_7YAIKLtE0c""]",,,,75,2025-09-30T19:53:03.838Z
ChIJsdX73AIB0oURemu6qgi-r_A,Secret Room Yoga Santa Fe,secret-room-yoga-santa-fe,"The Summit, Av. Santa Fe 483, Lomas de Santa Fe, Contadero, Cuajimalpa de Morelos, 05348 Ciudad de México, CDMX, México",,Ciudad de México,Ciudad de México,,México,19.35876,-99.2719413,55 3466 1688,,https://maps.google.com/?cid=17343289634460429178&g_mp=Cidnb29nbGUubWFwcy5wbGFjZXMudjEuUGxhY2VzLlNlYXJjaFRleHQQAhgEIAA,4.6,97,,,,OPERATIONAL,domingo: 9:00 a.m. – 12:00 p.m. | lunes: 6:00 a.m. – 9:15 p.m. | martes: 6:00 a.m. – 9:15 p.m. | miércoles: 6:00 a.m. – 9:15 p.m. | jueves: 6:00 a.m. – 9:15 p.m. | viernes: 6:00 a.m. – 7:30 p.m. | sábado: 9:00 a.m. – 12:00 p.m.,"yoga_studio, fitness_center, gym, sports_complex, sports_activity_location, point_of_interest, health, establishment","[""https://places.googleapis.com/v1/places/places/ChIJsdX73AIB0oURemu6qgi-r_A/photos/AciIO2duDolukIaUTYnTGgnLtFZcIMxoUWKa5e0_Syo3kg7JuMvGdC-qfmLVKx_vL-u7ojzt8z5cIveddZ_4mpLYiwQDjF7JUnjQAqIEPF-BqlNAe5q4VAE6rS4K0MPi_QRhkrH9ixZWujlS-wiuubC0Qgz7m_C7gJ10jGNslIDxDrBM8OUQagsmj2g7mAiLwFM-BS5-gqRZVwgncszVBq0qYxW22quDd_mZcs6ETyOF9K-RefYZZkWOkBAOO-9BBJUSI0dKixp_P53N1VTz_2_oyDCXxuSRDjnwJe2IfjNibMVpFQ/media?maxWidthPx=400&maxHeightPx=400&key=AIzaSyCz0w_6ziQlJVYzINlEK2bj_7YAIKLtE0c"",""https://places.googleapis.com/v1/places/places/ChIJsdX73AIB0oURemu6qgi-r_A/photos/AciIO2d2zPxSLP23iHqTMzTg2OIlwYG2zHmUOrSB9ynqgYaXGvhyq6lo0ucNQbGN-BjwsT2KFnK6AXUAga2aVjah0mm7VRJMw06WHWpdwQeYX6AWo-Gguuwsb_MUL0Rrx3SC6ew2dhaxfD9ZxhlCH58SVqaUHsAmU-kaZQVXr2zw0YxPDuXIPIjs_KHHqD1hnN-qAAq0sUY7FOr8Ck-cEaE6YVIKcDPsLzgNucsPEJJvFQnE5KDOaZLFIwskLe_KS13IC0qP6NO3h0TSH1998gZFG2xAAOGZWFFdl7VYUX_fP1y3mw/media?maxWidthPx=400&maxHeightPx=400&key=AIzaSyCz0w_6ziQlJVYzINlEK2bj_7YAIKLtE0c"",""https://places.googleapis.com/v1/places/places/ChIJsdX73AIB0oURemu6qgi-r_A/photos/AciIO2c_tRR9OY1W_bbm0a6zS3ElaJvg-FHys-C7unlNQ4_D_cDa0Bxqxwm4nRwqMQNS0E_dJI_lcis4IIkmCcX6M4mkBkLhLyH2psxA0wf_mXXsNVVmSJC1uG7WvROIXDmH1XHENxV6LDigJ2LBVmSlk1CCmsJmIJzDpZs84Tflw1sG_2crgSFBnXRdAUMx8gLdyr6TbkKUdksOKs8Ko5_Kt-5_lXZ-iM-N81KMbppCZPZ9mK5umFulhAVad2CSyJVIOJOpFp3iDtWjjNBbJ8zF-cVHAY29ppwDvBXJW0m6LCG9ag/media?maxWidthPx=400&maxHeightPx=400&key=AIzaSyCz0w_6ziQlJVYzINlEK2bj_7YAIKLtE0c"",""https://places.googleapis.com/v1/places/places/ChIJsdX73AIB0oURemu6qgi-r_A/photos/AciIO2f5uvEaP-mBHsMTRN-yERYWOFg4bJ-Xuvc9ulf3f39IT9ZXjKY6ZD1pWM_tTgzPtb9PFZujVOtPIURdSvXy0WPU_rPm7Zh47ICaeTnSGhSnt1GG1wpor9tfzVv8vi3rIpA__w0gl1B3eGBNgBUK7gMsWern98MfSISFMHB9o2x9GpdcSyiy9e7sCy73U3r0fFhz2jQodEIBuGeRKSlevcvwN4hvd_xOSDxkeZH0F9BIhzR0vL4emM_oamHegCaNfiTcothavaFVgnbKh8NCWqtXTTJmuCh8V54C5H1rSrABYA/media?maxWidthPx=400&maxHeightPx=400&key=AIzaSyCz0w_6ziQlJVYzINlEK2bj_7YAIKLtE0c"",""https://places.googleapis.com/v1/places/places/ChIJsdX73AIB0oURemu6qgi-r_A/photos/AciIO2fE9AEYnf3yiUlbqfO8J8usjL0SI9AbHoDT84BhamF_Rx9lGr_WQDe10XniG1aJiJ9B3yKxQulhzvicLGTP1Dq2OwuYa3YNGXTsJzPcyF2Ae6dXjGI30R5dMciN5MlTDPPyuNVYgBA5MSiaFFr-gsVFOadf4kzvN00b2k58T13OUVjEM4TPUJ78x2Oj6J43SGAymHuZjxJn0mNqz-bvInFxZnqigbkgtHz5FeTn77ZU0Ic5Ior_st_dKH_B8Al5UPLZ0Ln22QefGfpDyDD3q6N6DP3SY-FY8tS_7N7S5ZuoUA/media?maxWidthPx=400&maxHeightPx=400&key=AIzaSyCz0w_6ziQlJVYzINlEK2bj_7YAIKLtE0c""]",,,,75,2025-09-30T19:53:03.838Z
ChIJgwZVIuQB0oURp5p0nLjKx88,Sima Wellness Center Santa Fe,sima-wellness-center-santa-fe,"Antonio Dovali Jaime 70, Santa Fe, Zedec Sta Fé, Álvaro Obregón, 01219 Ciudad de México, CDMX, México",,Ciudad de México,Ciudad de México,,México,19.3673279,-99.2594037,55 6210 7711,https://simawellnesscenter.com/,https://maps.google.com/?cid=14972158380464183975&g_mp=Cidnb29nbGUubWFwcy5wbGFjZXMudjEuUGxhY2VzLlNlYXJjaFRleHQQAhgEIAA,5,2,,,,OPERATIONAL,domingo: Cerrado | lunes: 6:00 a.m. – 9:00 p.m. | martes: 6:00 a.m. – 9:00 p.m. | miércoles: 6:00 a.m. – 9:00 p.m. | jueves: 6:00 a.m. – 9:00 p.m. | viernes: 6:00 a.m. – 2:30 p.m. | sábado: 9:00 a.m. – 12:00 p.m.,"fitness_center, gym, sports_activity_location, point_of_interest, health, establishment","[""https://places.googleapis.com/v1/places/places/ChIJgwZVIuQB0oURp5p0nLjKx88/photos/AciIO2d2waLrlW-13s3oSuw5TDb2YHYowKNpBAA6D_n_dRNUiKds1vFxBSKqA4VeY_La4sBjcgUhig4_DSoYxXRtL3Ykeu7_d-ouU6zA88upBF5K3yqZzelXtwbCvbc0VH3SkUf6hsLiTBqeSYqpJJmUWJptHC5NGtpjm4n7E1f6n-sPw8X96wtOHM00o68JXc_984v87HD6-BSvtz1034HqDth_7DIMciaGpOJDOod6E-nNc8H0nFfIqXw5h8kzL-M1567h8H6RI7XVRT1SZmQYpogOhXEAEJh3vD94Oc1YkJEamA/media?maxWidthPx=400&maxHeightPx=400&key=AIzaSyCz0w_6ziQlJVYzINlEK2bj_7YAIKLtE0c"",""https://places.googleapis.com/v1/places/places/ChIJgwZVIuQB0oURp5p0nLjKx88/photos/AciIO2esPSw5WMzatU7PWMmzwGVeZuvz15gz46Qd9CzVMd4cF0iUfzpMVqnPgMkPZBMU6CnwIf_bjFwldCukAuYZWEoQlxq9YIj4OtWI_Sd-VaK8QN3O4QzbXULboY2cvVmei37OU71-a2l0mWlU40-HIDlLG9mQNQM827IEX92Kad0t3r4p-iAEc2BxkSw0ZfJ9ThZL_mzdEspsjEt83PnNgn-5PtTEflDyHclXMAMQ8If39SsIpkzrlg7Hu3YQsKM0DlriSYZNJ3_M_hUEo-G4SiA3T6CT4vYqja3-ShlDMCd1lA/media?maxWidthPx=400&maxHeightPx=400&key=AIzaSyCz0w_6ziQlJVYzINlEK2bj_7YAIKLtE0c"",""https://places.googleapis.com/v1/places/places/ChIJgwZVIuQB0oURp5p0nLjKx88/photos/AciIO2cvXl6uxbGVc0h4yEEI04-Ct_R4FueBzeAYbLOxoaeQYtbtu0dk_Y1eJmEbpxAFq8BKD1ID7Itt2IheMoKeJo9k69D5WtTWbP7gW80cZL-xT5Urps0p_yHrhTsIbYVh47U2Gok-O2_rG0cZtqfgDa_yhJCGVcZnl63SZY1ed__GRj4rKa3-_x2UKi0P9Sj6uE-I5cb0Wg6jJ-2-hpXKGGoVp3ggf0-KFsm3qV3_6Q3X-QVf0ddCFjXGcW_n5XzNO_6utjChCOdXGiBzQWswUGyuD4aJHC5xmg2ttJppjwZosw/media?maxWidthPx=400&maxHeightPx=400&key=AIzaSyCz0w_6ziQlJVYzINlEK2bj_7YAIKLtE0c"",""https://places.googleapis.com/v1/places/places/ChIJgwZVIuQB0oURp5p0nLjKx88/photos/AciIO2emIo0pbqhRfDGrIQRTTwpwFm7lmX_WtARdv-A7qnBDXXIBQZ1Htc4HenlfbET7ncGK6v8VmfbpF9hkZvxGoX_wMRmkUmpXRp-4JD0W2mlgpVX_DyZN7qzrezBlv_95sZtvNwAruZghF8qAZwPmJ_RtiE4ckGPNHeku1tH1D7VLpx0xGJBKJICaUykUgJX2rs_iVkdWZVedXlx-AaMIvg0ww5s4cuwdbl29JnFxud_XGnWYbCShi2Ov1A4HMkdyewvZ6WLtgS6OpT1RKRBrHMJkFSw_NWhDxei7u7VunnJ7YQ/media?maxWidthPx=400&maxHeightPx=400&key=AIzaSyCz0w_6ziQlJVYzINlEK2bj_7YAIKLtE0c"",""https://places.googleapis.com/v1/places/places/ChIJgwZVIuQB0oURp5p0nLjKx88/photos/AciIO2dGP8trzo-I10OXAfVWfvOODHbKtIF78RINflAxRgQtwZb-LAgk0bpcy4-WTkVgpYUl6xLkJSjveXxdLpSW9LaSKEv-Oc0hVhxbvuixDc5BspgvnAAWHld1aIsOIoBM4kGOKKIIL5iwt3TXG1NFJzUU-kCP8uidyk-oIFZUrFgQEEeAetAQEBQbnMGYAibIBfHMOftGXkjzARq8RmKJ6xkbEaNa4BB-qqaw4PQy5A1XcxNNp9jvFR81RAw0I6vH1a6T46kL4Cg6YTHJvktMdGPlPyCYBDx76t9mR9Az3lxPhA/media?maxWidthPx=400&maxHeightPx=400&key=AIzaSyCz0w_6ziQlJVYzINlEK2bj_7YAIKLtE0c""]",,,,85,2025-09-30T19:53:03.838Z
ChIJMTLnTAgB0oUROFBysQPtj8I,FITFORM Strong Pilates,fitform-strong-pilates,"P.º de los Tamarindos 90, Bosques de las Lomas, Cuajimalpa de Morelos, 05110 Ciudad de México, CDMX, México",,Ciudad de México,Ciudad de México,,México,19.3872201,-99.2521166,56 3137 2510,https://www.fitform.mx/,https://maps.google.com/?cid=14019684765145387064&g_mp=Cidnb29nbGUubWFwcy5wbGFjZXMudjEuUGxhY2VzLlNlYXJjaFRleHQQAhgEIAA,4.7,15,,,,OPERATIONAL,"domingo: 9:00 a.m. – 12:00 p.m. | lunes: 7:00 a.m. – 12:30 p.m., 5:00–8:00 p.m. | martes: 7:00 a.m. – 12:30 p.m., 5:00–8:00 p.m. | miércoles: 7:00 a.m. – 12:30 p.m., 5:00–8:00 p.m. | jueves: 7:00 a.m. – 12:30 p.m., 5:00–8:00 p.m. | viernes: 7:00 a.m. – 12:30 p.m. | sábado: 8:00 a.m. – 12:00 p.m.","gym, sports_complex, sports_activity_location, point_of_interest, health, establishment","[""https://places.googleapis.com/v1/places/places/ChIJMTLnTAgB0oUROFBysQPtj8I/photos/AciIO2fOc2SLJP5x0GfUIyeltSUrd-sBaArTs0AEhxLM2DHVLqnxd8YAehd3qRmZqKdUSQA7H0N-BthuWaGBqVu9hMR-neAg9Q1_FG-kVG6ihcNfZl1ZcIfnGt9YCCUXgd93noQs9bdzUxE1uFqhmK2wXHkrhPBkEecSONRHNsWWLewovvTlQVQHKoToY1NBxsaVUBB4L8WNw5Z1L7MDQaJgFOXySoUGXtnABVCs0GlCQlE__qZ5CLfymo-2fVMUIyClR5ide8v2q1G8T-dBafT5U3wYc_Y86qtwtKIzR01si_i16A/media?maxWidthPx=400&maxHeightPx=400&key=AIzaSyCz0w_6ziQlJVYzINlEK2bj_7YAIKLtE0c"",""https://places.googleapis.com/v1/places/places/ChIJMTLnTAgB0oUROFBysQPtj8I/photos/AciIO2di6dPNsiGaK9lUCxgnG5OAgQyz8lDrlz-AsKuD6JPCLXQ_iFBSrRcSR-LD2HGypQOWKifB52J52w5LecAv9rYxdrZ6oYM3sI52m0cCIU901Wzll1KT2uq_kirtDuCUpw9ToiCizf_0AWHL5OWKLS8c4jTn0Z8yg5AnkktmW_Z5PgeN3Y2zm8QGDPagBe4eBwG98_1uz05uK9ywAKtWzp1kuMo9Edj39i2z6cSZO2iwXT6Juzdgogu_pXt2AmOnwokfBEObnwWUpY9uSi3IiOowkwSQOK8N4PFUc9bzMK430w/media?maxWidthPx=400&maxHeightPx=400&key=AIzaSyCz0w_6ziQlJVYzINlEK2bj_7YAIKLtE0c""]",,,,85,2025-09-30T19:53:03.838Z
ChIJ3VfvpxwB0oURRZjD2hsHzbI,SoulStudio Barre Santa Fe,soulstudio-barre-santa-fe,"The Summit, Av. Santa Fe 483, Lomas de Santa Fe, Contadero, Cuajimalpa de Morelos, 05300 Ciudad de México, CDMX, México",,Ciudad de México,Ciudad de México,,México,19.3592291,-99.2717555,,https://soulstudio.com.mx/santa-fe/,https://maps.google.com/?cid=12883961925192620101&g_mp=Cidnb29nbGUubWFwcy5wbGFjZXMudjEuUGxhY2VzLlNlYXJjaFRleHQQAhgEIAA,4.4,14,,,,OPERATIONAL,,"gym, sports_activity_location, point_of_interest, health, establishment","[""https://places.googleapis.com/v1/places/places/ChIJ3VfvpxwB0oURRZjD2hsHzbI/photos/AciIO2e0VXxIgubEvBjgYFVVzZa3odHRTtki4hYajNatj-ae7qCqs7an_4RMttKZgGkpzMsy651GpDJ7Y8Ra_ihH0zabhAXLoIQJ757ZbnH7NoSx97lxkn4Q-YD9D7AxXTQ7-6aFJJROtO2x8xQaeFVvVw4idrUcO0quU2Uv02099qAbG_kajgL_7I0OkJ0W6rfQVI7f6deRrEvV_SpJhUujkv-l_D3VolPveX-7OWUbC4rFqh89i5kvkcXvvOoYn81ZgA-M0ewsZdfqT_Li9Tu69jMUBeP2ikMnY3NEnmGL7J7iqL8xatG4pn3kG-r8nHwraNyOcRgl2ssdUCTMgzCPHDv1G1Jat6Cf04OQA3z0AWfpWIqJ3jonT7D4U7H1VhyCfy96aPDO1AEmNEEUxeNkHsuk6iYnG6WbybbhnCs927Cf4A/media?maxWidthPx=400&maxHeightPx=400&key=AIzaSyCz0w_6ziQlJVYzINlEK2bj_7YAIKLtE0c""]",,,,65,2025-09-30T19:53:03.838Z
ChIJ38WjvM4A0oURWPEfGNbWIAM,Sport City Santa Fe,sport-city-santa-fe,"Vasco de Quiroga 3800, Santa Fe, Contadero, Cuajimalpa de Morelos, 05348 Ciudad de México, CDMX, México",,Ciudad de México,Ciudad de México,,México,19.362751000000003,-99.272161,55 5261 1031,https://www.sportcity.com.mx/,https://maps.google.com/?cid=225416196384616792&g_mp=Cidnb29nbGUubWFwcy5wbGFjZXMudjEuUGxhY2VzLlNlYXJjaFRleHQQAhgEIAA,4.4,386,,,,OPERATIONAL,domingo: 9:00 a.m. – 4:00 p.m. | lunes: 6:00 a.m. – 11:00 p.m. | martes: 6:00 a.m. – 11:00 p.m. | miércoles: 6:00 a.m. – 11:00 p.m. | jueves: 6:00 a.m. – 11:00 p.m. | viernes: 6:00 a.m. – 10:00 p.m. | sábado: 8:00 a.m. – 6:00 p.m.,"fitness_center, gym, sports_activity_location, point_of_interest, health, establishment","[""https://places.googleapis.com/v1/places/places/ChIJ38WjvM4A0oURWPEfGNbWIAM/photos/AciIO2fcsuUgK76eEt7T1oKKRoRoXNdI-uzyZ00IcEZvpuLdbEAH7nMqL1stOKBI-BRyITIWJ220yv_o1ALbuk3T_Mf0oNtP9b5dFcmFbEcF_qwM0vWBk9a4NkLWl_4q3NbG4PADWLMHLEKiaPBosDV-FBFPGTH3uUNIITzRuD2EDlRxz9dNwvcuJWrqw9G-Gx1mCoQCXGT7mDdNAbXYH8Red17Og3rs5p3XoabNoCiaHGvfs-jW7h8r0-ugh09mvs5dv8wuk0i5zswAMEfg9Mw7iTiA3tDC3iZF-W71mkXg_mU_2w/media?maxWidthPx=400&maxHeightPx=400&key=AIzaSyCz0w_6ziQlJVYzINlEK2bj_7YAIKLtE0c"",""https://places.googleapis.com/v1/places/places/ChIJ38WjvM4A0oURWPEfGNbWIAM/photos/AciIO2e1NLbtJ0g2TD2IVCYxedcwoAB8Cg2ncjwUawl6U-Kx4Du09W6lhy_RIcY3NUWrDuWUllLNSQpwus91OR9ZdTXLHRpRyATK_x-7NSBa5LK9ZXLK-ImZ54zGa6poX60uJlRQCbklYkDB7utHsUphN5G300W0SzRh5xcSvBf7JRPNtiLl6dY7nm2uUHXTBthw5_HG0e7ix_1oO50rpZION2gMlp_DZrOWJb7EXfGWMR2SMBwAegPI1TMniipoyH5kdZ8d916-Y4auIjNhmbmh1LY6h69fFDnGXTFY9eOnlAGoxg/media?maxWidthPx=400&maxHeightPx=400&key=AIzaSyCz0w_6ziQlJVYzINlEK2bj_7YAIKLtE0c"",""https://places.googleapis.com/v1/places/places/ChIJ38WjvM4A0oURWPEfGNbWIAM/photos/AciIO2eUKKhsZ7R40GHIKLOlZ0TVkOVciXIo3sTWDwhLzlSLvHx1ftxUGnNB1hGkLb9DIX8nSe-UZOdGZN5fn-FhJnGxxlxeRBnNMJ5x7jvbFyC7bafmztQ_vEvoHQUrIfklVBKMDW9iQ_j3vW3g3qy9oBYGdAZuX1GTyDXXygs67voyjLQM9ija4dSPWvq8amO8y6cQhngwTgK2fyhy0sfbURqvJaKOFQG-8lznr1eFfvrXvGGkcnEYzYxCl5MHh-OIgudBVi7mlf1qKgng_w0iBmPujLQHlp56pWz30Si1tjp0PQ/media?maxWidthPx=400&maxHeightPx=400&key=AIzaSyCz0w_6ziQlJVYzINlEK2bj_7YAIKLtE0c"",""https://places.googleapis.com/v1/places/places/ChIJ38WjvM4A0oURWPEfGNbWIAM/photos/AciIO2cYVuZTjnhvUL1FB5GGwutNu3B5QI9go7IQqjaQLvxVKkxdLotFaJNoXB6U452P3gHaapeLnOiqBFpULVG7icGRn8d2TXiTDYiB9Yc9DdJFrIxvQkcVOsgA_cSu0jWHnBwGgFrmUMI7vm_KMbTwefPj4NVbtTSWrkz783Ew9-XQ_NOSZE1aPVPMsmGVEfDXYfJmlsIId3CMACfStE68h3uruEKtawp-Bp2sroG7Xi0kMqHfWvWKeMNJ6PWZ5nBbBL4IFXt9gd0R6Ak224BvgTepl5U9LjbaIlN8VucO-pZWsg/media?maxWidthPx=400&maxHeightPx=400&key=AIzaSyCz0w_6ziQlJVYzINlEK2bj_7YAIKLtE0c"",""https://places.googleapis.com/v1/places/places/ChIJ38WjvM4A0oURWPEfGNbWIAM/photos/AciIO2ftHKnZHc8cu9ptiaMJJ4lOLvwr00Bf85H-H4k3BkSsg0hHWmSu2lj13p1v-48fzBnngWcR2fh9Neizes0K007_iPCw09ZHZGfmgQVEJwdKwjSUimJdC6-X8UIi9SkmNu5mnw4Be8NlKflZ9Ii3Zh7la3tLV5MA2tfXBCdMIFFa5hQgE9GgFy-7vl7vS7w5ue_9tb24Fscy4zE-ooKd3GVM8MzZY7P4TgkA6xac-kY2dzBCPWGLKw3DPHQPE5if5IO5JBYdJIW24y-AiliiO-LW3AaZVsoVIzKBDspAl7TbsULpHFrYK9ZrQ2x5eaVtiL-o7qCR6nfBxOSJosTH9KOrxyeJYDrpqK3LcSqGeEjP1SBUf_9aByzXFZCi87L_i_pBUPsnl8WqBtl-LF8kieOUO2Ohd8dAg6G9YBlCi4Q/media?maxWidthPx=400&maxHeightPx=400&key=AIzaSyCz0w_6ziQlJVYzINlEK2bj_7YAIKLtE0c""]",,,,85,2025-09-30T19:53:03.838Z
ChIJO0NSmLsB0oURDvPS_ue-Gw0,House of Yoga,house-of-yoga,"C. Guillermo Gonzalez Camarena 2000-Local 6, Santa Fe, Zedec Sta Fé, Álvaro Obregón, 01219 Ciudad de México, CDMX, México",,Ciudad de México,Ciudad de México,,México,19.3678824,-99.26299379999999,55 8532 5395,https://houseofyoga.mx/,https://maps.google.com/?cid=944558450486211342&g_mp=Cidnb29nbGUubWFwcy5wbGFjZXMudjEuUGxhY2VzLlNlYXJjaFRleHQQAhgEIAA,5,15,,,,OPERATIONAL,domingo: 9:00 a.m. – 1:00 p.m. | lunes: 6:00 a.m. – 8:00 p.m. | martes: 6:00 a.m. – 8:00 p.m. | miércoles: 6:00 a.m. – 8:00 p.m. | jueves: 6:00 a.m. – 8:00 p.m. | viernes: 6:00 a.m. – 8:00 p.m. | sábado: 9:00 a.m. – 1:00 p.m.,"yoga_studio, fitness_center, gym, sports_complex, sports_activity_location, point_of_interest, health, establishment","[""https://places.googleapis.com/v1/places/places/ChIJO0NSmLsB0oURDvPS_ue-Gw0/photos/AciIO2dcTWd6u7gMPvJyHb8_TRQsYUkaMBoBcMH1VByhHp57kd1TG7AbmSsOg6ItH-CsaXGBFhHqxAAuYIJ-02WMM0B80jdPmZJuZq2x-peZn4JA6A9U6NGNp3_CP30NICcLw99HoxekDkFrDc0_Q5kGHLerYUx6ux9k4tb74pDIYs4q3InbfwVhHSC6FIP-H9yij2GPi9L1Z32ojigNGMbKF57mv5dJmVlOSsqVUG7LwKc1HbpsjWiqIOxh0S5MT0WHvkZ9gZSipnPxJAU2n8yORtJ9MQLDjEzcA3LhJUCfCcruwA/media?maxWidthPx=400&maxHeightPx=400&key=AIzaSyCz0w_6ziQlJVYzINlEK2bj_7YAIKLtE0c"",""https://places.googleapis.com/v1/places/places/ChIJO0NSmLsB0oURDvPS_ue-Gw0/photos/AciIO2dTjddYzIuaU3lc3TpasM8vY6K84-j2xlGRUdmRhJ07lh0ZTQEYgKznlgljLspo6DsWh5kVeRDQdqU7SpPBf_b5gZRcFDYDlr3CewWJDbEW7ICzb6GdhuXKbNyWkoX2TuzOIa3wf-IYBKwQAP6zWmR8BYbWD-qyLHd-dbeqeFDr94PMCdlJKSPdjtqWMP9LljqFGrFMDUOlbfBjID02WotaIaEU82FrP1CPEuZcO4BcbX4wvvjnIPIoR1jt3OVbXO_Ob6Cq90K_pCy_3gHRwnNGmZXqF57kzewVPAkfpI9hp3YB5cFEyifz7gdCTDgAyr0BolIyzebcGz3n0E1S9fWIsJVGeHBwtWrj8uPYjcciz_O4IpCwAISP7aYLfMJEBmvG1bdnXBD090QXDfr70paNuPwOpZ4eSY4vaGMbkDYrjy1M/media?maxWidthPx=400&maxHeightPx=400&key=AIzaSyCz0w_6ziQlJVYzINlEK2bj_7YAIKLtE0c"",""https://places.googleapis.com/v1/places/places/ChIJO0NSmLsB0oURDvPS_ue-Gw0/photos/AciIO2ekhfLbAgJNSon2W9oUr-gMmBKysdxvYGwx31RJz-hF5hjqMhFq1jZA4klC2jUjJjSKLoG1gBjzrEMVaqC1SaBdQTWX2_dhaVTS7ZfC_anc0_Mt-_NSwzf46-7ZHggeLFraaASxutqVP1Gv3CJNiQvLjswL3znN3CeetDvIM2xFTOZZiRx5VBqhhX_PRa9ILdnX6J_5nCeRgGt7cCOVom02cdWlwnww4hi0lFd21DhnRru61tHuHcZYMmsR-Fe2QeEdaLM9_Y0XW8ub4LH0p162TixA6-p6TMQVCGnhvDrYzdYry7awbnL1BWcw4KyEeCRA-eCBBGq2-vZD6trDXdWkFCk_LDxaIVcxIjpO6ejD47BaKk2RI1cOv57q3jipQ6CZAgMNZ4r2T8SvYaVJBo2TenbkTKY29wFAkRRL9IK1vo19/media?maxWidthPx=400&maxHeightPx=400&key=AIzaSyCz0w_6ziQlJVYzINlEK2bj_7YAIKLtE0c"",""https://places.googleapis.com/v1/places/places/ChIJO0NSmLsB0oURDvPS_ue-Gw0/photos/AciIO2dKCeTOOJ1-Z-OfkCGO-yADQO1TpJutqPJ2PtxvmACi8S64URJP6WKd0h-QFh-RC2v0iJSpj7zPLfYLHUN8iwUCi-Y6IIMHMyITtDT9hYhkXexAvNXKuRJ62UuTVg3xHjEojBPt0csKe-hU8s-09Q9-_5l9bxYX9EQ0jJXdCDOQ-sRRhMVBdVWUWw-KqmFdgX9GmJgi9sGb6xGfTHHDztOWn31l66v7QBlRWPzcVz9APBwL_EkN67JvOWbnBPp-zuL5nWq7BbOTHlOmbjM8JQfD0WwcVGuQsEXlyHDoDpmde8Gnm92VuTWBnynBKmKHgiWuHTA28LHgiT44NuiAvl2eW4SqfS-XqkfuTy6KMmuYJEwwEMlvIwg213Qo4DNCkZR8aMhEuDcVOkPW_stPhb5_OMTf_iLbXsAF_XVRAs6QXg/media?maxWidthPx=400&maxHeightPx=400&key=AIzaSyCz0w_6ziQlJVYzINlEK2bj_7YAIKLtE0c"",""https://places.googleapis.com/v1/places/places/ChIJO0NSmLsB0oURDvPS_ue-Gw0/photos/AciIO2domW_67oTFslok4BYGcluhdGSeoMbr_QE4kNysqiylkmZ-YFKJ4AFS7vBT59CaV-hWN6R6lgqpq9CUh7Wo7fx_elJZYLsaIGCHY4miyosNN7Q_g4TsWcW8qF6cyT1MADR3Jhs24odFOWGH9z3bHhHbKqX8orBTsRO3wtK5bYLEnS4apLgA026bNItH-PX27-vNbglYe-V4n3KRMMysJcPQRUJ87oRh-iozOUnKJmHRwxPaeE4H84cnX1bheJbxg2hw24atvfv8qXo65byR2hux7uUv4D4JvUVUguqkIpggQM-tYHsP2aDLwvxUyDnCoyXY37o85S4SYsMD26HphKsz8J5anQW4oEe6S-xHO5Gj-w2M-mZg_gs6Dx-ZB9j9alp3mZRVlHtoaaMvNY_pi-Q7fliVAC3BQTgAhT71mWgJEg/media?maxWidthPx=400&maxHeightPx=400&key=AIzaSyCz0w_6ziQlJVYzINlEK2bj_7YAIKLtE0c""]",,,,85,2025-09-30T19:53:03.838Z
ChIJ3yXuZL0B0oURa6Oxce0hb-E,DADO PILATES STUDIO,dado-pilates-studio,"C. P.º de Las Lilas 92, Bosque de las Lomas, Miguel Hidalgo, 05120 Ciudad de México, CDMX, México",,Ciudad de México,Ciudad de México,,México,19.3909233,-99.24731519999999,55 3041 1788,http://www.dadopilates.com/,https://maps.google.com/?cid=16244239684647101291&g_mp=Cidnb29nbGUubWFwcy5wbGFjZXMudjEuUGxhY2VzLlNlYXJjaFRleHQQAhgEIAA,5,6,,,,OPERATIONAL,"domingo: 7:00 a.m. – 12:00 p.m., 4:00–9:00 p.m. | lunes: 7:00 a.m. – 12:00 p.m., 4:00–9:00 p.m. | martes: 7:00 a.m. – 12:00 p.m., 4:00–9:00 p.m. | miércoles: 7:00 a.m. – 12:00 p.m., 4:00–9:00 p.m. | jueves: 7:00 a.m. – 12:00 p.m., 4:00–9:00 p.m. | viernes: 7:00 a.m. – 12:00 p.m., 4:00–9:00 p.m. | sábado: 7:00 a.m. – 12:00 p.m., 4:00–9:00 p.m.","gym, sports_complex, sports_activity_location, point_of_interest, health, establishment","[""https://places.googleapis.com/v1/places/places/ChIJ3yXuZL0B0oURa6Oxce0hb-E/photos/AciIO2dcbjW795Z5sDnZ0nxd3GFur1jVGrQ73gPB-w-5weeF3PSEwlUrWfPZG0gbe6FfKhF2vGsa2SlJnR3MpxZOOgqXyH7EGqM22FNrw43rv2VX9d1rl8WYNjtUhwUqEvz6XvJscCdnpGBBa0kYZfikrKaBceEl56d-UFE2-3EBSd9kzSgLMMsLV9kKd2Ah9_h5ECzH3AsWwI_q9fza-zWLBfEs1OBDDXoTZT25SROPmz9jxU41YRZvm5v54ehuIge9qYXW-zNECg-dlEa95Dr_obVJN5DyS8QMslHWIdQwqsgu_XhuLhVWWSyJ50mFtEoZaLEZkDThTdfYWtyXAQRZdaDVTkfwmhTduKlxaJe0ctPAJu48MUP-I2jM-gd_1sjwTh5foSOe4muu2enRh6p-QK2KUxsZvVw_n5CBalPAdAbYApus/media?maxWidthPx=400&maxHeightPx=400&key=AIzaSyCz0w_6ziQlJVYzINlEK2bj_7YAIKLtE0c"",""https://places.googleapis.com/v1/places/places/ChIJ3yXuZL0B0oURa6Oxce0hb-E/photos/AciIO2cshOlo1tu91296DF8Pvo9vdApmJn-rSWpiLVuwYz9prochNT44SDVX_4-4G5kYC4ttqlj9-b9_u9aZhilh8s7qErYtFZFmgTJv7YdCv1HYd8U0f7rVcLhBlehFwQ0lH_EzsVgBM3WFmgQrMvmwXDsVVZsM2QyyBdSs15Q5CrKgioOMA3Ol4JmZGLvgyDD0Gw8SWnjttzcIYqW2yS_NYk1g-GCgO1qpoi4n4Vt0hG_YhImqN6K_OEmbImX0OVrkSBLGsSXsNXnixT0GrS7ab7J_8iSGDq-0O9ZcZyEilJ_Pw7aFkBoMzVzd1DVtcAJHY04mHb9ebBK4gfSEDf7RrJ6IYJrdPx82NnuaB7xAGLlWRRyL2qWYAnywI87ePv8h9Z1OAjlTeGQ6MdI80muZ2CJ7DysZ_-L7widp3n6SVtNuHh_n/media?maxWidthPx=400&maxHeightPx=400&key=AIzaSyCz0w_6ziQlJVYzINlEK2bj_7YAIKLtE0c""]",,,,85,2025-09-30T19:53:03.838Z
ChIJ7YE481MB0oURoC95f2TJcyc,Power Pilates Nutrition,power-pilates-nutrition,"Av.1330 1330-3er piso, Lomas del Chamizal, Cuajimalpa de Morelos, 05229 Ciudad de México, CDMX, México",,Ciudad de México,Ciudad de México,,México,19.3893989,-99.26040119999999,55 6411 8111,https://powerpilatesnutrition.fitcolatam.com/,https://maps.google.com/?cid=2842837223273476000&g_mp=Cidnb29nbGUubWFwcy5wbGFjZXMudjEuUGxhY2VzLlNlYXJjaFRleHQQAhgEIAA,5,3,,,,OPERATIONAL,domingo: 9:00 a.m. – 12:00 p.m. | lunes: 6:00 a.m. – 9:00 p.m. | martes: 6:00 a.m. – 9:00 p.m. | miércoles: 6:00 a.m. – 9:00 p.m. | jueves: 6:00 a.m. – 9:00 p.m. | viernes: 6:00 a.m. – 9:00 p.m. | sábado: 7:00 a.m. – 1:00 p.m.,"gym, sports_complex, sports_activity_location, point_of_interest, health, establishment","[""https://places.googleapis.com/v1/places/places/ChIJ7YE481MB0oURoC95f2TJcyc/photos/AciIO2dGr034we7m57-2B-U5kJzpyGX1mHkYmhZR5hm0O3B3cDeq5mK-jX2ku5kvQgeVvZUZGc75-W8-f3WdoDXWIqp-3aTAxSsJP17yqW6RsGk16t9TYLWywJKrzEjLWCfNF9EWYMFz8ppYeN_TjaIbCtsm2IhfVB4OemTIR7FxYyUdLoVHSw1fqy0Y5aA1hcBbsPaPr23PkSFq_zWHJbbTtIP2L_NVC6oXGeH2hFULGAnFiXcJcyhb0ajQbVughNZhY-dludv7pPB2GjxJaenOiD3xAUOSO3Sd_9Wy9BTUzoZuQA/media?maxWidthPx=400&maxHeightPx=400&key=AIzaSyCz0w_6ziQlJVYzINlEK2bj_7YAIKLtE0c"",""https://places.googleapis.com/v1/places/places/ChIJ7YE481MB0oURoC95f2TJcyc/photos/AciIO2fQbPB9UPBGmV_-CujlcE1RU6eijO1HUmLRDp5r79BOuEAFH6bxz0W4-RLQW_F1E_dgiGbn639dDuIJV3wSJQ-ltkekNcvfoZv_xG261ne7JrfPev3GDEqgG5F8y9gQrH4nv1Dwvg6T-IAB764d5cEgPfvcJbunLs7CAqOh0PtNMEcf7ZO6V2sM3suATwuOFyTy3rBs7NnP8mg1-7kk3IBBbnUQGPfZyk-EQpeBVkbpg2sn68OYbyno3cM0X8KIfDbm_aRifcUmYw5AHhrRdqIIN44xP_-WLVm9nWWtJ7dBFT79PudPu7zsKNkq-CL8d4ZrZJQKMMqbgMgNkOiO9eNwQIXjuWxDGsD-1JP1z_43llPcvfLmX3YaSURPAG_pn1-FWxLYNuw9ocPOzqd6TNJBupU04A01u_z9lfQhPfx_FtE0/media?maxWidthPx=400&maxHeightPx=400&key=AIzaSyCz0w_6ziQlJVYzINlEK2bj_7YAIKLtE0c"",""https://places.googleapis.com/v1/places/places/ChIJ7YE481MB0oURoC95f2TJcyc/photos/AciIO2f4jrLlAUtr7Ev7-OOuEr0b0X7xFb5CKK1YUWnBhqbBSlv342SDr6nQYe_tXVVzhT5Jy6r2XGq8DuPsMJID6kUJLIcsodrrMoWRFvyZr4Q611Wt9nnYFNG2FWCOoAdqT_FzuC66SkFFmGPPwvc7vTEgZxcWb87P-1iBE1_wlBspweS9bYuzFk1gVqdFtme4yVfTu-Auvx46mqLra341CCVprpoJuVpWp8ElJzH1v3xshW-NPX6ipHDJd7pz52PzPeQLkN1muGJUJ6TehkfwQccVsdAI1SlyNZMK32Ke27ZdEg/media?maxWidthPx=400&maxHeightPx=400&key=AIzaSyCz0w_6ziQlJVYzINlEK2bj_7YAIKLtE0c"",""https://places.googleapis.com/v1/places/places/ChIJ7YE481MB0oURoC95f2TJcyc/photos/AciIO2c-_P7UpKv3MxFiSBD5rDEzoxLmNzeTT2fvy1C4Rinjw1vUFrqgk-Q0IUAjLcpvNmWWq74poZE98lBeMEQfirt5Dezjkfp9VhQeqwVbuaFz6F97EA-49cVseK7FJF7MdsI__UJ7D58Fo4YH6zDtZkrAlVrYueVMhqZVqlDm-GFjE2wfL2loe7MLYzs3LmjBdZb_7K8eEgdNFjqTPJMXkCB5S6aDoedfumc7SfR8QnDUolCu6_6nGBJRX0fh9RbjFIo0Mei1rETI27WxukwqASVPxqXRAa5CYPWQXud1vXEQxwvjLPTz25YokDqQEZdUtRaHr5P_3yMNlRTPpWlvdSrAXVlW6cQDk39Mw1uyX9AOnvLqJ-6YH_hnR0i0bK2qGwE6PptPpRGHYlscbAoGcyUsz_Nmh7Q8MOqjqcPrXcaCZQ/media?maxWidthPx=400&maxHeightPx=400&key=AIzaSyCz0w_6ziQlJVYzINlEK2bj_7YAIKLtE0c"",""https://places.googleapis.com/v1/places/places/ChIJ7YE481MB0oURoC95f2TJcyc/photos/AciIO2eijrNYHWtQdODbriRiOKSmZbbIu_yMMUk_gMYGZBMJX4st757bQUQXyh9qO_PN3-wwNIu_YFGHIyn-eCNQQmH1W1MymWdESS-IHjNyf3Aw3d-XBMtD-pXrC17PlraPemDIuoG8PW6qpJ81n-Hb_AD2pts122kmxCIPI9olOpHuskFmXaBgpTyY53sMOvAmOXv9Nk8yBTo0Fo-k0yE_Uk1uQPTScccn_VeMBOhmQR-by1Al1NRo2Uc8uKT9728VDO0z3yJjOTIq2XDQLpDXtnesHIBsrhyoeg6M2VrVNS2CTg/media?maxWidthPx=400&maxHeightPx=400&key=AIzaSyCz0w_6ziQlJVYzINlEK2bj_7YAIKLtE0c""]",,,,85,2025-09-30T19:53:03.838Z
ChIJkawoLgAH0oUR25FbiXSwBSw,ZANIA STUDIO CDMX,zania-studio-cdmx,"Juan Salvador Agraz 15-LOCAL 202 ABCD, Santa Fe, Contadero, Cuajimalpa de Morelos, 05348 Ciudad de México, CDMX, México",,Ciudad de México,Ciudad de México,,México,19.3605737,-99.28038409999999,,,https://maps.google.com/?cid=3172135527119557083&g_mp=Cidnb29nbGUubWFwcy5wbGFjZXMudjEuUGxhY2VzLlNlYXJjaFRleHQQAhgEIAA,,,,,,OPERATIONAL,,"sports_complex, gym, sports_activity_location, health, point_of_interest, establishment",[],,,,35,2025-09-30T19:53:03.838Z
ChIJm9g5IsMA0oURNWRAiZR7awk,PLT Studio,plt-studio,"Antonio Dovali Jaime 95, Santa Fe, Santa Fé, Álvaro Obregón, 01210 Ciudad de México, CDMX, México",,Ciudad de México,Ciudad de México,,México,19.366757,-99.2595757,55 5570 0617,https://pltstudios.com/,https://maps.google.com/?cid=678772046737466421&g_mp=Cidnb29nbGUubWFwcy5wbGFjZXMudjEuUGxhY2VzLlNlYXJjaFRleHQQAhgEIAA,,,,,,OPERATIONAL,,"sports_complex, gym, sports_activity_location, health, point_of_interest, establishment",[],,,,55,2025-09-30T19:53:03.838Z
ChIJp38SK1IB0oURfbvjRJlVq60,YOGA CALIENTE - Hot Yoga Studio Santa Fe CDMX,yoga-caliente-hot-yoga-studio-santa-fe-cdmx,"C. Guillermo Gonzalez Camarena 900-Local 8, Santa Fe, Sta Fé, Álvaro Obregón, 01210 Ciudad de México, CDMX, México",,Ciudad de México,Ciudad de México,,México,19.365723499999998,-99.2631128,55 2866 2142,https://yogacaliente.fitcolatam.com/,https://maps.google.com/?cid=12514190106353187709&g_mp=Cidnb29nbGUubWFwcy5wbGFjZXMudjEuUGxhY2VzLlNlYXJjaFRleHQQAhgEIAA,5,12,,,,OPERATIONAL,domingo: 1:00 a.m. – 12:30 p.m. | lunes: 6:00 a.m. – 9:00 p.m. | martes: 6:00 a.m. – 9:00 p.m. | miércoles: 6:00 a.m. – 2:00 a.m. | jueves: 6:00 a.m. – 9:00 p.m. | viernes: 12:30–6:30 p.m. | sábado: 9:00 a.m. – 2:00 p.m.,"yoga_studio, fitness_center, sports_complex, gym, sports_activity_location, health, point_of_interest, establishment","[""https://places.googleapis.com/v1/places/places/ChIJp38SK1IB0oURfbvjRJlVq60/photos/AciIO2eXe_t1umtyZURXdtcIF5EKV5MuttZWMKzYaJrKPaMgF42IFN-falLTbf3yzFuCQeDbVhcUBcV0tDOKU7z03YGMewkZ1wW4A4dSgWQGOf62wduOSIPpEo36vFanZG7CU8Fg9ZP8tExd5r2D-usz8-hX8woJV8CmBq91DQpYar41u6dulAz5ioJvCfIWGEbFNRhmoGCkqU0GyUbuQhIPfnVx1NrDnJbrgH-jK50ONnJgV8h9ifNtwY7XaM5EYGSPX1g9twIgWw_ZyGQovOwRH0d8i6D2da1ihcGDgGg-QR-afg/media?maxWidthPx=400&maxHeightPx=400&key=AIzaSyCz0w_6ziQlJVYzINlEK2bj_7YAIKLtE0c"",""https://places.googleapis.com/v1/places/places/ChIJp38SK1IB0oURfbvjRJlVq60/photos/AciIO2dq9RwsHcIxP6XG5ilQePAwixujTQKimOsK4eRM0MaBZ1QJdMsp9GUkptA86oaKR1In6HZDURDjMzxw23p0zv-EyEew86JP4ZG5V5TQmpZOCP5zDW112gUaC3KycLZgq47D4ni8Tb4P0C-bk10JavIFIkHcTa7umZO_cLpupcL6oSfmlVo9CV-16kEYgq-kAXZJ30UaHn1KQ-lhCciLSIbebczABs2ypWTp5s1yTKRF9iCGXD8uojjw9ngZ8NS0FavVw2f_UMQfSfHVV0uye3Cilz5ZBB3xOnlskmC5RCuMXA/media?maxWidthPx=400&maxHeightPx=400&key=AIzaSyCz0w_6ziQlJVYzINlEK2bj_7YAIKLtE0c"",""https://places.googleapis.com/v1/places/places/ChIJp38SK1IB0oURfbvjRJlVq60/photos/AciIO2ftKK766gAjxM5fZ0NPYD9YsS_S8q1lP6RZGOF6jx_f4tw4w5EsC5hSriMHAZNssbXqfx160zYsQdyE6n4PQSP9jLNRgPx7UUVPbudSwpymbtWgqVe7jwSMyxdrWrlaAurgkRDqm8HUow2nrRdr5IPQdHo5rE1tKbKWVffj7ymiiZMfZS9tIRbgz3zkPparuoSsABx47oiYIxizPeRzI_pgyqXvzQBbzMbr8WveHLBzA_VXs55OjS3rooy-2NZ3k5xkrQSGl7PUrW7Cr3M_DgzGF_z4zddmRRF9Q5HI76Y92A/media?maxWidthPx=400&maxHeightPx=400&key=AIzaSyCz0w_6ziQlJVYzINlEK2bj_7YAIKLtE0c"",""https://places.googleapis.com/v1/places/places/ChIJp38SK1IB0oURfbvjRJlVq60/photos/AciIO2cU1i0tRqm6BpHRdaMSwP35xWg-Z15RJ6jF0ca8dMLWS882brxW7_-cHAmzYbBjfDxV5bWnEhCfd5t-H2bGCnyCBWxNBvjX8J_ezkkeLu2upuqrR_9SSYNFGuDA_O5LBrUdNyV40jrn1kAx7Bs1ZbN2W3eS4X6i9ySDDzwsduks5HRd1IKP7_NnEZPqQqsQl0MYpXZZ0h5qnXqrhwhuWMZMhx5Cbb19tT2XPcv-WcIopGZDZ2XW6QMzyJUYX9jTYl4SEZBpTaNE5XUPRAGEm4VhIMCp3BVWK1WRoypXy2_Ujg/media?maxWidthPx=400&maxHeightPx=400&key=AIzaSyCz0w_6ziQlJVYzINlEK2bj_7YAIKLtE0c"",""https://places.googleapis.com/v1/places/places/ChIJp38SK1IB0oURfbvjRJlVq60/photos/AciIO2feJF9zJQz92oFjGlCOI4981iO70O3LR0zrAa5UGbzAH33hw7NYDJ3WUJaZP2X3Q-0Bx1WA4hDtIfKp3lc2tqt89hrq4l3X1GhJL5RMnXf9GyXLw4ZDoc8JitsJC7GuI8ShAdlGty18PRDVHA_RCcHSfPkBhhsiVqi9TdYYibD3jlm3q1eJhmvlA-A3tflCSy8PSHYO__kasPUemcLfOtBz1NfaStreQt-hO6GbO4y5_pHhDQI6T2nyVkV3DBbbzd6h6aQcX3EEa-fvvoTfx8B0zNQsV9Wolmv2kmRLhpsRaw/media?maxWidthPx=400&maxHeightPx=400&key=AIzaSyCz0w_6ziQlJVYzINlEK2bj_7YAIKLtE0c""]",,,,85,2025-09-30T19:53:03.838Z
ChIJZ7yppqT_0YURZSox8H4LCSk,LunAzul Pilates Reformer,lunazul-pilates-reformer,"Av. Miguel Ángel de Quevedo 854-segundo piso, La Concepción, Coyoacán, 04020 Ciudad de México, CDMX, México",,Ciudad de México,Ciudad de México,,México,19.344020999999998,-99.15714229999999,55 8568 0905,http://www.lunazul.life/,https://maps.google.com/?cid=2956907270168980069&g_mp=Cidnb29nbGUubWFwcy5wbGFjZXMudjEuUGxhY2VzLlNlYXJjaFRleHQQAhgEIAA,4.9,33,,,,OPERATIONAL,,"sports_complex, gym, sports_activity_location, health, point_of_interest, establishment","[""https://places.googleapis.com/v1/places/places/ChIJZ7yppqT_0YURZSox8H4LCSk/photos/AciIO2djs1fDbNm3u79H-IjG2D39eP-Zuc96DxKZXLAeYMyE05MwCkvQ75C8iF-R8liEZCsMXFDU6X_smlDhEd8cSXE0TAJ5jA1Lnv4xbmvtRLnGlJSrpB-pK_Jwpbgdu9A44lGl7ppT9AFaXvylEv4VGv4MF_bbI7zWUi6b-bYUFofdW_PjfNJ1xADv-4i6VbMUAcqd92DbVYa3Ao83EeiKD-NQb3nk_Pw-zJnPpBTcmDJsYxhIsw0d7RJV6TAJ__64VDDQwl9ayRYnBEyepRp-9muTUCcb5CL6RIk1gWDhKry3zw/media?maxWidthPx=400&maxHeightPx=400&key=AIzaSyCz0w_6ziQlJVYzINlEK2bj_7YAIKLtE0c"",""https://places.googleapis.com/v1/places/places/ChIJZ7yppqT_0YURZSox8H4LCSk/photos/AciIO2efThNbhLVLXEWaxV7e9H4XMynrir3zNaUJbvoR-2CqJmnTLgTvSKz1MvAidGLWN_EJBk_hX3l-tBx3yK8btfAVL6cmzu_jnyJxa0eB7nVgfU4phIvgixOfUOvbb25xHlhdqXqQ7sPuUCz2jqJkyrYFPVv-3EVrVneziHzi5sNVtPWxQAab7jGsYPZqM4BSeGrEu2uhBGNVSwX_D1dH33AdxmgVlgVDQOLAvEa-clQX9ALT2d5LvSxP6IrgKT8F7koMSEVlO23clENz8DeqZmRDt2Bj2-Iuuft9Paz2Wu6RaXLULHJ_gGuGpde6jy6Pezz_ki5C2PbWtvN6DE1Qe6nvwofHhDwaAE_7xY3LpdCzW3EowtNh3Zx92b1KRZPQ8xcuobuDxBeDXTaFXGL6YB1UJ-AJUnwtGUOpuY4ej8jg7A/media?maxWidthPx=400&maxHeightPx=400&key=AIzaSyCz0w_6ziQlJVYzINlEK2bj_7YAIKLtE0c"",""https://places.googleapis.com/v1/places/places/ChIJZ7yppqT_0YURZSox8H4LCSk/photos/AciIO2d_OY4CJY-2woeQJv10n3xbxxsGt2FXQNPMnu21dCku1WytFGnUFqAz-pFQb-7G2H983Qapy_lsVUecR4T-w8FAbrUgC4Cn9_gVM-WdbrzctVvT3NbVc0XG-JH7jybLdoFvZR6osO0Ob9vmSIMrHHfYoGT6HlsTWl0dpnDdHMBR9IoqfUvaltNaiJMEeWUfEF1SHIg3OrVGXMENQEq0xr_hcawuCuHeVugypZr-alIXkE8PTC54enAmXHaaR-xSVlzl6mU6NKPUleHfyLQSamuc88Nfrj1JH6VGxCXpjy83dg/media?maxWidthPx=400&maxHeightPx=400&key=AIzaSyCz0w_6ziQlJVYzINlEK2bj_7YAIKLtE0c"",""https://places.googleapis.com/v1/places/places/ChIJZ7yppqT_0YURZSox8H4LCSk/photos/AciIO2cs5hP6ipDdb5II7hpR-BF17_e8Tg_4bh7i6mtGOIs7a-yhrWO4yaeAUsFju4dq-8czckzl5g7WohF2z3fN14a3OFA1RceSbV89w1-z3uHGSqkJkeVrGsOlty05a2Bq2kBbi170RTfvJv7Uhr6CFbirfD0vQGU_QeBvqcU-PPOhlQ6W4Z0579KNPCY_Z-ecg0RGDgzdc9vUmOptS4mzjqty3g0Fc_7_5i3RqhR1T8TpxVWKnKi4fGBcQN9Bfcw-F5zPHIW_MyquS8qW47RA0k89gk-alO0K0fr1rGIxse4cFQ/media?maxWidthPx=400&maxHeightPx=400&key=AIzaSyCz0w_6ziQlJVYzINlEK2bj_7YAIKLtE0c"",""https://places.googleapis.com/v1/places/places/ChIJZ7yppqT_0YURZSox8H4LCSk/photos/AciIO2e3Og1YuQP2JsuNzaT8X1RXQqxP8w79aiAsVUVzFwoO4nSGwLqkTHxWK4gGwk_7SJN-4vAVQxsOaVWkscyNTVwzu7BnawQlXc9nctOX9IYtZYPDzib_X4gjtc3SIJ3mWd9bocWn7LBavnAVpiKl2xcncMEWX4nINybdBCBRJ7U6pPLPoIay2WOahSweDSJs8aLAyYV2MIYtF_rQHkLU37AQsjWOtUHtMVXWTDt5ar8b-vILIKgQ86-oh8GVkPORhitaGI-0yfdsipROm3AhYwFIHvlAO5Ry5ly-Td8yp3G9lt9Bb8sdHST86A6IrE5RmmourSauPFuHV9U2Xk9n90RKFDF7ctdcg6YVRXY0fMHB7cr5RAn4BiFUkIqwuaotr7ic2N9go9w_U7ng2_jOFxJDLcqUMZIKZi8PtnF7--L_3tgolkVVBkEZj3Nv51MA/media?maxWidthPx=400&maxHeightPx=400&key=AIzaSyCz0w_6ziQlJVYzINlEK2bj_7YAIKLtE0c""]",,,,75,2025-09-30T19:53:03.838Z
ChIJj2XbKez_0YURhCguxRXuScI,Zenix Pilates Coyoacán,zenix-pilates-coyoacan,"Ayuntamiento 27, Del Carmen, Coyoacán, 04100 Ciudad de México, CDMX, México",,Ciudad de México,Ciudad de México,,México,19.350294500000004,-99.1681256,55 3444 5335,https://www.zenixpilates.com/,https://maps.google.com/?cid=13999982693927757956&g_mp=Cidnb29nbGUubWFwcy5wbGFjZXMudjEuUGxhY2VzLlNlYXJjaFRleHQQAhgEIAA,4.3,30,,,,OPERATIONAL,"domingo: Cerrado | lunes: 7:00 a.m. – 1:00 p.m., 3:00–9:00 p.m. | martes: 7:00 a.m. – 1:00 p.m., 3:00–9:00 p.m. | miércoles: 7:00 a.m. – 1:00 p.m., 3:00–9:00 p.m. | jueves: 7:00 a.m. – 1:00 p.m., 3:00–9:00 p.m. | viernes: 7:00 a.m. – 1:00 p.m., 3:00–9:00 p.m. | sábado: 8:00 a.m. – 1:00 p.m.","sports_complex, gym, sports_activity_location, health, point_of_interest, establishment","[""https://places.googleapis.com/v1/places/places/ChIJj2XbKez_0YURhCguxRXuScI/photos/AciIO2dOamcy4z_9PfR2wgG4IJvVBSaG1FQSAl7JETRPch0LViLqpC7Xmk26H2icMG9STF8treQFTjCEEajEuj-7PUabUbNsy3gmlAzlUtbubqZ9z7IWD-weYwVroVUecdfZcUsxtWqKVFZPHvRBPal52f44xFF7OQTdm5CCDAEPW_RMm6-q-rRHqaqr0e83XzlZeSosXSQtIfYOc1xILpkZXyOijdQDPkAF2NYYsYRKGmAgnMUN3_jyH6yFNv4WIS1j7lxCCQWKuQc-_Yn92Rn8lZvBY2h8ke6y1nedMEaMo2cLww/media?maxWidthPx=400&maxHeightPx=400&key=AIzaSyCz0w_6ziQlJVYzINlEK2bj_7YAIKLtE0c"",""https://places.googleapis.com/v1/places/places/ChIJj2XbKez_0YURhCguxRXuScI/photos/AciIO2f4mcqCUNt57GcXrHLS1mN8w7B1kBf1dm1obWRb3mcAz4n5QI5YPZnCf-rppRdFjbRNu2_7PMFq22LRLwaOFTPxaCkcui5yxbyxD8GjHy-MXa4ueG16b70tG5okuDYPzqKVfDMaagHxF0GoP6EV6r84g9w7L-Ucm-Yd77bTS4KcyjpnhUyqYOgJQR_TZ9JUx6LVe-CYtB3DVBczbt-qX059VZXtWe9XucfA0SMnOIYhm-MPaeAXbMJgY2S5VaqyJzhohBEBFsF_Vbfr5Kk478KbgdzdHpGhbNfzKC6KJxcnYw/media?maxWidthPx=400&maxHeightPx=400&key=AIzaSyCz0w_6ziQlJVYzINlEK2bj_7YAIKLtE0c"",""https://places.googleapis.com/v1/places/places/ChIJj2XbKez_0YURhCguxRXuScI/photos/AciIO2dMWNdJQfaNX1WDJNBP_IfIbMIZTST3s04DdqJIiZtchh3vn0xqZp_Z4FvjzxaZ6extTm3iTZONE0F1G6pu0JCdAn9QhMAr2_s5c7l7o8gwWYzs6hAoKjNC1Y2GsZe2usS4lH1pxMbk4vmzQtqPpm5TeGo7SgUUDSl8udaQnTdgzzwtHn-ADlqAGcLXYj8eaZcgSntr6h4IttkmjF-PzSRRSfA_qZbcT8SCc7MuuDipBQcKf6eEy2v7U7eM1b1tC6yCTZyeuwLv1Mp1Cu2bGsKFKrDnW3P4SzFXRmDhTLm41_vSd5n9QO7DB9VgQJuzvCRfb6hJ53BaARUNiVVwhUlvmK54VnFwjWlq8qfarnpZhkP6-BF6zziiLHmvN3eONzfXLXSc2xtib0F67Ycqh9rOViNAnUL_zuocYtgIZcez9ZBG/media?maxWidthPx=400&maxHeightPx=400&key=AIzaSyCz0w_6ziQlJVYzINlEK2bj_7YAIKLtE0c""]",,,,85,2025-09-30T19:53:03.838Z
ChIJEyn4oaABzoURAe5HQrw5UDU,Raiz Pilates Reformer,raiz-pilates-reformer,"Av. Sta. Ana 262, Ex-Ejido de San Francisco Culhuacan, Coyoacán, 04420 Ciudad de México, CDMX, México",,Ciudad de México,Ciudad de México,,México,19.329774999999998,-99.12640909999999,55 6694 0980,,https://maps.google.com/?cid=3841633962875678209&g_mp=Cidnb29nbGUubWFwcy5wbGFjZXMudjEuUGxhY2VzLlNlYXJjaFRleHQQAhgEIAA,4.8,17,,,,OPERATIONAL,domingo: 7:00–11:00 a.m. | lunes: 6:00 a.m. – 10:00 p.m. | martes: 6:00 a.m. – 10:00 p.m. | miércoles: 6:00 a.m. – 10:00 p.m. | jueves: 6:00 a.m. – 10:00 p.m. | viernes: 6:00 a.m. – 10:00 p.m. | sábado: 7:00–11:00 a.m.,"fitness_center, gym, sports_activity_location, health, point_of_interest, establishment","[""https://places.googleapis.com/v1/places/places/ChIJEyn4oaABzoURAe5HQrw5UDU/photos/AciIO2dPNbTmPavbzmYM5_3x9D2xrTiAcw_4IjmYnVbpFjOguqkUgxJN5KzkL9l29xI5xxloEJ-mmQW2USoD7yeadLnMrLazWNVEe7m8CsnPGtoiYJcffZX6bHIkStwh7bPv4WyjSn-2QYS0jAMYewfFWUfvGnPSRyzDYN1NdiU805W9thLKRQ6-2DARU2xLl2ygVfPuwJlGpMw58SgbxoBKkbzFXOaFk8mYuPiSO9u0drGHmlyTpJC388o2v90F91q8wlA5eAyiL4Spq5BXsxI8m-LdTS4J8G5CpyPJCnldkdU/media?maxWidthPx=400&maxHeightPx=400&key=AIzaSyCz0w_6ziQlJVYzINlEK2bj_7YAIKLtE0c"",""https://places.googleapis.com/v1/places/places/ChIJEyn4oaABzoURAe5HQrw5UDU/photos/AciIO2cbltD2NgrxshY694FqQ4PBIXE_8wylAh35-BTKlpmmbQ_tGV8-OwY5RtoR5Sz_lX-3MRwtFuXI0GbEol5-onEc-sZR1pDLlt1pkovRmbwdK1O32uBWLP8WMK3R_pkGl5idV-fbvLCLhXjqY3KdWioGByrG-wRC759IOdIWG5Wh0QT_qFp5nlrRT09YbpxjU7QATrnp0atU10sLVPCEFQEycK-TJG1_jjn86r2lcKErJ6k5D7qs97pYQlviA58RM26RCH3qxdC-gkYhciJlsvmq5_OBIkrV2ufh1yL6WUk/media?maxWidthPx=400&maxHeightPx=400&key=AIzaSyCz0w_6ziQlJVYzINlEK2bj_7YAIKLtE0c"",""https://places.googleapis.com/v1/places/places/ChIJEyn4oaABzoURAe5HQrw5UDU/photos/AciIO2eZLhX5NoW4RNFmrmiEIDP_Xwx-zVcST4RU3EDarLAtVL41uIwiTbWycyNujlswyNpi6UBhnVuG_bW1KA-YnaloszOczRyT4Pi-DzKmrJZ5pE4jw87QjuaY6zfJS7mviGHHrdD23fVLYuKfgh8wwrR9-Om-6-BLcmyvzfdfUOnzWZ95jtXnWYznDfMDLYTHz-FP7GTjY0GCkRTl-KZdPt0fny9UCY2P3shkoh8yYUbLzirAMnQEStlLVROyiYYQG5cpN7q-H3hn75kAJzWIcC4F9lE3NjTpwqJ3cr9Y2Yw/media?maxWidthPx=400&maxHeightPx=400&key=AIzaSyCz0w_6ziQlJVYzINlEK2bj_7YAIKLtE0c"",""https://places.googleapis.com/v1/places/places/ChIJEyn4oaABzoURAe5HQrw5UDU/photos/AciIO2f7E8yfmMouTR_aLu4qyxBAJnZPDLmi_TgyJHU8mLvVgST73qPMu5fhLPbmZX6N5c03U9OJmhtASuHYXCTT_0tpOT1OF2WHdgodAS6GU2R19c1QxLUoIGhmn37jcqapV_O-O-LjfMN3uO4XON-HMhgU__J5AcTcHybpNBN9dkAmQRcemy1LF3Eyree5DtYHnuOExInpsdgMVtS1oyTlgYLWvxbE2WMrQdUUezcpGaWR3p2Y5uJRXMdZBgVilG3sBLKwglPjvHgGuXgJX1Ar3VHWEzX4hJbW4s4AVhcr2SSMO-2rnPnvbOODe5C6td249WAVp23KbMbHGcEwWiiQJZLdRIKd_n8hJ_OaGtH5Z9qe6q7fXZGVHHJ_80lI9VpyXUYiaEa5k9-R-5plbaNVBFMAKX9xmXdVCzJ3UZt8lhLWyA/media?maxWidthPx=400&maxHeightPx=400&key=AIzaSyCz0w_6ziQlJVYzINlEK2bj_7YAIKLtE0c"",""https://places.googleapis.com/v1/places/places/ChIJEyn4oaABzoURAe5HQrw5UDU/photos/AciIO2deecihXnt7l3qdDe3RkPs-nXT8scnxc1MzuZzUa6pfrv4L65ij1Z7vI7bq3rnHAs6Iba8ShAWxvZZTSH3VgmGiLN-TWIVG_kyFT6yZMjbtkavbyUARw8AKS4VzT8YdF1M3X9bxVCOz58lLxbasDR9Jx-1raN6um_Hkhym5I_4RM9gKdyoD04PQ2wk-hrdc6cQUgLwZx_j0YjAgWBIiy_fEftowJNUyhm8VHMvzUdXNQsoPPALshDQkqVCrf32Iyx6uoeOCm54hMKN_qT9cSXrZR4sa7cJi2OgM6wigMhM/media?maxWidthPx=400&maxHeightPx=400&key=AIzaSyCz0w_6ziQlJVYzINlEK2bj_7YAIKLtE0c""]",,,,75,2025-09-30T19:53:03.838Z
ChIJfQgr4Y7_0YURi-iA_ctrpUY,Elemental Studio,elemental-studio,"Av Pacífico 131-Local 1, Los Reyes, Coyoacán, 04330 Ciudad de México, CDMX, México",,Ciudad de México,Ciudad de México,,México,19.342416399999998,-99.1553263,,https://elementalstudio.fitcolatam.com/,https://maps.google.com/?cid=5090593477687830667&g_mp=Cidnb29nbGUubWFwcy5wbGFjZXMudjEuUGxhY2VzLlNlYXJjaFRleHQQAhgEIAA,5,14,,,,OPERATIONAL,"domingo: 7:30 a.m. – 12:30 p.m. | lunes: 6:30–11:30 a.m., 4:30–9:30 p.m. | martes: 6:30–11:30 a.m., 4:30–9:30 p.m. | miércoles: 6:30–11:30 a.m., 4:30–9:30 p.m. | jueves: 6:30–11:30 a.m., 4:30–9:30 p.m. | viernes: 6:30–11:30 a.m., 4:30–7:30 p.m. | sábado: 7:30 a.m. – 12:30 p.m.","sports_complex, gym, sports_activity_location, health, point_of_interest, establishment","[""https://places.googleapis.com/v1/places/places/ChIJfQgr4Y7_0YURi-iA_ctrpUY/photos/AciIO2c1yP_lls3DrbqSMCiyVyc2sx6agUzBjOnDvzwc7792iRjxlmntREHRsT6weg16cjcsgNvZWXRNBmIQ9CpwtqOhTyE2QYDhgCxB8dUEEh7Iiqf3u14Bc81v-PBQ3dJbbR0o2REt2Cqf7pmFnUSXWJgg7Z7dfc4fWHMSZIECtjQK9_xah-iNMdbHfPkKT6kYqNcVQHx6fm39aZIc3wFEhGEDjxH3eVH2zAe1Pw3ZRhuMHbzlfEaXdvFF5--9pCOCabuu3belEbNGxOePDiULfUrtZRoDS1dTlSPnRW35WcWG4w/media?maxWidthPx=400&maxHeightPx=400&key=AIzaSyCz0w_6ziQlJVYzINlEK2bj_7YAIKLtE0c"",""https://places.googleapis.com/v1/places/places/ChIJfQgr4Y7_0YURi-iA_ctrpUY/photos/AciIO2eU6p7Yr-0ITydrAMxZwQtCr5dghws8bLlNKWXjh784ugjyULjX5fIglrPr0HLKjJLt7A7TqdMgFeZlvw9QhVzmXXOXeXbQHLZIVEubKD5S85EfD-92_VI9ARGT1eMy8pQg6l-K7B8IA_gr5KfYpwweFXWjLw4Xm89D9sHzOpdTLTEluvZg7aFwWz1pqcSsgqTf_Kyn7y22ZKI5Il7e3e0g_S4EHfLkU-2H_sVLszzZpLcLSG-4GI9k_Lh7eeNiSm2O5tSPwMoL9ir1Dh9tANJLJZIroTNdZBWJlL7Pg5tS81_1-FWxmItn73ae0xn6GnnVyX_cViK_QWIix2X3lSxfCH66GpEqx4ZOB9JVcmHQcpZoMV_4atS-HGF8KH-PWb4qAQ3IR2KelDVCQx5CmfrtLKeinBtFZOkw32Q7wfRoWpPorJhqAxJqovV5yQ/media?maxWidthPx=400&maxHeightPx=400&key=AIzaSyCz0w_6ziQlJVYzINlEK2bj_7YAIKLtE0c"",""https://places.googleapis.com/v1/places/places/ChIJfQgr4Y7_0YURi-iA_ctrpUY/photos/AciIO2cvz8uwTbGBtL76RfP0d2P_mez37pxp8MvOsk57Hy4bF1xKO-FAfgpXv2Ao5q8nsbtlJZ8qUqI7kFB1OS3TWXMeM5bwFaJyx0v6S-NRs8MmJLjtkm8x1v012vcfE47ufWJwch_aC1uIw6dtS_tUiW8VmnmKS0tdwegOMcUdr9tZcBj6NtQwHkml5Nheb0LqhamhdDJuAWFJVIvDtwM1PJNRGOZHorD_NUr09DDL-aPKdyRac87CtMUHUACd03QfR5ToP_7z_Zd_RzNG_cFjiO7HAxd8TWJlf4DpvvZDg7CJaQa5-aZ7juzW9ilTFTQ_MAHjifUtEYXkMkXty31b5AgV527j5vh6fpLQqXls-FwzRSYc4vi-pQOoaie8TSeuVz4tKQwNWUBC0pQ3FO1LBqwI5Uq1xzXJaoBcKFzh1pGCCU45pWYz57_dILXnowXO/media?maxWidthPx=400&maxHeightPx=400&key=AIzaSyCz0w_6ziQlJVYzINlEK2bj_7YAIKLtE0c"",""https://places.googleapis.com/v1/places/places/ChIJfQgr4Y7_0YURi-iA_ctrpUY/photos/AciIO2fra0K603mA2oE7lDS3RCEGNBVV8lyh8KkEif6yPZoCl3BPjKt69JKDzzj4vibASU6Wu5piFgbWcDTf51YdlWcfHBh7oFd17-dDkcIIDpK53GvXi7FuKzWz198vZch2uOofVJSjV9Sh8BA7L2b98Hj_Tli5GS4W7aYe6W0TUxh2bPneCN4wdzch5MhBfoc1hD8l6H-JBcCOoiSCLMllORcgvZ6pf2z2Z75OTh53pZp0U5phrc5xidgihJt7zCEIUFHJkYLwHyHylm4G4a2cFTjz8ko8ShcpIxkehZd4uRy3JFFrVm3PnVR2dUGNTwtUFHLFW36xsaEtmrbuHEfTonaCo3irypd-tVzGrf0l6t5CO7Cx85K9nflFnYJenPFYeiBF-dWAoMy_0H3qTFnqTMAqbiw07DW9PKB85Bcw8vBw0jlGuxubJYlpu_Z4m5MJ/media?maxWidthPx=400&maxHeightPx=400&key=AIzaSyCz0w_6ziQlJVYzINlEK2bj_7YAIKLtE0c"",""https://places.googleapis.com/v1/places/places/ChIJfQgr4Y7_0YURi-iA_ctrpUY/photos/AciIO2c7SkTf1UNrnmNm8xeCwDU7X11YWGXnG1W86c1Z7qZhL-0LFxbx4fK5YmIPqFlEGyK9TRu3oDStHELTI01lA8XAgNZ44fQMkt8YgRB_pFGthdB5_n-SgPLOg5RBs-ssB-98ylGs-ikmt4oKQS18bhTwARCfndtIlixnmO0e0zYpw1j5k2hgtMCJjB4rFKvo3jOh3QsLtoaUr8N2ZIB_BTAMoc7zdH7TmuQKuSMsb6ROKd93b-Aj1Fj2YXkXVxAGVSgB67vIekGSgjT0f1g7l8GLTgHH8J3D_DvyzGd2jf3GtA/media?maxWidthPx=400&maxHeightPx=400&key=AIzaSyCz0w_6ziQlJVYzINlEK2bj_7YAIKLtE0c""]",,,,75,2025-09-30T19:53:03.838Z
ChIJcRBZpLL_0YUR50HNcPd5WgE,"Pilates, Care & Coaching",pilates-care-coaching,"Cjon. Belisario Domínguez 161, Del Carmen, Coyoacán, 04100 Ciudad de México, CDMX, México",,Ciudad de México,Ciudad de México,,México,19.35203,-99.16882249999999,55 9108 0915,http://www.pilatescareandcoaching.com/,https://maps.google.com/?cid=97524445598269927&g_mp=Cidnb29nbGUubWFwcy5wbGFjZXMudjEuUGxhY2VzLlNlYXJjaFRleHQQAhgEIAA,5,5,,,,OPERATIONAL,"domingo: Cerrado | lunes: 7:30–11:30 a.m., 5:30–8:30 p.m. | martes: 7:30–10:30 a.m., 6:30–8:30 p.m. | miércoles: 7:30–11:30 a.m., 5:30–8:30 p.m. | jueves: 7:30–11:30 a.m., 6:30–8:30 p.m. | viernes: 7:30–11:30 a.m. | sábado: Cerrado","sports_complex, gym, sports_activity_location, health, point_of_interest, establishment","[""https://places.googleapis.com/v1/places/places/ChIJcRBZpLL_0YUR50HNcPd5WgE/photos/AciIO2f-ZYzEtEPlddfyiMHdUqFMOW-HabjcJ1xN7RAgcTKhb_rY-jTiNqjvGviajLyzOxRxBDEwP4PGttYLOkFqwqEEvVSdHfIT9sZV8xrCi3v4fvqrZDDYG8Fj-Bnb5tlcRMFP995Lodvsw6OZnWd-UrOIEfqnyFcpS9XSPqadxhQ24ESGkbIybAyueeAhXp5eB2aq3nOldV4aUCCKjvrJ_AY5TPRbEo5_quyM4s6ZWlwRgW4NvYCKZVScyysA7_lLEHAX0Xew7qf1SQEJbLh7y9kMI1njLkzk_DwyUknIVrcy3Q/media?maxWidthPx=400&maxHeightPx=400&key=AIzaSyCz0w_6ziQlJVYzINlEK2bj_7YAIKLtE0c"",""https://places.googleapis.com/v1/places/places/ChIJcRBZpLL_0YUR50HNcPd5WgE/photos/AciIO2fNcoPo8wuHxHOltAw8KvgUl1l_RtcafX9-B6bfguUfuzf45xtUlj25nqaEofEvdv4FQv1ABRwiMmxrAsis4EB0C3mNGlQ9ubo1p7l87OAZabcoJ9mOFKwtFXfBu35_pyH8ingpS6sZlOuJmMODd8dksAslJZaoW9E1qWE7ZFLAN9bks-Zga0tsdv0ztl5TL_N1PYGYbPmVz73PSOtqRzC3FDt_lMLS7HXsOHFtNu0N9Vxeh1-31NwAUW8j_FFOPHjUF0bbTU8zNJxNgesUg2QsN9pLC3giZlFdQ2cwczT4dg/media?maxWidthPx=400&maxHeightPx=400&key=AIzaSyCz0w_6ziQlJVYzINlEK2bj_7YAIKLtE0c""]",,,,85,2025-09-30T19:53:03.838Z
ChIJHyjo4Qz_0YURN0e48BaSD1A,Body Fitness Pilates Reformer Studio Sucursal Del Valle,body-fitness-pilates-reformer-studio-sucursal-del-valle,"Av. Coyoacán 322, código 2, Col del Valle Centro, Benito Juárez, 03100 Ciudad de México, CDMX, México",,Ciudad de México,Ciudad de México,,México,19.393463399999998,-99.16599579999999,55 5523 8836,http://www.bodyfitnesspilates.com/,https://maps.google.com/?cid=5768990274910439223&g_mp=Cidnb29nbGUubWFwcy5wbGFjZXMudjEuUGxhY2VzLlNlYXJjaFRleHQQAhgEIAA,3.6,37,,,,OPERATIONAL,domingo: Cerrado | lunes: 6:00 a.m. – 8:00 p.m. | martes: 6:00 a.m. – 8:00 p.m. | miércoles: 6:00 a.m. – 8:00 p.m. | jueves: 6:00 a.m. – 8:00 p.m. | viernes: 6:00 a.m. – 1:00 p.m. | sábado: 8:00 a.m. – 2:00 p.m.,"fitness_center, sports_complex, gym, sports_activity_location, health, point_of_interest, establishment","[""https://places.googleapis.com/v1/places/places/ChIJHyjo4Qz_0YURN0e48BaSD1A/photos/AciIO2dYDOIurDkkgZ2v4x2EHkm1QSSF8ZxAFBHMrMTNrpS0pWF27tWx8x0fcBRiNtZZgub4-6aAo-m8fO6tHKcj1ysULyKFS7IhyxjQnLeRr2GrQXoqXRmCX5wbTY-QgdhFXDqAToquoqfri9VluJxcZ6e-Z30OCVOYpBGOB0NsEhRe2X2W25-ekexWP2jPfSr4cgHeXT70HEjWWeV08NgXFvCSwl4lxRYLscyApL0EqTfgLHQlhvlwZBBwMBmIw-v2u2ES0L9IcaGa5NjrKi-9WDtMK24IHFAIfLmWBT3NW9ItVw/media?maxWidthPx=400&maxHeightPx=400&key=AIzaSyCz0w_6ziQlJVYzINlEK2bj_7YAIKLtE0c"",""https://places.googleapis.com/v1/places/places/ChIJHyjo4Qz_0YURN0e48BaSD1A/photos/AciIO2fI7vORMeuvVZBDtjW503KvErEkPKqRRfkiLv0ynFkxy91y6spqBFLAjp0HpfQukQVoY3_UU7b2vQezB5sinZanLKh8T6X98FMq1yeiSM5_L3luc8hrPFo7ijpvV82FxHqyvhNGkgTmx3clEVVH2jIStILSw4S41R9_f3r3LThAUygQhMO9adooeqFY8oK1qTC4t6jq7VVGl7xcSYZ9tJyQh06v0ZTFKxBbVGG4MMht-ywvBwAGO8AXiuL9E3-SLaodgGMLDm_Ro47prX6VbuUHkPBIfFaGVD2zrgO0RV6xnhjD6EtrOanHpag-2atNpRAT2jKhiSP_bFPNDs_w2t2CehgwzPnv71LsHC1c5JSmVQifY_MmRqa8OjkrG39S1G4C0c99-oEnlqlQ_DxybAQY6N0QZXcD01wr9RG7qJJwN-Uf/media?maxWidthPx=400&maxHeightPx=400&key=AIzaSyCz0w_6ziQlJVYzINlEK2bj_7YAIKLtE0c"",""https://places.googleapis.com/v1/places/places/ChIJHyjo4Qz_0YURN0e48BaSD1A/photos/AciIO2fq8u6_6JoHzXzW__kpxg3-4gSgkP8KNnovKDKn7X5veeqEiVxrp_tMI0rohS993crYAQihohoFqfll6QVr2Arod9MtkgVLc8h33XCOqf3Jf3z5ZPbCQQL9EGKEFtftKyasD2H5F_9x3QNeDD-0KWXXzoeGHhdngA3rplgLmTeOdP9y-MOUjo_gyW8BECzV73Amdvc0OF0lmKkX_yJcEmj3bzpbSpHiTy8CFl-gjkSb-okCmxHf_LwenvvPGUzjvRJQWk1Ku4v4uKsZLOieKg2W81b6i41Pi8x-Z8SBFBx31w/media?maxWidthPx=400&maxHeightPx=400&key=AIzaSyCz0w_6ziQlJVYzINlEK2bj_7YAIKLtE0c"",""https://places.googleapis.com/v1/places/places/ChIJHyjo4Qz_0YURN0e48BaSD1A/photos/AciIO2dH92wLENpnnaI0v9Fd_OL0Kyag9MwpJoo6wgsMPHJpv8ZIGJmOfL4Rm52LTm728SeUZbwcEfjSo79bGXOOBwO_dNbj1ZFxdQbckQuqIW89_No14SB0ve_Y4QHhUghtMyWH3OhUhYzn-ezG08gMFfQICBMNfxtWOX0g2Hitbx9H6qfz6LpW2HiDaBM5BCnAHjd_-LA2p8tALgjb8I7a3cqkBjNmoTAAB2UZMwTsRPKAbny5DgcAPzS_EE8SAHpYU4V5Wg-gw5GxBZPFc9Bso4IHcwtAIF_OKOQyNwK7Ifq9Qw/media?maxWidthPx=400&maxHeightPx=400&key=AIzaSyCz0w_6ziQlJVYzINlEK2bj_7YAIKLtE0c"",""https://places.googleapis.com/v1/places/places/ChIJHyjo4Qz_0YURN0e48BaSD1A/photos/AciIO2el_f-5LQN3g9ETYa0frBpZPyfJJwq48SZaKgoOzZWbE0WQ35LGmNX2k0Mcltrf49lhsu1thowloYcVu9tXipkL5pAFq4xMkzgQywKSFmtW41_kvVvWg3B3jmnsoCLCF3CvX0LU_OrNxJeXaPNTWexF7NSjeL-x4eVQm1OWnQXpsvRJmtrQF8YE8gVBEiKCMnUcNlM58kElX2VqPU4Ua22Zb4lzfs9KNiz9gqRLpFr1KMnCum7-L5darza_gmk4_HM7dPLkGpCxBf8CYTEWoBJhYkcHbAdOII4z1JGKS1pP6g/media?maxWidthPx=400&maxHeightPx=400&key=AIzaSyCz0w_6ziQlJVYzINlEK2bj_7YAIKLtE0c""]",,,,85,2025-09-30T19:53:03.838Z
ChIJX45OR64BzoURRVFsfON6V2E,Olé by Adapta,ole-by-adapta,"Av. División del Nte. 3572, San Pablo Tepetlapa, Coyoacán, 04620 Coyoacan, CDMX, México",,Ciudad de México,Ciudad de México,,México,19.3242743,-99.1392096,55 4814 8815,https://www.instagram.com/ole.byadapta?utm_source=ig_web_button_share_sheet&igsh=ZDNlZDc0MzIxNw==,https://maps.google.com/?cid=7014210062116475205&g_mp=Cidnb29nbGUubWFwcy5wbGFjZXMudjEuUGxhY2VzLlNlYXJjaFRleHQQAhgEIAA,5,21,,,,OPERATIONAL,"domingo: 8:00 a.m. – 12:00 p.m. | lunes: 7:00–11:00 a.m., 5:00–9:00 p.m. | martes: 7:00–11:00 a.m., 5:00–9:00 p.m. | miércoles: 7:00–11:00 a.m., 5:00–9:00 p.m. | jueves: 7:00–11:00 a.m., 5:00–9:00 p.m. | viernes: 7:00–11:00 a.m., 5:00–9:00 p.m. | sábado: 7:00 a.m. – 12:00 p.m.","sports_complex, gym, sports_activity_location, health, point_of_interest, establishment","[""https://places.googleapis.com/v1/places/places/ChIJX45OR64BzoURRVFsfON6V2E/photos/AciIO2eVTr4Ie1D_IOB0cytLkC3T5Iw2wS37cGQaLTzn1EzyowGbWpVaN97fBzPEqobyOWMek5xV1Fes4w7uDmZLNnCnp7SdeMTavsvr-p-Cnq3z5O5FSGXA24j-z5msYgGkpdnICu5tHbDg466BlNZ6_I49PSmy47JOCD0nXgubVeh-Gq1kwEPxoP3hgHxga5WUyWC5ThELlV21qLKWj_iQlzAsKj5gmFwAautWavh0R3qLXfPnFvfK9_ljfIaKDWhayZ_RMcb93P8_KFdWoQn_P7Zt6Ha7BMvQozHrMhzXHWGXEsvKbvNiLHoenJwaCmbcTjT0AB5TYLvdKXQnO7o6fXL7ph0pFjEKYGW4Ompre58vUDpvSF6_qubSjZFXHYC8-DVsItE2LbSDJJZIdG4CIspng12gZaxUPAWBC69pmn1D5-Gf/media?maxWidthPx=400&maxHeightPx=400&key=AIzaSyCz0w_6ziQlJVYzINlEK2bj_7YAIKLtE0c"",""https://places.googleapis.com/v1/places/places/ChIJX45OR64BzoURRVFsfON6V2E/photos/AciIO2f_maZptwkyOfU79xyFnUPSDJSbk6DZj4F-G3SV8GdJ-GpheLgNPXJfGKMJjr697cozF6c6sAkY12Fk8KfR5LJVl0TMF6rgaxj0vq0uAjQPIm5y9Q6OIXvPRJGoQk8l_t6nagrlN4GbsmEsdySRiw9b2Hv0UzOQQeS_7MH7XPbKRbdVocgRhffUFIVi5RwH3VCVQJIDYY3pJav-pkXTwuwP5x-LO1QEWjb4NOusK4H_WdfAH_GVv6jYkteCm2YNvrbVynjo1RqBWBMU-YXJtSlyyggPxaltrkYHCkikxGlpVfdySfLNBNU7IP0cX1AXlKVg34eOCswW_ilpymR5zpg4Ze6zxC2m9Q7Pz7QBahHbYVshcesFR6IT6ViwiME2Hg_ZChDp56NczoLJY1b2COfeuaSdE5uQQXbbqw9EdDs/media?maxWidthPx=400&maxHeightPx=400&key=AIzaSyCz0w_6ziQlJVYzINlEK2bj_7YAIKLtE0c"",""https://places.googleapis.com/v1/places/places/ChIJX45OR64BzoURRVFsfON6V2E/photos/AciIO2fUohH3Vxs0q3gsaJjqqlDpT8IcsZpmk1lrs-wvtYIyP84kkrryyEKkqFVhrH2xblSTVcTJCNzZCdprfZ6MJtQydwpSnuUy3X3VRWcqj0B1JzZnRCvK7heD6qEchS0mHZ4IRIptzKzCs3-DSRXEI6yNh7wYYMhxDCBSBSEu37W8X-IewMQ-SKZA3lJ1hDBJ-8BksFH6bT76STBJ9o1kD4EOxyCdrHlvKDc3ePut8S_p6NKwC6SIFiXUC189JIJFfFwe98P61lSGthbv7wzrutSLG0TqMxRR3w1R4hfqVxtkCg/media?maxWidthPx=400&maxHeightPx=400&key=AIzaSyCz0w_6ziQlJVYzINlEK2bj_7YAIKLtE0c"",""https://places.googleapis.com/v1/places/places/ChIJX45OR64BzoURRVFsfON6V2E/photos/AciIO2dujTEfPeLQNUJr7vSV5I3XXg_eRQmPxXB_lZ32kPtOi4TTeSGHH5Xd6etU0pCR42hSzO_Vemh4qo3_2vF-Tu8WW9hcn_UMTw_ASC75E0_uSh39Gu8CoNFk_FGQiEpVwBNO2Nn4od9wJsUS3RmYq2zp2O0fU6RKI6ASAa8rm-Qfhb4F5YSjXXqrTOJlL_oRDjOPtGKk57eCDfHNzSDVtMfKBe9BLaHAuqUdmLTY3nro8tSnJs95JAxj9faIny5ateEJtotkFV-ep6XoDv1qAMf0XTVnhmo6YUAU7IylQQUq1MfX9BFT6lgokjQ4KLZWDO8rLai5JdtMaGMRMWpMImCSUS7WbciGg1ltMWfKreHfm3bt3Uta5BZxvnAvbleMt7phUiMno6rbuTz3c-4FBb0nEmDrd01tr282Qn3iH1ZZ0h5ij0uv_cLY9lhrawtX/media?maxWidthPx=400&maxHeightPx=400&key=AIzaSyCz0w_6ziQlJVYzINlEK2bj_7YAIKLtE0c"",""https://places.googleapis.com/v1/places/places/ChIJX45OR64BzoURRVFsfON6V2E/photos/AciIO2fF8toDcRA_cxFnHFfhAkuFHngWZ0cyy1328jx6Oo-ImDHKdMfZx48WE5oDph5VzdkE1dw7TO30WNLkZjmGCaTzmC5M1oI_ITZlVJ_qv7EAIBF4grbCFiUQW4q3B84Ac0F9hJJFRkP5q6SchrBFj5kyk1s6IwQL3JkTd1MgVjabXtdAjt4pajN9rn4mqLXT7yh_4DwyGBSvpYjIxxrAE8HOL62LXwgk1LKm9NlahcyypbTCmmRDrFDuTHMl20GB3ryZwSO6zfwuexlcBneqjHK2PdNn6S5mGM-3cQ9cFzSod7NMf26dFdFC_bWvC5SliVpQusiXTgiNybOCLvfwg26_kCJ5sgh5aV3YwcQcq2E0nd3omMmIIOM0JfgdHdsoGVqvVFUmiwpPn_kjl_MoGCh7T8bnlbuMmhd6E8uS1oFM02ep/media?maxWidthPx=400&maxHeightPx=400&key=AIzaSyCz0w_6ziQlJVYzINlEK2bj_7YAIKLtE0c""]",,,,85,2025-09-30T19:53:03.838Z
ChIJ-SbMV1L_0YUR3Ln2mYpQaGw,EIRÉ PILATES REFORMER,eire-pilates-reformer,"PLAZA MONARCA, Coyoacán, 04230 Ciudad de México, CDMX, México",,Ciudad de México,Ciudad de México,,México,19.3585748,-99.1320638,,https://eirepilates.com.mx/,https://maps.google.com/?cid=7811582109892917724&g_mp=Cidnb29nbGUubWFwcy5wbGFjZXMudjEuUGxhY2VzLlNlYXJjaFRleHQQAhgEIAA,3,4,,,,OPERATIONAL,,"sports_complex, gym, sports_activity_location, health, point_of_interest, establishment","[""https://places.googleapis.com/v1/places/places/ChIJ-SbMV1L_0YUR3Ln2mYpQaGw/photos/AciIO2eaUmlBi3YgiR-SlE-xukffAGM8U3ZRpyv6PchXLQcBtM3H0NFnSvnebSF9Jj6Qnswe8_V4zGCBbovEsRA-_C1Wwp9t3kKnoJfa-H376gQOp3jJg9Nur6B4UjVRq2EYPXB8VZ279wWm0bd-AAUqsKiZyzNYEq4fRWOF6htufa8b8HdgIw2pwt6VreW2PYGURNGB-7oEoHl2wMay0N8Ym6ecpKXSjN0UMjUibBSzl7Qy0HRltVPOtgAvkFpEwlhbRT6Is0-kdnwz9Go9JrCszGpNztq-0TspM0IV09GRlw0XcA/media?maxWidthPx=400&maxHeightPx=400&key=AIzaSyCz0w_6ziQlJVYzINlEK2bj_7YAIKLtE0c"",""https://places.googleapis.com/v1/places/places/ChIJ-SbMV1L_0YUR3Ln2mYpQaGw/photos/AciIO2cRd_LyXlJy92Wr5I29JHOpNR8V0nV50MvLmAUy2VgK77nnPbnGhlpBxHTLIdEvDvBy6CTXJ8VMYtcdR87mvAhMP3oHIdr6s8nlkPVyUSJMqDFWxKATrWTvj6WGbB4mCYWK3ps1geMqwNcJiEIQ81kPAZKtVvlkhwJLfV80pirDDwxqje6dZMfmT3RqVdnUzeUoPmJusM_Z7junYK9JeOGW7U3Y5G8uJWgKczwwJ855nb-hQozkOI5T9dhu7HSnz_kNy0fXYvm8oU6RqAzDuhHV4xkw4eYkxeq7WNkITyBU4g/media?maxWidthPx=400&maxHeightPx=400&key=AIzaSyCz0w_6ziQlJVYzINlEK2bj_7YAIKLtE0c"",""https://places.googleapis.com/v1/places/places/ChIJ-SbMV1L_0YUR3Ln2mYpQaGw/photos/AciIO2dLo0BVh96KVpTblpbltk2HVfdrGZALgcevhRiSoVu7hNhLcaMXBn4taga3QwLhMSn38tEkxcHMVXxAWcdDmjcd4gZ9mUUV48HFw2MrND2b-gc2jFihxGfNziOpVCb_nb7os7r5Z63S9a0NPPoh2B7laY8K1bLZh66uWCbwgmLLBNap4Ic4mbGQWEWWKeOiXO510KiePanQ864jBaqgXGER1ypj0GCk0aMcril4RONTllmIWBhKQWTL8wfZuzgNPjniaXGnrHsDC3QgWWUhuhY5Nfo9GLD5egCivpqNPPM5uw/media?maxWidthPx=400&maxHeightPx=400&key=AIzaSyCz0w_6ziQlJVYzINlEK2bj_7YAIKLtE0c""]",,,,65,2025-09-30T19:53:03.838Z
ChIJaY9nOhn_0YURgxO810ZKO0M,Altea Studio Fitness,altea-studio-fitness,"C. Xicoténcatl 173, Del Carmen, Coyoacán, 04100 Ciudad de México, CDMX, México",,Ciudad de México,Ciudad de México,,México,19.354615,-99.155582,55 4776 0034,https://www.instagram.com/alteastudio.fitness,https://maps.google.com/?cid=4844547492294693763&g_mp=Cidnb29nbGUubWFwcy5wbGFjZXMudjEuUGxhY2VzLlNlYXJjaFRleHQQAhgEIAA,4.8,16,,,,OPERATIONAL,"domingo: 8:00 a.m. – 12:00 p.m. | lunes: 6:00 a.m. – 12:00 p.m., 5:00–9:00 p.m. | martes: 6:00 a.m. – 12:00 p.m., 5:00–9:00 p.m. | miércoles: 6:00 a.m. – 12:00 p.m., 5:00–9:00 p.m. | jueves: 6:00 a.m. – 12:00 p.m., 5:00–9:00 p.m. | viernes: 6:00 a.m. – 12:00 p.m., 5:00–9:00 p.m. | sábado: 8:00 a.m. – 12:00 p.m.","sports_complex, gym, sports_activity_location, health, point_of_interest, establishment","[""https://places.googleapis.com/v1/places/places/ChIJaY9nOhn_0YURgxO810ZKO0M/photos/AciIO2dzasNDbgYzlmzKB2AyzniXrWhEo2Iv2-Kwr8z5uoMEKAbVhtI_7wpRRLkjMK4VbVcFwN3OVsrqggEZcR609rqYRgoBW5twHaBnHLd4ryARGlAIFakhsbHZ7IbskI6hSA-B1YRQdAOu_mWKwo-9Bf11-Vjc7URhObAR1rqBeqaRAcejgKZYY2ma6Ly2RbC14YFTIrr3QT8Z3t9vaLfNnM2oDsiGVcaJ4SV_LD61am39FKVpFXuG_N8-QoSRo_HOzmKQca39Iv4tnR4nSP5-zIFcB2RLYfFVRx4yILdfrK_XVw/media?maxWidthPx=400&maxHeightPx=400&key=AIzaSyCz0w_6ziQlJVYzINlEK2bj_7YAIKLtE0c"",""https://places.googleapis.com/v1/places/places/ChIJaY9nOhn_0YURgxO810ZKO0M/photos/AciIO2dzpRHQT63Y-f8p5XyZ2TRGprXQaGysRxRLZoynyE9RSUpl7OOud5QX2dkJkmfr53r7nmbIPxC-UMGDAypdU1YD5gYSbLRUn5cwN6HDevEVjxtu7jS0HC0qG6rW3Y0OgXP3uBx5-GJzF_Ieo5_nyinzTEDgWW7o82df4Fa07zi5UC-ueNUwe1EMkH9sQaXBP6d2aN2FWmVX4FcQ8R_m4b4NdsOn6ovBEHe7kttCj6Soto6M5af3_WU7RTLc4lBrHdb_6_e1GIoYeSf198Ot3FxYRBPSA6sa10SHQoNfOlRyAA/media?maxWidthPx=400&maxHeightPx=400&key=AIzaSyCz0w_6ziQlJVYzINlEK2bj_7YAIKLtE0c"",""https://places.googleapis.com/v1/places/places/ChIJaY9nOhn_0YURgxO810ZKO0M/photos/AciIO2e5AL9ajH5u6zrJIahU-M3vVmN786pX34ZE87ybLbvyBkFjPXZJV4CJ_LBfh31FyWr3x0wwswCW_tWuxg4C7s7pxmgmLKV3BDXLXwHTx4pHx9F0tcK10dTG_t5fyfRBsoKxvWt9JlledAobL6GTQenZzJZWCz7cbKYwAZvCa6wmtqtNOGcyZZhNl9VkVYz4BP7Hpc_kItfPok0RjIDKF3L-rCkwj2NI-0fzN2-FATuzeK1LtFqOBeTUFQv0DNZFbZRGpU2P6MrOMY2gSY3LcwMiu4xi5jfRaICii6vUZ4-7FQ/media?maxWidthPx=400&maxHeightPx=400&key=AIzaSyCz0w_6ziQlJVYzINlEK2bj_7YAIKLtE0c"",""https://places.googleapis.com/v1/places/places/ChIJaY9nOhn_0YURgxO810ZKO0M/photos/AciIO2e6r8R8nbUtge8KQEV-woLbboggOE2r2VhNRGjTEx7L819nWtTo4Ol7U65BTELvVaHZk0qlCeqM2l-HNVwlTBeu_bU50My5uaTutd2npttVFRcLudProrREGtRmosaPuOyNFa9QSH8eB07WRer5g9jbOzk3YncnN3-rlwAxZi-irtalT-7xml0XdcbpNTJX6oGlPD-6bUJZrd1MsR20VOkDXpYNmfNQREyWyn8y3Vi4rDKPuanb1wJqhzx0o7bXmLMJmr91vsxClWuYiT-YtPht03WNRLOepBvA2Ux6NIRJSQ/media?maxWidthPx=400&maxHeightPx=400&key=AIzaSyCz0w_6ziQlJVYzINlEK2bj_7YAIKLtE0c"",""https://places.googleapis.com/v1/places/places/ChIJaY9nOhn_0YURgxO810ZKO0M/photos/AciIO2fgQNVX3cSuYB8j86xcAOfx1hf5bIA2OtHtr6DEUrhenabqPbb7xxHkkrQgdnwMun0KbHgwUJcovoiYjCbN5CNf89U2VqhyMxPi-M-hebH_274bnVJi3gVkiwfes50bkSf4csZ8XuvbyUd2_oHLN44raeynTwApCaj7lgKOcmjCGn5g7KflHFbgLx96gv_JMmbJFtPc2Rr1Qv8Cx8V2S2MEO5FSOtpNwTF6I8yjt1L3Li63xgpJJ3wZaDf1Te1huIgO_h4-QYWUN0z8Db8J1V0b7MSApGg2li2mXD7Oo8gkwO6g7jV2WD_0FKipWjtv9DWETwWW9L4_eBe9etVseKBH_XAy1-_-qhbDfIUFMSEG0T809PdEhfZGxJUYJup-DVGvJSaBDu37zM722m2AX3VqfSfB7qE52y2gG_Qq4_fVdLJLvqyOF_-9XBE12g/media?maxWidthPx=400&maxHeightPx=400&key=AIzaSyCz0w_6ziQlJVYzINlEK2bj_7YAIKLtE0c""]",,,,85,2025-09-30T19:53:03.838Z
ChIJ4TrQ6OEBzoURMayjTBBMB0Q,Moscov Pilates Studio,moscov-pilates-studio,"Ocaso 101, Insurgentes Cuicuilco, Coyoacán, 04530 Ciudad de México, CDMX, México",,Ciudad de México,Ciudad de México,,México,19.306061800000002,-99.1827454,55 7372 9532,https://www.instagram.com/moscov_pilates/,https://maps.google.com/?cid=4901970352305056817&g_mp=Cidnb29nbGUubWFwcy5wbGFjZXMudjEuUGxhY2VzLlNlYXJjaFRleHQQAhgEIAA,5,6,,,,OPERATIONAL,domingo: Cerrado | lunes: 7:00 a.m. – 9:00 p.m. | martes: 7:00 a.m. – 9:00 p.m. | miércoles: 7:00 a.m. – 9:00 p.m. | jueves: 7:00 a.m. – 9:00 p.m. | viernes: 7:00 a.m. – 12:00 p.m. | sábado: 7:00 a.m. – 12:00 p.m.,"sports_complex, gym, sports_activity_location, health, point_of_interest, establishment","[""https://places.googleapis.com/v1/places/places/ChIJ4TrQ6OEBzoURMayjTBBMB0Q/photos/AciIO2c1qPB8_2Kalf_aHhtbXYDB8CwOq4Kw3h7sjvlZpydp8WufbrpIDA7Tz8TPzdJVyILdl_tyhgofth2iZlBl3tKHPFoMjtJWGhMYEW2UQhRLe161KjIv9OcYMtMHIj2r00bvxAiyvxDdVM72JjxizDiNn6vTx36c2fD4Tz-JiH2D-Ynvmsbpew4sioBjwJkJDqPqRgb5mKnBPAN3KCuEoQF10pwoxqKOZbr1BG2l7Oe_me05BlFRQglJagRgWEimz-tsPGPtcytWkGkj1Nr1KxhsQOljsHAkRHoM3Yp7vyvM2oIS7XZ5fAWAjaTlhaWZLs_UYEH3vCGDCAgCp2ki0ZQikR-sR6AbVOOZDwVqaqkMlXxV2JKxjSeBHq5D9qPfxYItUovuzm3E8oLg9gXqrawllb8iddVwPZyiJ4gSZGktks8/media?maxWidthPx=400&maxHeightPx=400&key=AIzaSyCz0w_6ziQlJVYzINlEK2bj_7YAIKLtE0c"",""https://places.googleapis.com/v1/places/places/ChIJ4TrQ6OEBzoURMayjTBBMB0Q/photos/AciIO2dgnTKZZnKhPMAogTp0luZbzncTCflTOdDTe7JG0eQWeETH36hgFqKdAOJ5RumY8eaI1wXiaKghm3NeZ06JepLC38kfdVOgAetoBS0ohn-KjnTq7121ntOqKV68gR36NHh1qK4LZ6ntXZOU3XPS4ycfqLPPksHwI1KHAOL_YAtXN5qsWoNAiO3GvNB0QZ9csrjXmpCjOoumYnc4A8bZT-MZ5lF4S6JhIXuWyq3ek1FpbV9563tNlP59VavIb-zn5CVIimasHVDdJT8yl-gq8Ch3bmNgNrsANCpUVfBEXLG0kHBZSoiZtXNuRu6GJ8y3ErcKolWCy2JsHnc9gGkyL6qhoKtwDNg_h6w1hChThMVVaoVC1x-R8RlNyoohyF2thGUZSpcX7nMlLZccuxfrwyTDB1KEMozZprg9ZyZW1EY/media?maxWidthPx=400&maxHeightPx=400&key=AIzaSyCz0w_6ziQlJVYzINlEK2bj_7YAIKLtE0c"",""https://places.googleapis.com/v1/places/places/ChIJ4TrQ6OEBzoURMayjTBBMB0Q/photos/AciIO2evp4LQjk9LOHEtKTEI4pfLJlTPYu0JATRTIRz3zWkK_zjQMn0_BepUQHiMxCA64xF4cLUyZ_2N7dm65JGsSZ_ar89YKSqzQ37_acIPlgvZnR_XMEqYy_1tWDrkuGz41RVE54YE6H_Lq9uL2lZPTNpXnlCz-UhXHErlebTHm54Je1O_xpDM4HcMrAutKal94vGKlPq3MInMZgqh1Ex6Z1BXW9ejAlERx5H-brcWNl2-SNpXqjRtw3l_ztm-7I1-toYTFaHjLPRcvN-PeOkyoAARl6X33O8VnEB2ZlaqLOuCXH-Jl7u9x85A7aIVZng_0Jl8FTqhFgsoWFMSojqiA9YtzLtQAOLNPNlZc19B9SFxWqZEDQMY9RaOZNx3LlfA8MKN4PACGaBO1-CQGCVolOWdMKp7oE4xQZIZBQsqIPhC4A/media?maxWidthPx=400&maxHeightPx=400&key=AIzaSyCz0w_6ziQlJVYzINlEK2bj_7YAIKLtE0c"",""https://places.googleapis.com/v1/places/places/ChIJ4TrQ6OEBzoURMayjTBBMB0Q/photos/AciIO2cL7H4CfWuG8JcPU5zwqN-HZrQXq92cCedvnVAprhO9f2lr3h1EZ41D8uCdIMLz8oOo7JFo6EzpxlAPlRJW3J75j0Bd2X3fRTU57LI5q7Iq_JA0qdhD9LCzsblMJsSNOJm-kiOA0MqSSMhlJhAM9pqJR5I0DVKggpdSekPNsJoW2aZNsmfrx6WRgRSlOQ9FqEwF5QtzeJTXvGHWTiuGJtMm4Sp8rVYQJq7hPX8Oshw2fecV61lbhOP0WoWdfMz4gXwOizi1-4mebKpBQpFo0rcbF3ogzp7c2LUAn27-skq1GL6v56BigXmUZpC9COam3dkw8hvqOZRYSLGkcZ1BLGv6tuUydtlRwC3Id-ln5rWUp3huQhEXwA_RT-CHITu732WqDoWrJWr8qmUdaLZDHGCSQU9Shlb7PxM0rgjtCHWuOQ/media?maxWidthPx=400&maxHeightPx=400&key=AIzaSyCz0w_6ziQlJVYzINlEK2bj_7YAIKLtE0c"",""https://places.googleapis.com/v1/places/places/ChIJ4TrQ6OEBzoURMayjTBBMB0Q/photos/AciIO2cc54WI6ScP2aGAXP7ae13wc-NKR7agOPr8rd5Ji-f5xdOe34JwBheOD7UkZv59fsjEAexHZWu07fEUmX7oK1Y3TXw3_9DDfbnlT1WF56CJV4K3IOoYL3HOEZIy7MX4njnddpMghx2qchO6SlCWhW696cXHnjsbwSs5nXkTw6gTbYVzpqpEMQzX5GYTMfUOg65ZAMeSPO1enxhx5hD_jvN4MejC59lKwfibHHq5r4ZKpmiaRq1Ni0gPtBWe7Xzih0V3s8Cm2EjcacimCyx41AST4AC4C_qV_7Kcxs_SyF7V8SFtF-c9HtRBXUg4b4Wdkkvh-wwB-DqLQh76Gi2ExOkjJmJCasC4r8j1ds6Nm6Y0zt3ssdZ6TiIXGjJ1SgGdLOL3ljEgGigGjTAGDMUQqqhJ6tCBlws29W-n8Qd6TYCWGw/media?maxWidthPx=400&maxHeightPx=400&key=AIzaSyCz0w_6ziQlJVYzINlEK2bj_7YAIKLtE0c""]",,,,85,2025-09-30T19:53:03.838Z
ChIJl5ByDb__0YUR3toN4qhRp2A,Maple Studio,maple-studio,"Av. Copilco 164-Local 22, Copilco el Bajo, Coyoacán, 04340 Ciudad de México, CDMX, México",,Ciudad de México,Ciudad de México,,México,19.3377935,-99.1843079,55 7426 2332,https://maplestudio.mx/,https://maps.google.com/?cid=6964625134540675806&g_mp=Cidnb29nbGUubWFwcy5wbGFjZXMudjEuUGxhY2VzLlNlYXJjaFRleHQQAhgEIAA,5,3,,,,OPERATIONAL,domingo: Cerrado | lunes: 7:00 a.m. – 9:00 p.m. | martes: 7:00 a.m. – 9:00 p.m. | miércoles: 7:00 a.m. – 9:00 p.m. | jueves: 7:00 a.m. – 9:00 p.m. | viernes: 7:00 a.m. – 9:00 p.m. | sábado: 8:00 a.m. – 1:00 p.m.,"sports_complex, gym, sports_activity_location, health, point_of_interest, establishment","[""https://places.googleapis.com/v1/places/places/ChIJl5ByDb__0YUR3toN4qhRp2A/photos/AciIO2cS-ZUMRtLow90FKDx_G1nqFA8LqcTBl-EezVRLB_qENomW9O7qHGdEgcYjM-1vH4PvyDiOqCwzQqN5wp7Ci-nnDFSiSL04tQh5hjUWrHK6YUrCF72dUHyelyQYenOuM6r1aw862FxU8_MICuX_qHVQPjWax9Z7XYAkx4qqE0rdwoNxJGWqT0pkrTNvLRd-61CijY1cvmRKawaI9tsKTJyfzxc1iOgz8xwnky-2GAFzbnQU6lmxS5D05n1y98E0Ak2jaekFEkIIYPujrDQzPPrCb5nngTXQZMpBHQa0YRrVTw/media?maxWidthPx=400&maxHeightPx=400&key=AIzaSyCz0w_6ziQlJVYzINlEK2bj_7YAIKLtE0c"",""https://places.googleapis.com/v1/places/places/ChIJl5ByDb__0YUR3toN4qhRp2A/photos/AciIO2dyBRetD8aL2khzc_BaNzVcWcCkbC06Wr6VHpFbzZApJoC_6jauzpWCTFp2Pd4CSzVL48YkEvMKogNIts5bA78NjzOHbJykTNNpaih1DTxzat0bUw8h1FkDTe8lcObEqsrEpueZqksy4i-KGg6QCmc874ktTbqKFM9yxKC8F1BGsKoGU8x770RFHMKmB0V3rWr0CKXLl1ppf2B5_hywSL3xl4Vv9Rl-vTqo8ZxvI3ihQmkaIG1WvmD3v7TP1pnNfDxuIsrj3td2pIMZlPb1QN8k8BdnykHz0ZsoRBEbw2Gqcg/media?maxWidthPx=400&maxHeightPx=400&key=AIzaSyCz0w_6ziQlJVYzINlEK2bj_7YAIKLtE0c"",""https://places.googleapis.com/v1/places/places/ChIJl5ByDb__0YUR3toN4qhRp2A/photos/AciIO2c4YimsfgC4BcwbLEtb2LmArIpebBC-pN-fxT0z1wlJ5dQfKPpyX_m3UOEMcm8OddYv_ZECko1y_5ponu-KvEv36gh3dPs3EP9ppqLIDpMhuosbHE-DTkSu0iVKm1WMjQVs2roC9lkegYgrZVZZ6rCq8dP0mD2qZHlgU82MWVnAChzdOWh6sCrALRlUu7-mwvhPPJYbv-uC2AqjI6g_yOfngbIzh4jXpi4ECY2qh0ab2EqV32JliBZhjA9Q28QJLCQ7d9ApjubVuGBPI625gViKgIQ-UmClt6nuMM9EMczyMobVgYFU-RjtDSmc-WBDNg_a2MN64sUsb3hP8FfIoI0n4CjERLL-l8JvBahQTX6Riw9NeBkiHir2z4hvdKM7ogdVWUmeIzlPcbrqBKOB1rbXvjt-W4jHZPTDigSsXqcMulkz91zsi6oD7f5VjA/media?maxWidthPx=400&maxHeightPx=400&key=AIzaSyCz0w_6ziQlJVYzINlEK2bj_7YAIKLtE0c"",""https://places.googleapis.com/v1/places/places/ChIJl5ByDb__0YUR3toN4qhRp2A/photos/AciIO2fRevS7nfwPafQI-GXoQx9zh7jxAq7tSt28MVmifRPIP_H060b4dE-YDJ9Djq-u71p3JQWyJ32u7wBpeKthSxVqfBTdXkIyWFrRQ4loM1L8rUtX99otdoZKwxqzpZzjToVyJfdKEWfLolLx44uB_jt5eCjtxQTSm0Jl4WmRVCUZ93mXA7BLLU2itV57fJH7H3GJNkFkvwXzt5M2fGFF_hwPR5wLF4qzktBvN3CsIprfULVePoFZgaw1Dya5T0UAMab7VMDmws9NKzcLw2q9UtKxMIpKKVRvJS5JGrng6Mhu1Q/media?maxWidthPx=400&maxHeightPx=400&key=AIzaSyCz0w_6ziQlJVYzINlEK2bj_7YAIKLtE0c"",""https://places.googleapis.com/v1/places/places/ChIJl5ByDb__0YUR3toN4qhRp2A/photos/AciIO2d53Z8WY17W0TeOQroJ2qfPlEt79sGWX0jLFOVVpxqDbob9y0UKT4xlqOPjqiECY0xn6qRfu81YnhBP5_0Zt5cPaPLgriHMl-S8CDqwREBYFHMWM-DYzXXk8rG9nOtcV2p1HdlhVg8tqXi7tIq4h6TPqd6sfTrVVxZzW75La5pScLrqmCja_kEBOmWZskeG54jvNLi3JN4sxbAxHh9GiC4ua6Ew0JXfNvoOkNaM8p7E4zK9s-Fa2bylGv09Y4FUYKZgoo5gnmTAEmVfoXX_GlNiwHceme3faMT48nnVBrLgBg/media?maxWidthPx=400&maxHeightPx=400&key=AIzaSyCz0w_6ziQlJVYzINlEK2bj_7YAIKLtE0c""]",,,,85,2025-09-30T19:53:03.838Z
ChIJbUykagABzoUREHQrciPrtzA,MORE Pilates Reformer,more-pilates-reformer,"Av. División del Nte. 3117, La Candelaria, Coyoacán, 04380 Ciudad de México, CDMX, México",,Ciudad de México,Ciudad de México,,México,19.3362371,-99.1471772,55 3512 3253,,https://maps.google.com/?cid=3510532972030424080&g_mp=Cidnb29nbGUubWFwcy5wbGFjZXMudjEuUGxhY2VzLlNlYXJjaFRleHQQAhgEIAA,5,4,,,,OPERATIONAL,"domingo: Cerrado | lunes: 7:00–10:00 a.m., 4:00–9:00 p.m. | martes: 7:00–10:00 a.m., 4:00–9:00 p.m. | miércoles: 7:00–10:00 a.m., 4:00–9:00 p.m. | jueves: 7:00–10:00 a.m., 4:00–9:00 p.m. | viernes: 7:00–10:00 a.m., 4:00–9:00 p.m. | sábado: 8:00 a.m. – 12:00 p.m.","sports_complex, gym, sports_activity_location, health, point_of_interest, establishment","[""https://places.googleapis.com/v1/places/places/ChIJbUykagABzoUREHQrciPrtzA/photos/AciIO2fjhdmmsvkC5uVUW0YptB8swBNVFZLYPNG2Va5ksMTJgMhIOqLpLOO4jlgp3TBVGxgX_0eNLK2qpbkRxUpbiEGy3xhVmAshVBlDfNmP8f_oUel6QEQIDKKXN5B08-aeJ01KFmGP1UISh7CRdclB-bPnveQNQOoZsBWGSrlTymuy27pbywzRigX1JD2KYNIkzsoWTeELEeLH0Y3PxeaemPgyHCHQT5-Zrv-R1lWQJ19OsDcqxM7QGltgdq7Wu2UIGv2v3cVvbtPbZgSrfygp0qfebhKo_XmcCqwVtA9I9M8FBf66gqj3r1q4cyBGgXmdyQ9Nij2GXfUuze_YEcuBL5AHK8GA4FhvxYwUPHKetYLLfrTx3dXopPxOVySApBSSTGmff9m_B5g5_okdD9LdPmrKPMqyZB-ppqFBAzI0eD3_HRSb/media?maxWidthPx=400&maxHeightPx=400&key=AIzaSyCz0w_6ziQlJVYzINlEK2bj_7YAIKLtE0c""]",,,,75,2025-09-30T19:53:03.838Z
ChIJ49gvJwABzoURKEYkwMFeZkY,Tunal estudio reformer,tunal-estudio-reformer,"1er piso, Canal de Miramontes 2640-local G, Coapa, Ciruelos, Coyoacán, 04830 Ciudad de México, CDMX, México",,Ciudad de México,Ciudad de México,,México,19.3189007,-99.13062169999999,55 5599 4025,https://www.instagram.com/tunal.estudio/,https://maps.google.com/?cid=5072846216524744232&g_mp=Cidnb29nbGUubWFwcy5wbGFjZXMudjEuUGxhY2VzLlNlYXJjaFRleHQQAhgEIAA,5,12,,,,OPERATIONAL,"domingo: Cerrado | lunes: 8:00–11:00 a.m., 5:00–8:00 p.m. | martes: 8:00–11:00 a.m., 5:00–8:00 p.m. | miércoles: 8:00–11:00 a.m., 5:00–8:00 p.m. | jueves: 8:00–11:00 a.m., 5:00–8:00 p.m. | viernes: 8:00–11:00 a.m. | sábado: 8:00 a.m. – 12:00 p.m.","sports_complex, gym, sports_activity_location, health, point_of_interest, establishment","[""https://places.googleapis.com/v1/places/places/ChIJ49gvJwABzoURKEYkwMFeZkY/photos/AciIO2c3gKgBVvYYXwHl4Bt7qjHjpE1fi7FqD64LQhrVWoTGTo2PFmWChitD2qF2Dd67z8sBNJiuYXD4cCwZy22O6XG-wnRWM5RCI85Cr7Tut0_0JZBk0JQsxADfknjyBwpxPNjPgswshjF87z6hieHmsuNa_ACtPxm8CxVsEAyk31w1twpX-wpeB3dEyQ-8hOSsNU7VerAOvi5TGvbReUCcdg2l_maKdrjm4DtdQ9vzdDZgf1n8w7_jvMftY-pk5efSqqz8ZObk94rS9Z3uZRfv22V2ZJZPpI3v7VBSObztNiy95w/media?maxWidthPx=400&maxHeightPx=400&key=AIzaSyCz0w_6ziQlJVYzINlEK2bj_7YAIKLtE0c"",""https://places.googleapis.com/v1/places/places/ChIJ49gvJwABzoURKEYkwMFeZkY/photos/AciIO2cVhi0luWHNVz8zdOyiIffyqdL1rfcE07cj5I1erf8nCrm0m0KnBJx9CjmFhZEp6FPeq5x4iVzAzZGqAVIZ-nEC8eD-YUgDccBTaexgA77lwznON-eEWfLKvgJaT9jnD6h7cwPlg-XIiTiEafXV2VXe8UXMAbxoosiLTSuFE3EMsqilE5Oyy9bFVOk-9P8GBv2U8v5IGuIpsa161E8h8fK7Q_gErZsqzvIvJcgHJCWa8kEiRzV8Ll9VwC9DT8mAdPVbeyV3s_8Qn3TQReTSA0PgGnzPqthVi8KsD7toIrq4Qg/media?maxWidthPx=400&maxHeightPx=400&key=AIzaSyCz0w_6ziQlJVYzINlEK2bj_7YAIKLtE0c"",""https://places.googleapis.com/v1/places/places/ChIJ49gvJwABzoURKEYkwMFeZkY/photos/AciIO2f-CjzhGRITzFT6YYkevrXgW3sNDYZBm5qPhb28w3XinJPsWSovPw_rspmnxdbSxIygOZx1gxsRxAYcOndnnUEn64Bpbt3uO3NgQhvb2mcMJ4zwrbI7CUQRcGf0D31yQTtfI5-yuX-qqrQ0aZQEDk1RghmvJ92Rpgs7g6sAPL-_KXdi3sCGpcB5UIGZriKt4cwjZrOA46f3hkR9rc4UIbrjoRSisR7M8nXKwwn_7pgxoP3q05ZdWPRqagYUsoQJCB11nRN-FGHzHyxvANfUcvHgGfJtMyASaiXNDRPudeIo7Q/media?maxWidthPx=400&maxHeightPx=400&key=AIzaSyCz0w_6ziQlJVYzINlEK2bj_7YAIKLtE0c"",""https://places.googleapis.com/v1/places/places/ChIJ49gvJwABzoURKEYkwMFeZkY/photos/AciIO2de5y7zTLpggtCdlLYQh6rl1LnV5aSMBnmjtM41k3o7ALMDp1YmyEwgDJZa1Ca4ci4Vs1HYy2vxMcdB4Zdw2fIG4NFkd5dg4PKySvRurRZ1LBapb7jDfiItNycABvwhRf1NiCkKgF2dgPfa5VZINRiq7sHENi9cDT62r67WJ10s0Xi4k6_4u_r9oqw1fA8n2KxzjzOzk0llTNkurbOeJ3zZJOi2iypaeNnWIw1cysJTPpr8OyMktF6yCv75vaW-wgMCj72z6CBAvS__EBOcmi2NYNkM5ny6JBqxzKoNktfh4KVfFc13k2kUn7YKzx2BlRHyFDJIPyDRdISKtKMLh1Fulw7Cz_LZd60a1-sk4EOaVdeIOhosTttnZhKHvAmqpZLzkd2UuWpswShJa5Me4khHOqhK1SXAFmxFnNq2HEdB6Em28VW69Dmp3OkD1ui3/media?maxWidthPx=400&maxHeightPx=400&key=AIzaSyCz0w_6ziQlJVYzINlEK2bj_7YAIKLtE0c"",""https://places.googleapis.com/v1/places/places/ChIJ49gvJwABzoURKEYkwMFeZkY/photos/AciIO2cjAl9K2mXjb3emXA5Far7gNUFw8ZoA42JsIpgZhF5RGILWvMACXnLgTU-PiUYtNg1rDgXGCUSV6fDSJ7FKdZcnojyJCGFiFSYptCmM6k7yfuWAL3InSajJughvrJW100FoelFuNU-lyj5zftWatfJoFJWgDndJjoOqZNYVNP9REjDqz2vxwbtbCDsn1ouCPIWB_4x0naCwVTnQwI3PmxMuH_YRALGd2x-mD0ueznj11S-N7zdPw6ZPqYnXqiGBwd1PcRCGglS0hnddpfk1QIdFvE2CjxhbczlnkopElF4-6w/media?maxWidthPx=400&maxHeightPx=400&key=AIzaSyCz0w_6ziQlJVYzINlEK2bj_7YAIKLtE0c""]",,,,85,2025-09-30T19:53:03.838Z
ChIJ6eOBAef_0YURfhN7_zDI4HI,Pilates Salud,pilates-salud,"Av. Miguel Ángel de Quevedo 486-Loc. 4, Santa Catarina, Coyoacán, 04010 Ciudad de México, CDMX, México",,Ciudad de México,Ciudad de México,,México,19.3457836,-99.17039559999999,55 5659 4034,,https://maps.google.com/?cid=8277836227877213054&g_mp=Cidnb29nbGUubWFwcy5wbGFjZXMudjEuUGxhY2VzLlNlYXJjaFRleHQQAhgEIAA,2.6,17,,,,OPERATIONAL,"domingo: Cerrado | lunes: 7:00 a.m. – 12:00 p.m., 5:00–9:00 p.m. | martes: 7:00 a.m. – 12:00 p.m., 4:00–9:00 p.m. | miércoles: 7:00 a.m. – 12:00 p.m., 5:00–9:00 p.m. | jueves: 7:00 a.m. – 12:00 p.m., 4:00–9:00 p.m. | viernes: 7:00 a.m. – 12:00 p.m., 6:00–8:00 p.m. | sábado: 9:00 a.m. – 12:00 p.m.","sports_complex, gym, sports_activity_location, health, point_of_interest, establishment","[""https://places.googleapis.com/v1/places/places/ChIJ6eOBAef_0YURfhN7_zDI4HI/photos/AciIO2e-BnyX1hyYnfO58dsHMweu2fp7kqeO-qvVzYt-1PJe5lL8F82Y5DdXqXHZAgYQiagtObzmz0UYIukfBY6bg3T-FB2dvdCDcWUjW7z91iTq8RAAYju9VjjXdjbDZ1I1Kdczl7NOO5ar3cdX97pf5H9kydKVrSlYGrLUbKSSYWZmkuYSwDhLgru6XUaBdVd2gTacccrUcjmsMoL03qhfm2H4u6xJhyfxV4W77_TrDXbmOa2IjG61xHop7aPGrtDy-qEVPN7mRtibYVc8rjN8IIdMQJHQwS5GOf46kdCmFomtYxJhtNVUBUBCN_C9y-GJVU83LeRJpAzla4eUbdkgQS48pw-2Qtk5peaZcKx-yF1hDAH23EOtAJfuZYYHROvzCkatPzMIedA-4JrOozBADZNpI60evTAmT7utx9W_Y5BM4Q/media?maxWidthPx=400&maxHeightPx=400&key=AIzaSyCz0w_6ziQlJVYzINlEK2bj_7YAIKLtE0c"",""https://places.googleapis.com/v1/places/places/ChIJ6eOBAef_0YURfhN7_zDI4HI/photos/AciIO2cHaj_GhfqsboDT1MqiAYGj7iGIXa2Up7INm5hxiICvoz1fQAjqCdBxhJXXn0ku_GVW-GELXl28I8spL0io0dsbB3tzx-WLKeGxAnAMQyu-k9Hg-IiKilSDjYUyqIU4_F2cyuum9EBAz87cqzlJ4dQFGmwUD9ZxALAVeB_HECI_VZzQ37_QZce4wvjViabog-sga24QXJJvWTzzNYN4hgc61dILQMGPJAOYa77o9kvs0Umx3vUidyS_K8aOf9V9sKzbf2D9zGZzA7pOiXD8d0gXliIs7lJkhH07ICk6oDrwUpics_Mge4LKQs_BEAPIx5dx50SbD5YC6VddOYS0Ew5Xx2rJX0dC1xyblOFic4oKVw7XW__SX7NZfhh3DisUVthSE63QUc162pWhukdxJr0i3MjGG1mE5dTl7AjU-aXogQ/media?maxWidthPx=400&maxHeightPx=400&key=AIzaSyCz0w_6ziQlJVYzINlEK2bj_7YAIKLtE0c"",""https://places.googleapis.com/v1/places/places/ChIJ6eOBAef_0YURfhN7_zDI4HI/photos/AciIO2e3HNPNVLZ7d5PrZDrUZRuHnAqQrCdLuGJUyk2HsuxJQqaYBjfRlp9HwVmOzPatioarvePMr2gNtjz2EdDQ2Cq5meXUncr42aZUGQAp3S46RDfD21apVHrStWq-k29pLLBVspbu19Kb83SIlxX0efR0VW1zO1h1lIXgeOjWwCVLgsJut6XdyxeOh6Crh_DSwD3qUEyzYc23D8QSPTCyy6VJ9oTuwGMhOuUcEJtYYAjqLfEkH_8LarGxUkjIsYjimiuZm5iqFyQRWgsnoBbaeZ_6NEl_VXZCONPrt10eS7-KJcB4ktK72af4VhdTN_nw8KezPYPPY32eqLk7okkv5uvBft2xVVWuOjUfWK3djofG2EyyGvrZazDEzs7a28PkDCPxucV7sYG8l5RfNfa_3I2EbO4QsKBEhd0OTvOM59e7WrE/media?maxWidthPx=400&maxHeightPx=400&key=AIzaSyCz0w_6ziQlJVYzINlEK2bj_7YAIKLtE0c"",""https://places.googleapis.com/v1/places/places/ChIJ6eOBAef_0YURfhN7_zDI4HI/photos/AciIO2eQu1OlDDjgHRBlBK2LWplrGSGq09J27x4yvpB6h4Vd5I6YOIdqgslBx0wkhEnBS15l6Np3znatmgBkMV-0oTEw3WbU4fHY2TeKxUjGfDlitOjspbk7j6yXXJOMMwyWaBDDEKinnk3qEdwVl0UftJdJs9GowLRghcNzmJvT_RlBGNC6JlAOsuZoPCyVeRfLmlwVBY-3H-6xD7PnYO6q0JiZ2p0AkeM2bXRLpMjNHSNSEmkDcOYZHTEbIvpo3g1WBWI19obdankTTKrlk1YfT1uIwkZBOSoSbOP4yzb9vNF4t1yFNJ7rd7iH9i_BiUfolhp6XjdWcHQaPy8W4vhv1lAM8YChzlhu-bNt0RsguBsaXSBdWXb4XDb60LhpnAfCck9IFxe95Em7HLPDvIqb87u-2hqjNO44GPvBVD1a8_a1sr_1/media?maxWidthPx=400&maxHeightPx=400&key=AIzaSyCz0w_6ziQlJVYzINlEK2bj_7YAIKLtE0c""]",,,,75,2025-09-30T19:53:03.838Z
ChIJAQBML5sBzoUReUsfToJpqqo,Universo Pilates Villa Coapa,universo-pilates-villa-coapa,"Av. Cafetales 1763, Coapa, Hacienda de Coyoacán, Coyoacán, 04970 Ciudad de México, CDMX, México",,Ciudad de México,Ciudad de México,,México,19.3030755,-99.1132459,55 6053 9580,http://universo-pilates.com/,https://maps.google.com/?cid=12297757740865899385&g_mp=Cidnb29nbGUubWFwcy5wbGFjZXMudjEuUGxhY2VzLlNlYXJjaFRleHQQAhgEIAA,4.6,78,,,,OPERATIONAL,domingo: Cerrado | lunes: 7:00 a.m. – 10:00 p.m. | martes: 7:00 a.m. – 10:00 p.m. | miércoles: 7:00 a.m. – 10:00 p.m. | jueves: 7:00 a.m. – 10:00 p.m. | viernes: 7:00 a.m. – 4:00 p.m. | sábado: 7:00 a.m. – 12:00 p.m.,"sports_complex, gym, sports_activity_location, health, point_of_interest, establishment","[""https://places.googleapis.com/v1/places/places/ChIJAQBML5sBzoUReUsfToJpqqo/photos/AciIO2flXU1DCbm06qG7P-Lzrq1NisbNajl2qGndmmSC-jxPBkdS8niiZSo26qKaJC0o-cRqbJbhW-zflHWelzRaAB91B2XSON8dCH1rkPvCN-P7Y7wr2ngxbe8dWrtP5zh-fNuZ1JkQ_gDwBUmOUxm-uQebAiz5CDOXz24BXqSiOlg_SwGQgIuoYTAaXjrjLZQ686UfVHoyC0CJmnLH46A77-jjqGSCl-velzUgzEsjepVg7G7vYleVnMGCdwozSGQjJ5Dnfi9v3INgEH0XwsClm-cnSw3sLklJ5mCBykEu8w22_A/media?maxWidthPx=400&maxHeightPx=400&key=AIzaSyCz0w_6ziQlJVYzINlEK2bj_7YAIKLtE0c"",""https://places.googleapis.com/v1/places/places/ChIJAQBML5sBzoUReUsfToJpqqo/photos/AciIO2eABWnJ5q2kbzxc9SYB9iXWZbAXKjiwlkeIcTF9SIW4FtZ5NdRGZUAE0GVg2uZR_B4Q2zsKehYG1pSQ7H8HMx4ABaVWN23yIdHW6XgxdxqzG9qljxW-W8q_s2evZH7jBTVo2K90e6tXvHv17qDBibu_rydxPISngVqAivlpADHNKEm68VSFFENnsdH9eUDHtYTQOJmPcnZaFgvq5dmL5phr5nyrw5DfdV2YfnvmkQgzwmbVzsxdl3ODFf_d4FtJT2FD2uNuhpJka95lnuBbJuUGWse2PzE_eEJe921LPyOWnw/media?maxWidthPx=400&maxHeightPx=400&key=AIzaSyCz0w_6ziQlJVYzINlEK2bj_7YAIKLtE0c"",""https://places.googleapis.com/v1/places/places/ChIJAQBML5sBzoUReUsfToJpqqo/photos/AciIO2c1bNHRt4ag2PPu-_2oXv4_JuaDGeiN0gojZNHbTCh8nNxBuT1Nlf0m6CZNa243m9EazkkckFU8nll38E6hG8G2UCq6gDIg_ZbBAfEPJP6YcyUh-gEokHj-Z5GmiacorDqk4t4jpgG5TI6S5wqC8lxBrwiuRA360wcWTDfbXp9bxtEg9l0nDleZsFUcR4y4kisZ5bBJusZGH5D2U1XpTW20VlFJE62Ekwgoc2epKbuGThK2EATSny3k6eI7DTbNkG-s5_TR8TWCHDq9h1lLck7QomDALjdUOuYgzVHnYktdWQ/media?maxWidthPx=400&maxHeightPx=400&key=AIzaSyCz0w_6ziQlJVYzINlEK2bj_7YAIKLtE0c"",""https://places.googleapis.com/v1/places/places/ChIJAQBML5sBzoUReUsfToJpqqo/photos/AciIO2fuXe7nSZTPaszTCc7UE_mzOtSbH3OGpOsfnMq8tdMFEbDMfDntmOvuQhr6It70NK_MUjqUm9EWdNP_uhopTmsMwNlH9W7qxRyajqzHdb1BhiHZmEfbFtlojTDsiBlB_N5_rcDOCRMpd15nXdOMaou5a3EGq2sUuxzR0b1eYkKEVMpSJoNtjMGqMmRuHgf7fkpahMvlBzIXSpBpIKjADewFgkzCuSpxR0hFrfxGJq8yn9-BJ5VEUZru3TwZ5zPj83gQIWhmTnUT65lfNUFmcYrfQiMQ1rCPcAanMwdmORKVhA/media?maxWidthPx=400&maxHeightPx=400&key=AIzaSyCz0w_6ziQlJVYzINlEK2bj_7YAIKLtE0c"",""https://places.googleapis.com/v1/places/places/ChIJAQBML5sBzoUReUsfToJpqqo/photos/AciIO2faHtwKUTYJQNclVNiKl4UYw8Y3PNrDQyfiAn70KyQPn0ILPftGETnbGmWCdSXPt5BzvzciLi1ox3HrE2QQPtbQwUAqPVXEHzOuqf-E558N2a74T0sII3v3ELtLk0a_wNZhBJmIzBEpl_9U8SYQdr1VF76tnF_xkJ5_dhnD4GormmSowq62Zsv0GVLtU8rrQZ3gZHvVWYjYoP7wPvR2GNTUGo-hs7q_vYCCaUDsSy34_UYBAzgKIScxfWgoWtdQNf1heQNtP3ZGcW55VpVuOpJLra-hoEDWc3TZqdi4I5AWiA/media?maxWidthPx=400&maxHeightPx=400&key=AIzaSyCz0w_6ziQlJVYzINlEK2bj_7YAIKLtE0c""]",,,,85,2025-09-30T19:53:03.838Z
ChIJ5axzTKEBzoURf5jVs1xGtRw,Atmósfera Studio Pilates Reformer División del Norte,atmosfera-studio-pilates-reformer-division-del-norte,"Av. División del Nte. 3651-Local 1, San Pablo Tepetlapa, Coyoacán, 04620 Ciudad de México, CDMX, México",,Ciudad de México,Ciudad de México,,México,19.3209034,-99.1389253,55 5904 3380,http://www.atmosferapilates.com/,https://maps.google.com/?cid=2068636967814666367&g_mp=Cidnb29nbGUubWFwcy5wbGFjZXMudjEuUGxhY2VzLlNlYXJjaFRleHQQAhgEIAA,3.9,18,,,,OPERATIONAL,domingo: Cerrado | lunes: 7:00 a.m. – 10:00 p.m. | martes: 7:00 a.m. – 10:00 p.m. | miércoles: 7:00 a.m. – 10:00 p.m. | jueves: 7:00 a.m. – 10:00 p.m. | viernes: 7:00 a.m. – 10:00 p.m. | sábado: 8:00 a.m. – 12:00 p.m.,"sports_complex, gym, sports_activity_location, health, point_of_interest, establishment","[""https://places.googleapis.com/v1/places/places/ChIJ5axzTKEBzoURf5jVs1xGtRw/photos/AciIO2eXDfLqlCY1JMWu3luDGJtO8pdvnWBV_8-AaIlv8i0gLGDHdtruBDufwHGO1znhS8gmW4k7WTZw98MuBcQ3rzkMQvjYcbLR3kpdWgZjT2DO1_ZDm6FF713n-O7rQEVnRxrFfGbfa4NBgGt8chJmZpUs_DrONjAfOaN2fBhexwHx1cwf6iwjsQ5tXvA0hzrwjit1VSo6YSYnzbkvive6VRYFT0BqIIvyaTUUF8B8K4vo_i9WVx0Hm027fl6m8qTvVb5ecE0Shh-c2QAESfc4jBT6RVHx5-arQED_CsSv5PgY-w/media?maxWidthPx=400&maxHeightPx=400&key=AIzaSyCz0w_6ziQlJVYzINlEK2bj_7YAIKLtE0c"",""https://places.googleapis.com/v1/places/places/ChIJ5axzTKEBzoURf5jVs1xGtRw/photos/AciIO2dTdNNDLYUcPXgDNLaSgPwtit4v70_jv5ot-Eh7Xb5TQt-cMWCkfSHEUrOZSEiyyEtJjPW9bbp_GjR6OxpTy0dXQSyGL7mXzwQ4YcAOQqiMSBSgKLG77AsGyxK3Wygkoq1WzYml2wr9NY0eASVCiAcZJUgUaZwI6liF27pJVpZtHyJij7oIGD4T-xKTOqj7IRO25f0AIXSb0m9rar4YzAUW59ytSnVGsjRzYZCVf8pNyz64JLJTENV-HXFLG1YMmZGUQvFO906BMC6K3X0gw6cmqjro9Fo0lsb4xaO-J6QwIA/media?maxWidthPx=400&maxHeightPx=400&key=AIzaSyCz0w_6ziQlJVYzINlEK2bj_7YAIKLtE0c"",""https://places.googleapis.com/v1/places/places/ChIJ5axzTKEBzoURf5jVs1xGtRw/photos/AciIO2corbcZJ65ZeDGJXhlB6ZA1eEWgGoZ1CRt5c7EU6F1FCzTVg8uPCcn2L_ysXT5c3Oxkwns219gcQxKv7JVGODfcGyw9VUm6ul2W41Gp8Csm44C1Fo_eByFCvGNcnzdzSFGUfpwfTVvLF8gnbUqi5ztfgTkaiZIomHVoXT1ntmNyVYA5--oJIq-rbuMqENE3bg6hq8I05t-G_X6jy9jpp3BYUb1yuWC18qk4ULVUHUFA8t6reWIeYVuuuncWR3c-v5vJ44IByhKMeS6gOSxH4FmeTs75pCeZ4BdD9Om8mZX5eQ/media?maxWidthPx=400&maxHeightPx=400&key=AIzaSyCz0w_6ziQlJVYzINlEK2bj_7YAIKLtE0c"",""https://places.googleapis.com/v1/places/places/ChIJ5axzTKEBzoURf5jVs1xGtRw/photos/AciIO2f9KbX275F6JD20RyQJDsFzPpVGvEJDFLhOfBCdCZ6ze0oOklDBdSsMsGCMfpz37ArZ2rUWYREZmcc64NlpAy6XdQIp6TFVJTVjxMsGWROs1dPHt5x9EKAmWiNTEy4oZg0xJUz9XDKGKQmQxmhbPZe1WuiMYXit0KHS08CI70BXF3vjsKxf_hGv176_4RC7F6NSYZsPs-QsRO-4OJPZeZdPitNHSudoQNCLl2-TyOz4GCF-LMUv2ZAkuOXBcCZ_OY6KlfFAQsB52IgimmRCYtBJAn9x_3aCUdE9ZwWBwJYH_Q/media?maxWidthPx=400&maxHeightPx=400&key=AIzaSyCz0w_6ziQlJVYzINlEK2bj_7YAIKLtE0c"",""https://places.googleapis.com/v1/places/places/ChIJ5axzTKEBzoURf5jVs1xGtRw/photos/AciIO2ev6SrH4sq2A3CVzfU-N3s2iLY7FLHu1tuBuUUd0FTZHHNZHTrAMhvIV4Tl3SvWhgLQ5tT_9B80sJwB8KTus2ZAPYKkNm80o6ogAWrDkTW09foGGEHJVCmMl6b7GSrD9lWbqbi637I_VILRaW6Ni6JnA9riTzQTGO7d5BR0zFfqOow3ZYCAzvtCiTt9Gmat83oIj9upEq59MlC-2TFVYeNuRxSMrWTzT062TaWNdwPhXNLKGUCPyPgGtJ9Q1_meZH24j_1xrCS0PbbLga1Hp8CILj-xM0g-VRBqoepjuybuQg/media?maxWidthPx=400&maxHeightPx=400&key=AIzaSyCz0w_6ziQlJVYzINlEK2bj_7YAIKLtE0c""]",,,,85,2025-09-30T19:53:03.838Z
ChIJZ1IqdGkBzoURq86hNaWHfRY,ÉLAE STUDIO,elae-studio,"Canal de Miramontes 2203, Avante, Coyoacán, 04460 Ciudad de México, CDMX, México",,Ciudad de México,Ciudad de México,,México,19.3312399,-99.13711669999999,55 6781 9044,http://elaestudio.com/,https://maps.google.com/?cid=1620600584562396843&g_mp=Cidnb29nbGUubWFwcy5wbGFjZXMudjEuUGxhY2VzLlNlYXJjaFRleHQQAhgEIAA,5,2,,,,OPERATIONAL,"domingo: 8:00 a.m. – 12:00 p.m. | lunes: 6:00–10:00 a.m., 5:00–9:00 p.m. | martes: 6:00–10:00 a.m., 5:00–9:00 p.m. | miércoles: 6:00–10:00 a.m., 5:00–9:00 p.m. | jueves: 6:00–10:00 a.m., 5:00–9:00 p.m. | viernes: 6:00–10:00 a.m., 5:00–9:00 p.m. | sábado: 8:00 a.m. – 12:00 p.m.","sports_complex, gym, sports_activity_location, health, point_of_interest, establishment","[""https://places.googleapis.com/v1/places/places/ChIJZ1IqdGkBzoURq86hNaWHfRY/photos/AciIO2eLR7fiq4eAIVY7R0xo98CMEUAz5apsV-oz8INpF6E64KBqUVWkDAQM91_2MNwrZYTPGVL4Yr8RmiUipbA6sV9Jg21Zd--qYTJ8YNeQvXVJ6_MNqxsBaV_sCX175O9F4zjq8SIGT31nMOeBT5nrcOL5norsrR_1TCaql-9uYZQIwU3ClwFlHGPh_PdIxpZcNeK9VMPro8p4T39MVfGw5sscuI7gDTZZcehFeOSCLnTjJ6ec_15zoAenUMe5trV9PIxXPEStZb3nILhBAOPbPPkvkmNO-39aPVy_aNY1ipiwcA/media?maxWidthPx=400&maxHeightPx=400&key=AIzaSyCz0w_6ziQlJVYzINlEK2bj_7YAIKLtE0c"",""https://places.googleapis.com/v1/places/places/ChIJZ1IqdGkBzoURq86hNaWHfRY/photos/AciIO2eAiFvELsjrkTQYyBfXNxBg4ImRXrn-fwcaUwiEkpRB2DWla79IYE4blf1NwQVVvi8vXTWIkByuUoREEzwdTJEKShIQLkSa45ARB0EF45it3VF5b0s0pb_nwsZwghOTM1Nd4nTeCISXST_fw56969GqaU9nyegs6iLt2B5YMlTYs2i0ZUYPa-NGblo5I6mGdVtV1XaYL1W5LUf8skrR32farDMR9MG_J5QAIvVuQz4re72d0KyAe0Srg-i7iiYJpbGRiLQ1jiDasgp2W-C8NrEDFMfEqQaP9RvB9Iq3tHIUoA/media?maxWidthPx=400&maxHeightPx=400&key=AIzaSyCz0w_6ziQlJVYzINlEK2bj_7YAIKLtE0c""]",,,,85,2025-09-30T19:53:03.838Z
ChIJH-8DNaIBzoURnuFDqs-OIbM,Casa Sol Studio,casa-sol-studio,"Av. Cafetales 1792, Coapa, Hacienda de Coyoacán, Coyoacán, 04970 Ciudad de México, CDMX, México",,Ciudad de México,Ciudad de México,,México,19.3021234,-99.1128967,55 4621 9081,https://www.casa-solstudio.com/,https://maps.google.com/?cid=12907755029586502046&g_mp=Cidnb29nbGUubWFwcy5wbGFjZXMudjEuUGxhY2VzLlNlYXJjaFRleHQQAhgEIAA,5,7,,,,OPERATIONAL,"domingo: Cerrado | lunes: 6:00–11:00 a.m., 5:00–7:00 p.m. | martes: 6:00–11:00 a.m., 5:00–6:00 p.m. | miércoles: 6:00–11:00 a.m., 5:00–9:00 p.m. | jueves: 6:00–11:00 a.m., 5:00–9:00 p.m. | viernes: 6:00–11:00 a.m. | sábado: 7:00 a.m. – 12:00 p.m.","gym, sports_complex, sports_activity_location, point_of_interest, health, establishment","[""https://places.googleapis.com/v1/places/places/ChIJH-8DNaIBzoURnuFDqs-OIbM/photos/AciIO2fAhJadz1qez2XrI9TkG6MRSwGV50HowUCcMxlPd_x0TWYiw-GsysJ_hvPuM2ynGP9kvJYH-Q9yFGDCgupCs4pn4V4Y_bcrupEhrUr21XjLENcpyTyj65lFt8sWL2t0hJeKj8shnWCEVYgOuoZFHyxncSbzUdTOYfwUv8RH91uCVSmmGoKhEuCB6d1RKF_9lsQqc6qUJA2Wlcy-RJCaH8AMWGsXOHzsA9fwSq4OcBJTMoaxsywXjguSY0-dK0le5lXEBvr9snoi4BUmHsDoJ1ryRXP6xqwW4gsoEwOYZd3W5n5A999c7zdvDyiL957jlK79xhhF5SU_ZWsGdoxRQWfG0ugo2WwsL5hKUVGpon5CZZBdxhFQkoZfdXTxBb1uCryzR44V6OquV9qk20kG2gL8PKKIBJJwPJJIk0N6C1uH_ZiwuuCP8Vo_0FfrAw/media?maxWidthPx=400&maxHeightPx=400&key=AIzaSyCz0w_6ziQlJVYzINlEK2bj_7YAIKLtE0c"",""https://places.googleapis.com/v1/places/places/ChIJH-8DNaIBzoURnuFDqs-OIbM/photos/AciIO2fhBJpsiCjnDMExopi-H9EddSonohSeVazOP2waDrSGsosNMHHShytNiNe4oLYnUClusQtCnQMXB38xPRnA6QfgDl_GJtx6Lqa95Iokmzy9GeRVwj0L2z-_MbwgIwpLpGg3PObluErRDx1qkQbwK5dXF32BnPCToc3bwsapLwT2YNvdoqU67jdk78xXik-hJ4PfVYvwOkgJWesESyUSzRL53JmO_asjuT1OtL9lM73I0Dn9okRNTQvUd8_lSiVot8oT-Z0GniVqUeo-qFaVc_iliGaFBD1BnDGQGWm2eKXWko0PS35O6iBJpP6QPVCAzrtiaRh5QIj0sx3XxHExXWiHcy3Nypbxcb8Ujx57w6rqKPJQqUGwOpVShFZypeFYisuN_ZMx0qjnMN5IiyxSRCEBuXg96_woThzH5sQViwXdJhV75gPgG3Isa0Gqmg/media?maxWidthPx=400&maxHeightPx=400&key=AIzaSyCz0w_6ziQlJVYzINlEK2bj_7YAIKLtE0c"",""https://places.googleapis.com/v1/places/places/ChIJH-8DNaIBzoURnuFDqs-OIbM/photos/AciIO2dytKNh4cpDtFUYRBskW2OXS97rb5qbXsdq5U2RVxqH5XIewYFybWhJfgWsNO195mNMMuoYunJmFdLTEIl1zQFx7xpQensdISpOJcRdFVk1vLbJsbR6ssgxGQQKKeQvQO1Z0W_FagN_WOJBESr5mqlTWKVh9k6SQ3mJwaiRG7WntdmadmtlgmsE4El2X9OCv59iuRFGvrCU8SLPxf3cnWqeDjUbcqGYdfVSRoIJa_yemuvadKUB0xnZVfPgU0DB2a8ONO8ZFMw3Vs9BN_fTDcvcKYX8oy5b6531MkvJ43D4vw/media?maxWidthPx=400&maxHeightPx=400&key=AIzaSyCz0w_6ziQlJVYzINlEK2bj_7YAIKLtE0c""]",,,,85,2025-09-30T19:53:03.838Z
ChIJAU0GKLr_0YUR0ASiLQ62qHk,Sortie,sortie,"Av. Miguel Ángel de Quevedo 520-Piso 1, Santa Catarina, Coyoacán, 04010 Ciudad de México, CDMX, México",,Ciudad de México,Ciudad de México,,México,19.345411199999997,-99.16890719999999,55 6478 2469,https://my.fitune.io/sortie,https://maps.google.com/?cid=8766456846688060624&g_mp=Cidnb29nbGUubWFwcy5wbGFjZXMudjEuUGxhY2VzLlNlYXJjaFRleHQQAhgEIAA,5,10,,,,OPERATIONAL,"domingo: Cerrado | lunes: 6:00 a.m. – 12:00 p.m., 4:30–9:00 p.m. | martes: 6:00 a.m. – 12:00 p.m., 4:30–9:00 p.m. | miércoles: 6:00 a.m. – 12:00 p.m., 4:30–9:00 p.m. | jueves: 6:00 a.m. – 12:00 p.m., 4:30–9:00 p.m. | viernes: 6:00 a.m. – 12:00 p.m. | sábado: 7:00 a.m. – 12:00 p.m.","yoga_studio, fitness_center, gym, sports_complex, sports_activity_location, point_of_interest, health, establishment","[""https://places.googleapis.com/v1/places/places/ChIJAU0GKLr_0YUR0ASiLQ62qHk/photos/AciIO2eyPgG-20hDB_CUEgyFua8LTDdCNAA06Iy8sBuJtf-fH5XQuc5OilGpKS44S1RObtaX1WQ7nK1HlD5dk30Z0aEAp4WYh4iVpJMSulT9dUF7m7e4eTfpXrGv4caeeb5htBtr4c7Ot8qfQDPlhzGje-1rAqReW65hJZXR5Kf5okFXR-J90tvd0fn07cgmwkf-JYvcMXJE5SBF0FMbT2rpZcJPCk3jHCvVj_YoEe2BMCKNMxVmk2ufTJrxLsU1duBjqn3buRuK_mmOuUsy71rveo8nBsZau5xPF0-9X5lDVfgljQ/media?maxWidthPx=400&maxHeightPx=400&key=AIzaSyCz0w_6ziQlJVYzINlEK2bj_7YAIKLtE0c"",""https://places.googleapis.com/v1/places/places/ChIJAU0GKLr_0YUR0ASiLQ62qHk/photos/AciIO2f7f6qckrv6HrlXwA0HCbW7sX9XANtn-HXGq_9IBN_byFoXyfkWl2pLpqcD_hx8AvfqJdstaUr695IlMyzktmoLKhrRi8epEpGOKJqxkwz7z3LhMMcFaZ1z7WPYwiUIpNAhRZc4ed-wzzFttdoDSaWyzYmmHmXWXIixGLgNIgdVx-OZQIKLmL7-zim6a0IljQD9Tjv5fpPQ1oF41fehHpJS7gE7w9Fvg-mluxnmvxnjj_UZUtrjXmBTZZk3_xDd_M3UlqVLrMBjiOMoNdIGBSrRztI0aQsPwuFSu62WwdO9tg/media?maxWidthPx=400&maxHeightPx=400&key=AIzaSyCz0w_6ziQlJVYzINlEK2bj_7YAIKLtE0c"",""https://places.googleapis.com/v1/places/places/ChIJAU0GKLr_0YUR0ASiLQ62qHk/photos/AciIO2eO9VMeRzitLLcqByjD7NO2WUOF9iX35S50nPB8pvj2YvU9qIzhuOO3Um9TRQhSHKGpVLdmyXEoemlYaIxbHPn_5vy3VYszN5EMSKxI23ggVcfBUh3zd32m8pkweKZykuuz4n5qsosrXjd-ZJB-cDCNH-sJPmAtryoYf1Y36ElauCRruq7uWfTtW2PICu-kaLlUlh8NjzYaqM-zJ4BYmyQnic7HK6fHMU0oAKVc5EzZWzGJifok0jJUBlc_v5ZXjmyXF13RoVjhDcd3TZuJn9HuOmk-h7bCYG76dp5s1YZZvg/media?maxWidthPx=400&maxHeightPx=400&key=AIzaSyCz0w_6ziQlJVYzINlEK2bj_7YAIKLtE0c"",""https://places.googleapis.com/v1/places/places/ChIJAU0GKLr_0YUR0ASiLQ62qHk/photos/AciIO2edBC-lRic0RhdgPUPQICQ40VGcPfz64loDdE0W_hfz2m028yU5XwteuECbcLJokSjtmAoLRsqi4UJof999_sTtQPkyarAW_QII6-pAGv6212nDQMBtOWJrr-7HgqOn8DXrkcZlAwUP3AwxvHUCoh6y2RW0dJVbn9M6ppH0L_eUWiLtffvb-crk45WBH61qJ0_C63wjgJ_3XrU8JX6wRhaI8V1bk0jA8ePcHOoaBmT_3CB3V4OSpaQkF6rB8TUrIgXy0L-6EmjzMZPrmMan6wOpOjRRpTXuhEwPkILDffWc5LhnqJJmN5-osBawU6iztDMdsaMlmjDkCih0HiSbFtagz96Z4VSb3xyoQVj2a9UoQEaRXJBS0Cl_vAqg3mLBX4iOf5SmseplWWfsrzhyvPclACYYjBnBazIoeVrkRx7X-P0JdFZ9byD_47PTFg/media?maxWidthPx=400&maxHeightPx=400&key=AIzaSyCz0w_6ziQlJVYzINlEK2bj_7YAIKLtE0c"",""https://places.googleapis.com/v1/places/places/ChIJAU0GKLr_0YUR0ASiLQ62qHk/photos/AciIO2fN3uwtTBMkl-7mWcdCnXdEO9ffK39pDdGkoKDG0zgmjyleRt5jwLi48IjwX8iurLxow9vXgKqzr2rDEPQqXDAyTZ7p1VYitm80cY__bhL22xmX_LI7deTTorV08d1wk66X73jiExkb2EO4_xEqSHTCnLJLDBxJcBSIc0EQKtwjxbMdnLjrrYTH6oX_NVfmUOcFd62xjpS-uMJk8sl-F7w3MfCyFDfYYa1WKbv_Us_y-z46Y_rSMA9JjLkpho7mO-oUnrgQCqVxXoR7lt3g0yE9o-zAzjRvLgIlPPfzLtGP_A/media?maxWidthPx=400&maxHeightPx=400&key=AIzaSyCz0w_6ziQlJVYzINlEK2bj_7YAIKLtE0c""]",,,,85,2025-09-30T19:53:03.838Z
